﻿<?xml version='1.0' encoding='UTF-8'?>
<!-- Generated by LavishSettings v2 -->
<InnerSpaceSettings>
	<Set Name="Profiles">
		<Setting Name="DefaultProfiles">Jiimbo_DOV_Illy_Testing</Setting>
		<Set Name="Jiimbo_SF_Coercer">
			<Set Name="Settings">
				<Setting Name="checkbox_settings_forcenamedcatab">TRUE</Setting>
				<Setting Name="checkbox_settings_facenpc">TRUE</Setting>
				<Setting Name="checkbox_settings_rangedattack">FALSE</Setting>
				<Setting Name="checkbox_settings_meleeattack">TRUE</Setting>
				<Setting Name="checkbox_settings_movemelee">FALSE</Setting>
				<Setting Name="checkbox_settings_movebehind">FALSE</Setting>
				<Setting Name="checkbox_settings_turnoffattack">TRUE</Setting>
				<Setting Name="checkbox_settings_ignoretargettoattackhealthcheck">TRUE</Setting>
				<Setting Name="checkbox_settings_acceptloot">TRUE</Setting>
				<Setting Name="checkbox_settings_movetoarea">TRUE</Setting>
				<Setting Name="checkbox_settings_acceptinvites">TRUE</Setting>
				<Setting Name="checkbox_settings_doho">TRUE</Setting>
				<Setting Name="checkbox_settings_acceptres">TRUE</Setting>
				<Setting Name="checkbox_settings_mobpriestinfo">FALSE</Setting>
				<Setting Name="checkbox_settings_assist">TRUE</Setting>
				<Setting Name="checkbox_settings_autofollow">TRUE</Setting>
				<Setting Name="checkbox_settings_enableannouncetab">TRUE</Setting>
				<Setting Name="checkbox_settings_enablealiases">TRUE</Setting>
				<Setting Name="checkbox_settings_raidoptions">TRUE</Setting>
				<Setting Name="checkbox_settings_grindoptions">TRUE</Setting>
				<Setting Name="checkbox_settings_acceptdungeonfinderisready">TRUE</Setting>
				<Setting Name="checkbox_settings_enableitemsinabilitylists">TRUE</Setting>
				<Setting Name="checkbox_settings_cancelinvisaftercombat">FALSE</Setting>
				<Setting Name="checkbox_settings_enablepetsindropdowns">TRUE</Setting>
				<Setting Name="checkbox_settings_encountersmartnukes">TRUE</Setting>
				<Setting Name="checkbox_settings_aesmartnukes">TRUE</Setting>
				<Setting Name="checkbox_settings_disablecaststack_namedca">FALSE</Setting>
				<Setting Name="checkbox_settings_autospend_deitypoints">TRUE</Setting>
				<Setting Name="checkbox_settings_autocomplete_ascensioncombos">FALSE</Setting>
				<Setting Name="checkbox_settings_handle_hq_earring">TRUE</Setting>
				<Setting Name="checkbox_settings_summon_familiar">FALSE</Setting>
				<Setting Name="checkbox_settings_autospend_skipstamina">TRUE</Setting>
				<Setting Name="checkbox_settings_autospend_skippotency">TRUE</Setting>
				<Setting Name="checkbox_settings_crowdcontrol">FALSE</Setting>
				<Setting Name="checkbox_settings_ignoremovetoattackhealthcheck">TRUE</Setting>
				<Setting Name="checkbox_settings_disable_dbc_claim">TRUE</Setting>
				<Setting Name="checkbox_settings_raidoptionslimited">FALSE</Setting>
				<Setting Name="checkbox_settings_acceptnochoicerewards">TRUE</Setting>
				<Setting Name="checkbox_settings_enable_abilityrotate">TRUE</Setting>
				<Setting Name="checkbox_settings_enable_tag_embargo">TRUE</Setting>
				<Setting Name="checkbox_settings_enable_tag_allow">TRUE</Setting>
				<Setting Name="checkbox_settings_enable_itemrotate">TRUE</Setting>
				<Setting Name="checkbox_settings_accept_zonein_confirmation">TRUE</Setting>
				<Setting Name="checkbox_settings_enable_chatevents">TRUE</Setting>
				<Setting Name="checkbox_settings_enable_spawnevents">TRUE</Setting>
				<Setting Name="checkbox_settings_consumeitems">TRUE</Setting>
				<Setting Name="checkbox_settings_no_overseer">TRUE</Setting>
				<Setting Name="checkbox_settings_disablecaststack">FALSE</Setting>
				<Setting Name="checkbox_settings_ho_start">FALSE</Setting>
				<Setting Name="checkbox_settings_ho_starter">FALSE</Setting>
				<Setting Name="checkbox_settings_ho_wheel">FALSE</Setting>
				<Setting Name="checkbox_settings_ability_tracker">TRUE</Setting>
				<Setting Name="checkbox_settings_globally_mute_abilityrotation">TRUE</Setting>
				<Setting Name="checkbox_settings_disablecaststack_res">TRUE</Setting>
				<Setting Name="checkbox_settings_ho_wheel_offensive_only">FALSE</Setting>
				<Setting Name="checkbox_settings_enable_despawnevents">TRUE</Setting>
				<Setting Name="checkbox_settings_acceptraidreadychecks">TRUE</Setting>
				<Setting Name="checkbox_settings_castwhilemoving">TRUE</Setting>
				<Setting Name="checkbox_settings_enablequestcompare">TRUE</Setting>
				<Setting Name="checkbox_settings_dov_raid_debuff">TRUE</Setting>
				<Setting Name="checkbox_settings_spew_subscription_status">TRUE</Setting>
				<Setting Name="checkbox_settings_do_not_show_available_setups">TRUE</Setting>
				<Setting Name="checkbox_settings_do_not_show_revision_history">TRUE</Setting>
			</Set>
			<Set Name="Setup">
				<Setting Name="textentry_setup_percenttoattack">99</Setting>
				<Setting Name="textentry_setup_moveintoattackrangehealthpercent">99</Setting>
				<Setting Name="textentry_setup_petpercenttoattack">99</Setting>
				<Setting Name="textentry_setup_powertousecas">1</Setting>
				<Setting Name="textentry_setup_healthtousecas">1</Setting>
				<Setting Name="textentry_setup_reswaittimer">5</Setting>
				<Setting Name="textentry_setup_pbaetargets">2</Setting>
				<Setting Name="textentry_setup_encountertargets">3</Setting>
				<Setting Name="textentry_setup_moveintomeleerangemaxdistance">100</Setting>
				<Setting Name="combobox_setup_autofollowname">@Tank</Setting>
				<Setting Name="textentry_setup_autofollowmaxdistance">50</Setting>
				<Setting Name="checkbox_setup_broadcasttellstouplink">TRUE</Setting>
				<Setting Name="checkbox_setup_broadcastguildtouplink">FALSE</Setting>
			</Set>
			<Set Name="Aliases">
				<Set Name="1">
					<Setting Name="__SourceName">*link2</Setting>
					<Setting Name="For">EditMe</Setting>
				</Set>
				<Set Name="2">
					<Setting Name="__SourceName">*link2</Setting>
					<Setting Name="For">EditMe</Setting>
				</Set>
				<Set Name="3">
					<Setting Name="__SourceName">*link2</Setting>
					<Setting Name="For">EditMe</Setting>
				</Set>
				<Set Name="4">
					<Setting Name="__SourceName">*link2</Setting>
					<Setting Name="For">EditMe</Setting>
				</Set>
				<Set Name="5">
					<Setting Name="__SourceName">*Temporal</Setting>
					<Setting Name="For">EditMe</Setting>
				</Set>
				<Set Name="6">
					<Setting Name="__SourceName">*Temporal</Setting>
					<Setting Name="For">EditMe</Setting>
				</Set>
				<Set Name="7">
					<Setting Name="__SourceName">*Temporal</Setting>
					<Setting Name="For">EditMe</Setting>
				</Set>
				<Set Name="8">
					<Setting Name="__SourceName">*SeverHate</Setting>
					<Setting Name="For">EditMe</Setting>
				</Set>
				<Set Name="9">
					<Setting Name="__SourceName">*SeverHate</Setting>
					<Setting Name="For">EditMe</Setting>
				</Set>
				<Set Name="10">
					<Setting Name="__SourceName">*SeverHate</Setting>
					<Setting Name="For">EditMe</Setting>
				</Set>
				<Set Name="11">
					<Setting Name="__SourceName">*Magedps</Setting>
					<Setting Name="For">Editme</Setting>
				</Set>
			</Set>
			<Set Name="CastStack">
				<Set Name="1">
					<Setting Name="#">1</Setting>
					<Setting Name="%">100</Setting>
					<Setting Name="__SourceName">Mana Cloak</Setting>
					<Setting Name="ATag">PreCastTag</Setting>
					<Setting Name="AType">Listen Only</Setting>
					<Setting Name="Target">@DPS1</Setting>
					<Setting Name="Type">Heal</Setting>
				</Set>
				<Set Name="2">
					<Setting Name="%">100</Setting>
					<Setting Name="__SourceName">Destructive Mind</Setting>
					<Setting Name="ATag">PreCastTag</Setting>
					<Setting Name="AType">Listen Only</Setting>
					<Setting Name="Target">*MageDPS</Setting>
					<Setting Name="Type">Heal</Setting>
				</Set>
				<Set Name="3">
					<Setting Name="__SourceName">-------------------------------------------------------------------------------</Setting>
					<Setting Name="Type">Buff</Setting>
				</Set>
				<Set Name="4">
					<Setting Name="__SourceName">Cure Magic</Setting>
					<Setting Name="Target">@Healer1</Setting>
					<Setting Name="Type">Cure</Setting>
				</Set>
				<Set Name="5">
					<Setting Name="__SourceName">Cure Magic</Setting>
					<Setting Name="Target">@Group</Setting>
					<Setting Name="Type">Cure</Setting>
				</Set>
				<Set Name="6">
					<Setting Name="__Disabled">TRUE</Setting>
					<Setting Name="__SourceName">-------------------------------------------------------------------------------</Setting>
					<Setting Name="Type">Buff</Setting>
				</Set>
				<Set Name="7">
					<Setting Name="__SourceName">Breeze</Setting>
					<Setting Name="Type">NonCombatBuff</Setting>
				</Set>
				<Set Name="8">
					<Setting Name="__SourceName">Coercive Healing</Setting>
					<Setting Name="Type">NonCombatBuff</Setting>
				</Set>
				<Set Name="9">
					<Setting Name="__SourceName">Enraging Demeanor</Setting>
					<Setting Name="Target">@Tank</Setting>
					<Setting Name="Type">NonCombatBuff</Setting>
				</Set>
				<Set Name="10">
					<Setting Name="__SourceName">Empathic Aura</Setting>
					<Setting Name="Type">NonCombatBuff</Setting>
				</Set>
				<Set Name="11">
					<Setting Name="__SourceName">Magi's Shielding</Setting>
					<Setting Name="Type">NonCombatBuff</Setting>
				</Set>
				<Set Name="12">
					<Setting Name="__SourceName">Mind's Eye</Setting>
					<Setting Name="Type">NonCombatBuff</Setting>
				</Set>
				<Set Name="13">
					<Setting Name="__SourceName">Peaceful Link</Setting>
					<Setting Name="Target">@DPS1</Setting>
					<Setting Name="Type">NonCombatBuff</Setting>
				</Set>
				<Set Name="14">
					<Setting Name="__SourceName">Possess Essence</Setting>
					<Setting Name="Type">Buff</Setting>
				</Set>
				<Set Name="15">
					<Setting Name="__SourceName">Power of Mind</Setting>
					<Setting Name="Type">NonCombatBuff</Setting>
				</Set>
				<Set Name="16">
					<Setting Name="__SourceName">Signet of Intellect</Setting>
					<Setting Name="Type">NonCombatBuff</Setting>
				</Set>
				<Set Name="17">
					<Setting Name="__SourceName">Velocity</Setting>
					<Setting Name="Target">@DPS1</Setting>
					<Setting Name="Type">NonCombatBuff</Setting>
				</Set>
				<Set Name="18">
					<Setting Name="__SourceName">-------------------------------------------------------------------------------</Setting>
					<Setting Name="Type">Buff</Setting>
				</Set>
				<Set Name="19">
					<Setting Name="%">10</Setting>
					<Setting Name="__SourceName">Shift Mana</Setting>
					<Setting Name="ID">TRUE</Setting>
					<Setting Name="Type">PowerHeal</Setting>
				</Set>
				<Set Name="20">
					<Setting Name="#">1</Setting>
					<Setting Name="%">99</Setting>
					<Setting Name="__SourceName">Mana Cloak</Setting>
					<Setting Name="ID">TRUE</Setting>
					<Setting Name="Target">@Group</Setting>
					<Setting Name="Type">PowerHeal</Setting>
				</Set>
				<Set Name="21">
					<Setting Name="%">70</Setting>
					<Setting Name="__SourceName">Mana Flow</Setting>
					<Setting Name="ID">TRUE</Setting>
					<Setting Name="Target">@Group</Setting>
					<Setting Name="Type">PowerHeal</Setting>
				</Set>
				<Set Name="22">
					<Setting Name="#">2</Setting>
					<Setting Name="%">50</Setting>
					<Setting Name="__SourceName">Channel</Setting>
					<Setting Name="Target">@Group</Setting>
					<Setting Name="Type">PowerHeal</Setting>
				</Set>
				<Set Name="23">
					<Setting Name="__SourceName">Cannibalize Thoughts</Setting>
					<Setting Name="MP&lt;">80</Setting>
					<Setting Name="Type">CA</Setting>
				</Set>
				<Set Name="24">
					<Setting Name="__SourceName">Chronosiphoning</Setting>
					<Setting Name="ID">TRUE</Setting>
					<Setting Name="Type">CA</Setting>
				</Set>
				<Set Name="25">
					<Setting Name="__Disabled">TRUE</Setting>
					<Setting Name="__SourceName">-------------------------------------------------------------------------------</Setting>
					<Setting Name="Type">Buff</Setting>
				</Set>
				<Set Name="26">
					<Setting Name="__SourceName">Destructive Mind</Setting>
					<Setting Name="ID">TRUE</Setting>
					<Setting Name="Target">@Me</Setting>
					<Setting Name="Type">Combat</Setting>
				</Set>
				<Set Name="27">
					<Setting Name="__SourceName">Intellectual Remedy</Setting>
					<Setting Name="ID">TRUE</Setting>
					<Setting Name="Target">@Me</Setting>
					<Setting Name="Type">Combat</Setting>
				</Set>
				<Set Name="28">
					<Setting Name="__SourceName">Channeled Focus</Setting>
					<Setting Name="ID">TRUE</Setting>
					<Setting Name="Type">NamedCA</Setting>
				</Set>
				<Set Name="29">
					<Setting Name="__SourceName">Peace of Mind</Setting>
					<Setting Name="ID">TRUE</Setting>
					<Setting Name="Target">@Me</Setting>
					<Setting Name="Type">Combat</Setting>
				</Set>
				<Set Name="30">
					<Setting Name="__Disabled">TRUE</Setting>
					<Setting Name="__SourceName">Coercive Shout</Setting>
					<Setting Name="ID">TRUE</Setting>
					<Setting Name="Target">@Tank</Setting>
					<Setting Name="Type">Combat</Setting>
				</Set>
				<Set Name="31">
					<Setting Name="__Disabled">TRUE</Setting>
					<Setting Name="__SourceName">-------------------------------------------------------------------------------</Setting>
					<Setting Name="Type">Buff</Setting>
				</Set>
				<Set Name="32">
					<Setting Name="#">2</Setting>
					<Setting Name="__SourceName">Shock Wave</Setting>
					<Setting Name="ID">TRUE</Setting>
					<Setting Name="Type">CA</Setting>
				</Set>
				<Set Name="33">
					<Setting Name="#">2</Setting>
					<Setting Name="__SourceName">Spell Curse</Setting>
					<Setting Name="ID">TRUE</Setting>
					<Setting Name="Type">CA</Setting>
				</Set>
				<Set Name="34">
					<Setting Name="#">2</Setting>
					<Setting Name="__SourceName">Simple Minds</Setting>
					<Setting Name="ID">TRUE</Setting>
					<Setting Name="Type">CA</Setting>
				</Set>
				<Set Name="35">
					<Setting Name="#">2</Setting>
					<Setting Name="__SourceName">Ego Shock</Setting>
					<Setting Name="ID">TRUE</Setting>
					<Setting Name="Type">CA</Setting>
				</Set>
				<Set Name="36">
					<Setting Name="__Disabled">TRUE</Setting>
					<Setting Name="__SourceName">-------------------------------------------------------------------------------</Setting>
					<Setting Name="Type">Buff</Setting>
				</Set>
				<Set Name="37">
					<Setting Name="__SourceName">Nullifying Staff</Setting>
					<Setting Name="Type">NamedCA</Setting>
				</Set>
				<Set Name="38">
					<Setting Name="__SourceName">Puppetmaster</Setting>
					<Setting Name="ID">TRUE</Setting>
					<Setting Name="Type">NamedCA</Setting>
				</Set>
				<Set Name="39">
					<Setting Name="__SourceName">Obliterated Psyche</Setting>
					<Setting Name="Type">NamedCA</Setting>
				</Set>
				<Set Name="40">
					<Setting Name="__SourceName">Tashiana</Setting>
					<Setting Name="Type">NamedCA</Setting>
				</Set>
				<Set Name="41">
					<Setting Name="__SourceName">Asylum</Setting>
					<Setting Name="Type">NamedCA</Setting>
				</Set>
				<Set Name="42">
					<Setting Name="__SourceName">Spellblade's Counter</Setting>
					<Setting Name="Type">NamedCA</Setting>
				</Set>
				<Set Name="43">
					<Setting Name="__Disabled">TRUE</Setting>
					<Setting Name="__SourceName">-------------------------------------------------------------------------------</Setting>
					<Setting Name="Type">Buff</Setting>
				</Set>
				<Set Name="44">
					<Setting Name="__SourceName">Hostage</Setting>
					<Setting Name="ID">TRUE</Setting>
					<Setting Name="Type">NamedCA</Setting>
				</Set>
				<Set Name="45">
					<Setting Name="__SourceName">Brainshock</Setting>
					<Setting Name="Type">CA</Setting>
				</Set>
				<Set Name="46">
					<Setting Name="__SourceName">Arcane Bewilderment</Setting>
					<Setting Name="Type">CA</Setting>
				</Set>
				<Set Name="47">
					<Setting Name="#">1</Setting>
					<Setting Name="__SourceName">Spell Curse</Setting>
					<Setting Name="Type">CA</Setting>
				</Set>
				<Set Name="48">
					<Setting Name="#">1</Setting>
					<Setting Name="__SourceName">Shock Wave</Setting>
					<Setting Name="Type">CA</Setting>
				</Set>
				<Set Name="49">
					<Setting Name="__SourceName">Counterblade</Setting>
					<Setting Name="ID">TRUE</Setting>
					<Setting Name="Type">CA</Setting>
				</Set>
				<Set Name="50">
					<Setting Name="__SourceName">Daydream</Setting>
					<Setting Name="ID">TRUE</Setting>
					<Setting Name="Type">CA</Setting>
				</Set>
				<Set Name="51">
					<Setting Name="#">1</Setting>
					<Setting Name="__SourceName">Simple Minds</Setting>
					<Setting Name="Type">CA</Setting>
				</Set>
				<Set Name="52">
					<Setting Name="__SourceName">Silence</Setting>
					<Setting Name="Type">CA</Setting>
				</Set>
				<Set Name="53">
					<Setting Name="__SourceName">Medusa Gaze</Setting>
					<Setting Name="Type">CA</Setting>
				</Set>
				<Set Name="54">
					<Setting Name="__SourceName">Hemorrhage</Setting>
					<Setting Name="Type">CA</Setting>
				</Set>
				<Set Name="55">
					<Setting Name="#">1</Setting>
					<Setting Name="__SourceName">Ego Shock</Setting>
					<Setting Name="Type">CA</Setting>
				</Set>
				<Set Name="56">
					<Setting Name="__Disabled">TRUE</Setting>
					<Setting Name="__SourceName">-------------------------------------------------------------------------------</Setting>
					<Setting Name="Type">Buff</Setting>
				</Set>
				<Set Name="57">
					<Setting Name="__SourceName">Guild Buff</Setting>
					<Setting Name="Type">Buff</Setting>
				</Set>
				<Set Name="58">
					<Setting Name="__SourceName">Siren's Stare</Setting>
					<Setting Name="Target">@Tank</Setting>
					<Setting Name="Type">NonCombatBuff</Setting>
				</Set>
				<Set Name="59">
					<Setting Name="__SourceName">Siren's Gift</Setting>
					<Setting Name="Type">Buff</Setting>
				</Set>
				<Set Name="60">
					<Setting Name="__Disabled">TRUE</Setting>
					<Setting Name="__SourceName">-------------------------------------------------------------------------------</Setting>
					<Setting Name="Type">Buff</Setting>
				</Set>
			</Set>
			<Set Name="AbilityRotation">
				<Set Name="1">
					<Setting Name="__SourceName">Tashiana</Setting>
					<Setting Name="Dur">-18</Setting>
					<Setting Name="I">TRUE</Setting>
					<Setting Name="IRC">TRUE</Setting>
				</Set>
			</Set>
			<Set Name="Assist">
				<Set Name="1">
					<Setting Name="__SourceName">@Tank</Setting>
				</Set>
			</Set>
			<Set Name="Postcast">
				<Set Name="1">
					<Setting Name="__SourceName">Stupefy</Setting>
					<Setting Name="After">Shock Wave</Setting>
				</Set>
			</Set>
			<Set Name="Loot">
				<Setting Name="checkbox_loot_ffaaccept">TRUE</Setting>
				<Setting Name="checkbox_loot_lottodecline">TRUE</Setting>
				<Setting Name="checkbox_loot_nbgdecline">TRUE</Setting>
				<Setting Name="checkbox_loot_confirmnotrade">TRUE</Setting>
				<Setting Name="checkbox_loot_unpackwarrunes">TRUE</Setting>
				<Setting Name="checkbox_loot_unpackdraconicphylactery">TRUE</Setting>
			</Set>
			<Set Name="OSA">
				<Setting Name="slider_osa_radius">149</Setting>
				<Setting Name="textentry_osa_radius">149</Setting>
				<Setting Name="checkbox_osa_targetsonly">TRUE</Setting>
			</Set>
			<Set Name="Announce">
				<Set Name="1">
					<Setting Name="__SourceName">Channel</Setting>
					<Setting Name="Target">Group</Setting>
					<Setting Name="Txt">Casting Channel</Setting>
				</Set>
				<Set Name="2">
					<Setting Name="__SourceName">Channeled Focus</Setting>
					<Setting Name="Target">Group</Setting>
					<Setting Name="Txt">Casting Channeled Focus on *Target*</Setting>
				</Set>
				<Set Name="3">
					<Setting Name="__Disabled">TRUE</Setting>
					<Setting Name="__SourceName">Channeled Focus</Setting>
					<Setting Name="Target">Raid</Setting>
					<Setting Name="Txt">Casting Channeled Focus on *Target*</Setting>
				</Set>
				<Set Name="4">
					<Setting Name="__SourceName">Coercive Shout</Setting>
					<Setting Name="Target">Group</Setting>
					<Setting Name="Txt">Coercive Shout on *Target*</Setting>
				</Set>
				<Set Name="5">
					<Setting Name="__SourceName">Coercive Shout</Setting>
					<Setting Name="Target">Raid</Setting>
					<Setting Name="Txt">Coercive Shout on *Target*</Setting>
				</Set>
				<Set Name="6">
					<Setting Name="__Disabled">TRUE</Setting>
					<Setting Name="__SourceName">Cure Magic</Setting>
					<Setting Name="Target">Group</Setting>
					<Setting Name="Txt">Cure Magic on *Target*</Setting>
				</Set>
				<Set Name="7">
					<Setting Name="__Disabled">TRUE</Setting>
					<Setting Name="__SourceName">Intellectual Remedy</Setting>
					<Setting Name="Target">Group</Setting>
					<Setting Name="Txt">Casting IR!</Setting>
				</Set>
				<Set Name="8">
					<Setting Name="__SourceName">Intellectual Remedy</Setting>
					<Setting Name="Target">Raid</Setting>
					<Setting Name="Txt">Casting IR!</Setting>
				</Set>
				<Set Name="9">
					<Setting Name="__SourceName">Mana Flow</Setting>
					<Setting Name="Target">Group</Setting>
					<Setting Name="Txt">Mana Flow on *Target*</Setting>
				</Set>
				<Set Name="10">
					<Setting Name="__SourceName">Mana Flow</Setting>
					<Setting Name="Target">Raid</Setting>
					<Setting Name="Txt">Mana Flow on *Target*</Setting>
				</Set>
				<Set Name="11">
					<Setting Name="__SourceName">Peace of Mind</Setting>
					<Setting Name="Target">Group</Setting>
					<Setting Name="Txt">+ Peace of Mind</Setting>
				</Set>
				<Set Name="12">
					<Setting Name="__Disabled">TRUE</Setting>
					<Setting Name="__SourceName">Sever Hate</Setting>
					<Setting Name="Target">Group</Setting>
					<Setting Name="Txt">+ Sever Hate on *Target*</Setting>
				</Set>
				<Set Name="13">
					<Setting Name="__SourceName">Absorb Magic</Setting>
					<Setting Name="Target">Raid</Setting>
					<Setting Name="Txt">Casting Absorb Magic</Setting>
				</Set>
				<Set Name="14">
					<Setting Name="__SourceName">Absorb Magic</Setting>
					<Setting Name="Target">Group</Setting>
					<Setting Name="Txt">Casting Absorb Magic</Setting>
				</Set>
			</Set>
			<Set Name="Other">
				<Setting Name="checkbox_other_requestconfrontfearviauplink">TRUE</Setting>
			</Set>
			<Set Name="Debug">
				<Setting Name="checkbox_debug_casting">FALSE</Setting>
			</Set>
			<Set Name="Crowd_Control">
				<Set Name="1">
					<Setting Name="__SourceName">Mesmerize</Setting>
				</Set>
				<Set Name="2">
					<Setting Name="__SourceName">Pure Awe</Setting>
				</Set>
				<Set Name="3">
					<Setting Name="__SourceName">Forced Hesitation</Setting>
				</Set>
			</Set>
			<Set Name="AutoTarget">
				<Setting Name="slider_autotarget_scanradius">15</Setting>
				<Setting Name="checkbox_autotarget_enabled">FALSE</Setting>
				<Setting Name="slider_autotarget_rescantime">1</Setting>
				<Setting Name="slider_autotarget_scanheight">50</Setting>
			</Set>
			<Set Name="Load">
				<Setting Name="checkbox_load_ogreircuplink">FALSE</Setting>
				<Setting Name="checkbox_load_radaroff">FALSE</Setting>
				<Setting Name="checkbox_load_ogreirc">TRUE</Setting>
				<Setting Name="checkbox_load_radaron">FALSE</Setting>
			</Set>
			<Set Name="LoadExecute">
				<Set Name="1">
					<Setting Name="__SourceName">eq2execute ics_playercombatautoface 0</Setting>
				</Set>
			</Set>
			<Set Name="EquipmentInfo">
				<Setting Name="combobox_equipmentinfo_charmoption1">Item:Sigil of the War Prince</Setting>
				<Setting Name="combobox_equipmentinfo_charmoption2">Item:The Polliwog Eye</Setting>
			</Set>
			<Set Name="OgreConsole">
				<Setting Name="textentry_ogreconsole_x">483</Setting>
				<Setting Name="textentry_ogreconsole_y">851</Setting>
				<Setting Name="textentry_ogreconsole_width">632</Setting>
				<Setting Name="textentry_ogreconsole_height">177</Setting>
			</Set>
			<Set Name="Ascension">
				<Setting Name="checkbox_ascension_etherflash_preventport">TRUE</Setting>
			</Set>
			<Set Name="Coercer">
				<Setting Name="textentry_coercer_irrotationtext">Intellectual Remedy</Setting>
				<Setting Name="checkbox_coercer_pe_castoutsideofinstances">TRUE</Setting>
			</Set>
			<Set Name="Items">
				<Set Name="1">
					<Setting Name="__SourceName">Abyssal Arcane Remedy</Setting>
				</Set>
				<Set Name="2">
					<Setting Name="__SourceName">Abyssal Elemental Remedy</Setting>
				</Set>
				<Set Name="3">
					<Setting Name="__SourceName">Ashenfell Stone of Power</Setting>
				</Set>
				<Set Name="4">
					<Setting Name="__SourceName">Darkened Core</Setting>
				</Set>
				<Set Name="5">
					<Setting Name="__SourceName">Fabled Ankh of Ydal</Setting>
				</Set>
				<Set Name="6">
					<Setting Name="__SourceName">Gnomish Energy Fuel</Setting>
				</Set>
				<Set Name="7">
					<Setting Name="__SourceName">Prismatic Key</Setting>
				</Set>
				<Set Name="8">
					<Setting Name="__SourceName">Sath'Oprusk Fang</Setting>
				</Set>
				<Set Name="9">
					<Setting Name="__SourceName">Sigil of the War Prince</Setting>
				</Set>
				<Set Name="10">
					<Setting Name="__SourceName">Slaver's Rites</Setting>
				</Set>
				<Set Name="11">
					<Setting Name="__SourceName">The Polliwog Eye</Setting>
				</Set>
				<Set Name="12">
					<Setting Name="__SourceName">Unstable Core</Setting>
				</Set>
			</Set>
			<Set Name="Overseer">
				<Setting Name="checkbox_overseer_threaded">TRUE</Setting>
			</Set>
			<Set Name="Tags_AddNew">
				<Set Name="1">
					<Setting Name="__SourceName">PreCastTag</Setting>
				</Set>
				<Set Name="2">
					<Setting Name="__SourceName">SquadAllow</Setting>
				</Set>
			</Set>
			<Set Name="Tags">
				<Set Name="1">
					<Setting Name="__SourceName">PreCastTag</Setting>
					<Setting Name="Dur">10</Setting>
					<Setting Name="IRC">TRUE</Setting>
				</Set>
				<Set Name="2">
					<Setting Name="__SourceName">SquadAllow</Setting>
					<Setting Name="Dur">12</Setting>
				</Set>
			</Set>
			<Set Name="AbilityTracker">
				<Set Name="1">
					<Setting Name="__SourceName">Absorb Magic</Setting>
				</Set>
				<Set Name="2">
					<Setting Name="__SourceName">Channel</Setting>
				</Set>
				<Set Name="3">
					<Setting Name="__SourceName">Mana Flow</Setting>
				</Set>
				<Set Name="4">
					<Setting Name="__SourceName">Amnesia</Setting>
				</Set>
				<Set Name="5">
					<Setting Name="__SourceName">Channeled Focus</Setting>
				</Set>
				<Set Name="6">
					<Setting Name="__SourceName">Coercive Shout</Setting>
				</Set>
			</Set>
			<Set Name="HOExcludes">
				<Set Name="1">
					<Setting Name="__SourceName">Posess Essence</Setting>
				</Set>
			</Set>
		</Set>
		<Set Name="Jiimbo_DOV_Illy_Testing">
			<Set Name="Settings">
				<Setting Name="checkbox_settings_buffs">FALSE</Setting>
				<Setting Name="checkbox_settings_combatarts">FALSE</Setting>
				<Setting Name="checkbox_settings_namedcombatarts">FALSE</Setting>
				<Setting Name="checkbox_settings_rangedattack">FALSE</Setting>
				<Setting Name="checkbox_settings_autoattacktiming">FALSE</Setting>
				<Setting Name="checkbox_settings_meleeattack">TRUE</Setting>
				<Setting Name="checkbox_settings_ignoretargettoattackhealthcheck">TRUE</Setting>
				<Setting Name="checkbox_settings_loot">FALSE</Setting>
				<Setting Name="checkbox_settings_acceptloot">TRUE</Setting>
				<Setting Name="checkbox_settings_acceptres">TRUE</Setting>
				<Setting Name="checkbox_settings_prioritytab">FALSE</Setting>
				<Setting Name="checkbox_settings_acceptinvites">TRUE</Setting>
				<Setting Name="checkbox_settings_enablealiases">TRUE</Setting>
				<Setting Name="checkbox_settings_enableogremcp">FALSE</Setting>
				<Setting Name="checkbox_settings_enableonscreenassistant">FALSE</Setting>
				<Setting Name="checkbox_settings_enableannouncetab">TRUE</Setting>
				<Setting Name="checkbox_settings_raidoptions">TRUE</Setting>
				<Setting Name="checkbox_settings_grindoptions">TRUE</Setting>
				<Setting Name="checkbox_settings_encountersmartnukes">TRUE</Setting>
				<Setting Name="checkbox_settings_aesmartnukes">TRUE</Setting>
				<Setting Name="checkbox_settings_autotargetwhenhated">TRUE</Setting>
				<Setting Name="checkbox_settings_res">FALSE</Setting>
				<Setting Name="checkbox_settings_dopowerheals">TRUE</Setting>
				<Setting Name="checkbox_settings_assist">TRUE</Setting>
				<Setting Name="checkbox_settings_autofollow">FALSE</Setting>
				<Setting Name="checkbox_settings_chaintab">TRUE</Setting>
				<Setting Name="checkbox_settings_movetoarea">TRUE</Setting>
				<Setting Name="checkbox_settings_doho">TRUE</Setting>
				<Setting Name="checkbox_settings_facenpc">TRUE</Setting>
				<Setting Name="checkbox_settings_turnoffattack">TRUE</Setting>
				<Setting Name="checkbox_settings_acceptdungeonfinderisready">TRUE</Setting>
				<Setting Name="checkbox_settings_acceptraidreadychecks">TRUE</Setting>
				<Setting Name="checkbox_settings_mobpriestinfo">FALSE</Setting>
				<Setting Name="checkbox_settings_movebehind">FALSE</Setting>
				<Setting Name="checkbox_settings_moveinfront">FALSE</Setting>
				<Setting Name="checkbox_settings_forcenamedcatab">TRUE</Setting>
				<Setting Name="checkbox_settings_autospend_deitypoints">TRUE</Setting>
				<Setting Name="checkbox_settings_ignoremovetoattackhealthcheck">FALSE</Setting>
				<Setting Name="checkbox_settings_enablepetsindropdowns">TRUE</Setting>
				<Setting Name="checkbox_settings_autospend_skipcb">FALSE</Setting>
				<Setting Name="checkbox_settings_autospend_skipstamina">TRUE</Setting>
				<Setting Name="checkbox_settings_disableabilitycollisionchecks">TRUE</Setting>
				<Setting Name="checkbox_settings_show_deitypoints_spent">FALSE</Setting>
				<Setting Name="checkbox_settings_autocomplete_ascensioncombos">TRUE</Setting>
				<Setting Name="checkbox_settings_autoshare_missions">TRUE</Setting>
				<Setting Name="checkbox_settings_display_ethereal_mission_info">TRUE</Setting>
				<Setting Name="checkbox_settings_handle_hq_earring">TRUE</Setting>
				<Setting Name="checkbox_settings_summon_familiar">FALSE</Setting>
				<Setting Name="checkbox_settings_autospend_skippotency">TRUE</Setting>
				<Setting Name="checkbox_settings_crowdcontrol">FALSE</Setting>
				<Setting Name="checkbox_settings_movemelee">FALSE</Setting>
				<Setting Name="checkbox_settings_acceptnochoicerewards">TRUE</Setting>
				<Setting Name="checkbox_settings_disablecaststack_combat">FALSE</Setting>
				<Setting Name="checkbox_settings_disablecaststack_ca">FALSE</Setting>
				<Setting Name="checkbox_settings_disablecaststack_namedca">FALSE</Setting>
				<Setting Name="checkbox_settings_disablecaststack_nonnamedca">FALSE</Setting>
				<Setting Name="checkbox_settings_disablecaststack_debuff">FALSE</Setting>
				<Setting Name="checkbox_settings_disablecaststack_nameddebuff">FALSE</Setting>
				<Setting Name="checkbox_settings_no_overseer">TRUE</Setting>
				<Setting Name="checkbox_settings_noinviscasting">TRUE</Setting>
				<Setting Name="checkbox_settings_cancelinvisaftercombat">FALSE</Setting>
				<Setting Name="checkbox_settings_enablepvp">FALSE</Setting>
				<Setting Name="checkbox_settings_globally_mute_abilityrotation">TRUE</Setting>
				<Setting Name="checkbox_settings_enable_abilityrotate">TRUE</Setting>
				<Setting Name="checkbox_settings_enable_tag_embargo">TRUE</Setting>
				<Setting Name="checkbox_settings_enable_tag_allow">TRUE</Setting>
				<Setting Name="checkbox_settings_enable_itemrotate">TRUE</Setting>
				<Setting Name="checkbox_settings_ability_tracker">TRUE</Setting>
				<Setting Name="checkbox_settings_consumeitems">TRUE</Setting>
				<Setting Name="checkbox_settings_disable_dbc_claim">TRUE</Setting>
				<Setting Name="checkbox_settings_npc_cast_monitoring">TRUE</Setting>
				<Setting Name="checkbox_settings_enable_chatevents">TRUE</Setting>
				<Setting Name="checkbox_settings_enable_spawnevents">TRUE</Setting>
				<Setting Name="checkbox_settings_enable_despawnevents">TRUE</Setting>
				<Setting Name="checkbox_settings_disablemercsupport">TRUE</Setting>
				<Setting Name="checkbox_settings_castwhilemoving">TRUE</Setting>
				<Setting Name="checkbox_settings_dov_raid_debuff">TRUE</Setting>
				<Setting Name="checkbox_settings_disablecaststack_res">FALSE</Setting>
				<Setting Name="checkbox_settings_accept_zonein_confirmation">TRUE</Setting>
				<Setting Name="checkbox_settings_disablecaststack">FALSE</Setting>
				<Setting Name="checkbox_settings_do_not_auto_level_mercenary">TRUE</Setting>
				<Setting Name="checkbox_settings_enablequestcompare">FALSE</Setting>
				<Setting Name="checkbox_settings_ho_change_target">TRUE</Setting>
				<Setting Name="checkbox_settings_ho_allow_unknown_target">TRUE</Setting>
				<Setting Name="checkbox_settings_use_reduced_stun_checks">FALSE</Setting>
				<Setting Name="checkbox_settings_allow_specials_to_be_targets">TRUE</Setting>
				<Setting Name="checkbox_settings_spew_subscription_status">TRUE</Setting>
			</Set>
			<Set Name="Setup">
				<Setting Name="textentry_setup_percenttoattack">99</Setting>
				<Setting Name="textentry_setup_moveintoattackrangehealthpercent">99</Setting>
				<Setting Name="textentry_setup_petpercenttoattack">99</Setting>
				<Setting Name="textentry_setup_powertousecas">5</Setting>
				<Setting Name="textentry_setup_healthtousecas">1</Setting>
				<Setting Name="textentry_setup_percenttousemanastone">10</Setting>
				<Setting Name="textentry_setup_percenttouseshards">10</Setting>
				<Setting Name="textentry_setup_reswaittimer">2</Setting>
				<Setting Name="checkbox_setup_broadcasttellstouplink">TRUE</Setting>
				<Setting Name="checkbox_setup_receivetellsfromuplink">TRUE</Setting>
				<Setting Name="combobox_setup_autofollowname">@Tank</Setting>
				<Setting Name="textentry_setup_moveintomeleerangemaxdistance">40</Setting>
				<Setting Name="textentry_setup_autofollowmaxdistance">40</Setting>
				<Setting Name="textentry_setup_spellrangeextender" />
				<Setting Name="textentry_setup_pbaetargets">3</Setting>
				<Setting Name="textentry_setup_encountertargets">3</Setting>
				<Setting Name="checkbox_setup_broadcastguildtouplink">TRUE</Setting>
				<Setting Name="checkbox_setup_playsoundonreceivetellsfromuplink">FALSE</Setting>
			</Set>
			<Set Name="CastStack">
				<Set Name="1">
					<Setting Name="__SourceName">Time Warp</Setting>
					<Setting Name="ATag">TW</Setting>
					<Setting Name="AType">Listen Only</Setting>
					<Setting Name="ID">TRUE</Setting>
					<Setting Name="Target">@Me</Setting>
					<Setting Name="Type">Combat</Setting>
				</Set>
				<Set Name="2">
					<Setting Name="__SourceName">Illusionary Instigation</Setting>
					<Setting Name="ID">TRUE</Setting>
					<Setting Name="Target">@DPS1</Setting>
					<Setting Name="Type">Combat</Setting>
				</Set>
				<Set Name="3">
					<Setting Name="__SourceName">Channeled Focus</Setting>
					<Setting Name="ATag">TW</Setting>
					<Setting Name="AType">Listen Only</Setting>
					<Setting Name="ID">TRUE</Setting>
					<Setting Name="Target">@Me</Setting>
					<Setting Name="Type">Combat</Setting>
				</Set>
				<Set Name="4">
					<Setting Name="__SourceName">Peace of Mind</Setting>
					<Setting Name="ID">TRUE</Setting>
					<Setting Name="Target">@Me</Setting>
					<Setting Name="Type">Combat</Setting>
				</Set>
				<Set Name="5">
					<Setting Name="__SourceName">Aneurysm</Setting>
					<Setting Name="ATag">TW</Setting>
					<Setting Name="AType">Trigger Only</Setting>
					<Setting Name="ID">TRUE</Setting>
					<Setting Name="Type">CA</Setting>
				</Set>
				<Set Name="6">
					<Setting Name="__Disabled">TRUE</Setting>
					<Setting Name="__SourceName">-------------------------------------------------------------------------------</Setting>
					<Setting Name="Type">Buff</Setting>
				</Set>
				<Set Name="7">
					<Setting Name="__SourceName">Flash of Brilliance</Setting>
					<Setting Name="ID">TRUE</Setting>
					<Setting Name="Target">@Me</Setting>
					<Setting Name="Type">Combat</Setting>
				</Set>
				<Set Name="8">
					<Setting Name="__SourceName">Doppelganger</Setting>
					<Setting Name="ATag">TW</Setting>
					<Setting Name="AType">Listen Only</Setting>
					<Setting Name="ID">TRUE</Setting>
					<Setting Name="Target">@Me</Setting>
					<Setting Name="Type">Combat</Setting>
				</Set>
				<Set Name="9">
					<Setting Name="%">100</Setting>
					<Setting Name="__Disabled">TRUE</Setting>
					<Setting Name="__SourceName">Mana Flow</Setting>
					<Setting Name="ATag">Manaburn</Setting>
					<Setting Name="AType">Listen Only</Setting>
					<Setting Name="ID">TRUE</Setting>
					<Setting Name="Target">Antimodex</Setting>
					<Setting Name="Type">PowerHeal</Setting>
				</Set>
				<Set Name="10">
					<Setting Name="#">1</Setting>
					<Setting Name="%">50</Setting>
					<Setting Name="__Disabled">TRUE</Setting>
					<Setting Name="__SourceName">Savante</Setting>
					<Setting Name="ETag">Manaburn</Setting>
					<Setting Name="Target">@Group</Setting>
					<Setting Name="Type">PowerHeal</Setting>
				</Set>
				<Set Name="11">
					<Setting Name="__Disabled">TRUE</Setting>
					<Setting Name="__SourceName">-------------------------------------------------------------------------------</Setting>
					<Setting Name="ETag">Plague</Setting>
					<Setting Name="EType">Listen Only</Setting>
					<Setting Name="Type">Buff</Setting>
				</Set>
				<Set Name="12">
					<Setting Name="__SourceName">Nullifying Staff</Setting>
					<Setting Name="ETag">TW</Setting>
					<Setting Name="EType">Listen Only</Setting>
					<Setting Name="Type">NamedCA</Setting>
				</Set>
				<Set Name="13">
					<Setting Name="__Disabled">TRUE</Setting>
					<Setting Name="__SourceName">-------------------------------------------------------------------------------</Setting>
					<Setting Name="Type">Buff</Setting>
				</Set>
				<Set Name="14">
					<Setting Name="__SourceName">Prismatic Chaos</Setting>
					<Setting Name="Target">@Me</Setting>
					<Setting Name="Type">Combat</Setting>
				</Set>
				<Set Name="15">
					<Setting Name="__SourceName">Prismatic Chaos</Setting>
					<Setting Name="Target">@DPS1</Setting>
					<Setting Name="Type">Combat</Setting>
				</Set>
				<Set Name="16">
					<Setting Name="__SourceName">Illusionary Instigation</Setting>
					<Setting Name="ATag">PreCastTag</Setting>
					<Setting Name="AType">Listen Only</Setting>
					<Setting Name="ID">TRUE</Setting>
					<Setting Name="Target">@DPS1</Setting>
					<Setting Name="Type">Combat</Setting>
				</Set>
				<Set Name="17">
					<Setting Name="__SourceName">Cure Magic</Setting>
					<Setting Name="Target">@Healer1</Setting>
					<Setting Name="Type">Cure</Setting>
				</Set>
				<Set Name="18">
					<Setting Name="__SourceName">Cure Magic</Setting>
					<Setting Name="Target">@Group</Setting>
					<Setting Name="Type">Cure</Setting>
				</Set>
				<Set Name="19">
					<Setting Name="__SourceName">-------------------------------------------------------------------------------</Setting>
					<Setting Name="Type">Buff</Setting>
				</Set>
				<Set Name="20">
					<Setting Name="__SourceName">Spellshield</Setting>
					<Setting Name="ATag">PreCastTag</Setting>
					<Setting Name="AType">Listen Only</Setting>
					<Setting Name="Target">@Tank</Setting>
					<Setting Name="Type">Buff</Setting>
				</Set>
				<Set Name="21">
					<Setting Name="#">11</Setting>
					<Setting Name="%">100</Setting>
					<Setting Name="__SourceName">Flash of Brilliance</Setting>
					<Setting Name="ATag">PreCastTag</Setting>
					<Setting Name="AType">Listen Only</Setting>
					<Setting Name="ID">TRUE</Setting>
					<Setting Name="Target">@DPS1</Setting>
					<Setting Name="Type">Heal</Setting>
				</Set>
				<Set Name="22">
					<Setting Name="%">100</Setting>
					<Setting Name="__SourceName">Prismatic Chaos</Setting>
					<Setting Name="ATag">PreCastTag</Setting>
					<Setting Name="AType">Listen Only</Setting>
					<Setting Name="ID">TRUE</Setting>
					<Setting Name="Target">@DPS1</Setting>
					<Setting Name="Type">Heal</Setting>
				</Set>
				<Set Name="23">
					<Setting Name="%">100</Setting>
					<Setting Name="__SourceName">Illusionary Instigation</Setting>
					<Setting Name="ATag">PreCastTag</Setting>
					<Setting Name="AType">Listen Only</Setting>
					<Setting Name="ID">TRUE</Setting>
					<Setting Name="Target">@DPS1</Setting>
					<Setting Name="Type">Heal</Setting>
				</Set>
				<Set Name="24">
					<Setting Name="__SourceName">-------------------------------------------------------------------------------</Setting>
					<Setting Name="Type">Buff</Setting>
				</Set>
				<Set Name="25">
					<Setting Name="#">1</Setting>
					<Setting Name="__SourceName">Manatap</Setting>
					<Setting Name="ID">TRUE</Setting>
					<Setting Name="MP&lt;">90</Setting>
					<Setting Name="Type">CA</Setting>
				</Set>
				<Set Name="26">
					<Setting Name="#">1</Setting>
					<Setting Name="%">20</Setting>
					<Setting Name="__SourceName">Manasoul</Setting>
					<Setting Name="ID">TRUE</Setting>
					<Setting Name="Target">@Group</Setting>
					<Setting Name="Type">PowerHeal</Setting>
				</Set>
				<Set Name="27">
					<Setting Name="%">30</Setting>
					<Setting Name="__SourceName">Mana Flow</Setting>
					<Setting Name="Target">@Tank</Setting>
					<Setting Name="Type">PowerHeal</Setting>
				</Set>
				<Set Name="28">
					<Setting Name="%">70</Setting>
					<Setting Name="__SourceName">Mana Flow</Setting>
					<Setting Name="Target">@Healer2</Setting>
					<Setting Name="Type">PowerHeal</Setting>
				</Set>
				<Set Name="29">
					<Setting Name="%">70</Setting>
					<Setting Name="__SourceName">Mana Flow</Setting>
					<Setting Name="Target">@healer1</Setting>
					<Setting Name="Type">PowerHeal</Setting>
				</Set>
				<Set Name="30">
					<Setting Name="%">60</Setting>
					<Setting Name="__SourceName">Mana Flow</Setting>
					<Setting Name="ID">TRUE</Setting>
					<Setting Name="Target">@Group</Setting>
					<Setting Name="Type">PowerHeal</Setting>
				</Set>
				<Set Name="31">
					<Setting Name="%">40</Setting>
					<Setting Name="__SourceName">Mana Flow</Setting>
					<Setting Name="Target">@Raid</Setting>
					<Setting Name="Type">PowerHeal</Setting>
				</Set>
				<Set Name="32">
					<Setting Name="%">50</Setting>
					<Setting Name="__SourceName">Extract Mana</Setting>
					<Setting Name="Type">PowerHeal</Setting>
				</Set>
				<Set Name="33">
					<Setting Name="#">2</Setting>
					<Setting Name="%">50</Setting>
					<Setting Name="__SourceName">Mana Cloak</Setting>
					<Setting Name="Target">@Group</Setting>
					<Setting Name="Type">PowerHeal</Setting>
				</Set>
				<Set Name="34">
					<Setting Name="__Disabled">TRUE</Setting>
					<Setting Name="__SourceName">-------------------------------------------------------------------------------</Setting>
					<Setting Name="Type">Buff</Setting>
				</Set>
				<Set Name="35">
					<Setting Name="#">2</Setting>
					<Setting Name="__SourceName">Chromatic Storm</Setting>
					<Setting Name="Type">CA</Setting>
				</Set>
				<Set Name="36">
					<Setting Name="#">2</Setting>
					<Setting Name="__SourceName">Chromatic Shower</Setting>
					<Setting Name="ID">TRUE</Setting>
					<Setting Name="Type">CA</Setting>
				</Set>
				<Set Name="37">
					<Setting Name="__SourceName">Counterblade</Setting>
					<Setting Name="ID">TRUE</Setting>
					<Setting Name="Type">NamedCA</Setting>
				</Set>
				<Set Name="38">
					<Setting Name="__Disabled">TRUE</Setting>
					<Setting Name="__SourceName">-------------------------------------------------------------------------------</Setting>
					<Setting Name="Type">Buff</Setting>
				</Set>
				<Set Name="39">
					<Setting Name="__SourceName">Chronosiphoning</Setting>
					<Setting Name="ID">TRUE</Setting>
					<Setting Name="Type">CA</Setting>
				</Set>
				<Set Name="40">
					<Setting Name="__SourceName">Psychic Trauma</Setting>
					<Setting Name="ID">TRUE</Setting>
					<Setting Name="Type">NamedCA</Setting>
				</Set>
				<Set Name="41">
					<Setting Name="__SourceName">Theorems</Setting>
					<Setting Name="ID">TRUE</Setting>
					<Setting Name="Type">CA</Setting>
				</Set>
				<Set Name="42">
					<Setting Name="__SourceName">Brainburst</Setting>
					<Setting Name="ID">TRUE</Setting>
					<Setting Name="Type">CA</Setting>
				</Set>
				<Set Name="43">
					<Setting Name="__SourceName">Nightmare</Setting>
					<Setting Name="ID">TRUE</Setting>
					<Setting Name="Type">CA</Setting>
				</Set>
				<Set Name="44">
					<Setting Name="#">1</Setting>
					<Setting Name="__SourceName">Chromatic Shower</Setting>
					<Setting Name="ID">TRUE</Setting>
					<Setting Name="Type">CA</Setting>
				</Set>
				<Set Name="45">
					<Setting Name="__SourceName">Spellblade's Counter</Setting>
					<Setting Name="Type">CA</Setting>
				</Set>
				<Set Name="46">
					<Setting Name="__SourceName">Paranoia</Setting>
					<Setting Name="Type">CA</Setting>
				</Set>
				<Set Name="47">
					<Setting Name="__SourceName">Arcane Bewilderment</Setting>
					<Setting Name="Type">CA</Setting>
				</Set>
				<Set Name="48">
					<Setting Name="__SourceName">Ultraviolet Beam</Setting>
					<Setting Name="ATag">TW</Setting>
					<Setting Name="Type">CA</Setting>
				</Set>
				<Set Name="49">
					<Setting Name="__SourceName">Speechless</Setting>
					<Setting Name="Type">CA</Setting>
				</Set>
				<Set Name="50">
					<Setting Name="__SourceName">Entrance</Setting>
					<Setting Name="ID">TRUE</Setting>
					<Setting Name="Type">CA</Setting>
				</Set>
				<Set Name="51">
					<Setting Name="__Disabled">TRUE</Setting>
					<Setting Name="__SourceName">-------------------------------------------------------------------------------</Setting>
					<Setting Name="Type">Buff</Setting>
				</Set>
				<Set Name="52">
					<Setting Name="__SourceName">Aspect of Genius</Setting>
					<Setting Name="Type">NonCombatBuff</Setting>
				</Set>
				<Set Name="53">
					<Setting Name="__SourceName">Arms of Imagination</Setting>
					<Setting Name="Target">@DPS1</Setting>
					<Setting Name="Type">Buff</Setting>
				</Set>
				<Set Name="54">
					<Setting Name="__SourceName">Empathic Aura</Setting>
					<Setting Name="Type">Buff</Setting>
				</Set>
				<Set Name="55">
					<Setting Name="__SourceName">Epiphany</Setting>
					<Setting Name="Type">Buff</Setting>
				</Set>
				<Set Name="56">
					<Setting Name="__SourceName">Magi's Shielding</Setting>
					<Setting Name="Type">NonCombatBuff</Setting>
				</Set>
				<Set Name="57">
					<Setting Name="__SourceName">Guild Buff</Setting>
					<Setting Name="Type">Buff</Setting>
				</Set>
				<Set Name="58">
					<Setting Name="__SourceName">Personae Reflection</Setting>
					<Setting Name="Type">Buff</Setting>
				</Set>
				<Set Name="59">
					<Setting Name="__SourceName">Rapidity</Setting>
					<Setting Name="Type">Buff</Setting>
				</Set>
				<Set Name="60">
					<Setting Name="__SourceName">Rune of Thought</Setting>
					<Setting Name="Type">Buff</Setting>
				</Set>
				<Set Name="61">
					<Setting Name="__SourceName">Time Compression</Setting>
					<Setting Name="Target">@Healer1</Setting>
					<Setting Name="Type">Buff</Setting>
				</Set>
				<Set Name="62">
					<Setting Name="__SourceName">Shrink Servant</Setting>
					<Setting Name="Type">NonCombatBuff</Setting>
				</Set>
				<Set Name="63">
					<Setting Name="__SourceName">Synergism</Setting>
					<Setting Name="Target">@DPS1</Setting>
					<Setting Name="Type">Buff</Setting>
				</Set>
				<Set Name="64">
					<Setting Name="__SourceName">Synergism</Setting>
					<Setting Name="Target">@Me</Setting>
					<Setting Name="Type">NonCombatBuff</Setting>
				</Set>
				<Set Name="65">
					<Setting Name="__SourceName">See Invisibility</Setting>
					<Setting Name="Target">@Group</Setting>
					<Setting Name="Type">NonCombatBuff</Setting>
				</Set>
				<Set Name="66">
					<Setting Name="__SourceName">Mirage Mastery</Setting>
					<Setting Name="Type">Buff</Setting>
				</Set>
				<Set Name="67">
					<Setting Name="__SourceName">Mind over Matter</Setting>
					<Setting Name="Type">Buff</Setting>
				</Set>
				<Set Name="68">
					<Setting Name="__SourceName">Synergism</Setting>
					<Setting Name="Target">@Me</Setting>
					<Setting Name="Type">Buff</Setting>
				</Set>
				<Set Name="69">
					<Setting Name="__SourceName">Illusory Arm</Setting>
					<Setting Name="Target">@Healer2</Setting>
					<Setting Name="Type">Buff</Setting>
				</Set>
				<Set Name="70">
					<Setting Name="__SourceName">Enchanted Vigor</Setting>
					<Setting Name="Target">@DPS1</Setting>
					<Setting Name="Type">Buff</Setting>
				</Set>
			</Set>
			<Set Name="AbilityRotation">
				<Set Name="1">
					<Setting Name="__SourceName">Aneurysm</Setting>
					<Setting Name="Dur">91</Setting>
					<Setting Name="Me">TRUE</Setting>
				</Set>
			</Set>
			<Set Name="Assist">
				<Set Name="1">
					<Setting Name="__SourceName">@Tank</Setting>
				</Set>
			</Set>
			<Set Name="Postcast">
				<Set Name="1">
					<Setting Name="__SourceName">Time Warp</Setting>
					<Setting Name="After">Aneurysm</Setting>
				</Set>
			</Set>
			<Set Name="Loot">
				<Setting Name="checkbox_loot_ffaaccept">TRUE</Setting>
				<Setting Name="checkbox_loot_confirmnotrade">TRUE</Setting>
				<Setting Name="checkbox_loot_unpackwarrunes">TRUE</Setting>
				<Setting Name="checkbox_loot_unpackdraconicphylactery">TRUE</Setting>
				<Setting Name="checkbox_loot_splitcoin">TRUE</Setting>
				<Setting Name="checkbox_loot_splitcoin1pp">TRUE</Setting>
				<Setting Name="checkbox_loot_lottoaccept">TRUE</Setting>
				<Setting Name="checkbox_loot_nbggreed">TRUE</Setting>
				<Setting Name="checkbox_loot_lo_enable">NULL</Setting>
				<Setting Name="checkbox_loot_lo_adepts">NULL</Setting>
				<Setting Name="checkbox_loot_lo_masters">NULL</Setting>
				<Setting Name="checkbox_loot_lo_ancients">NULL</Setting>
				<Setting Name="checkbox_loot_lo_loottradables">NULL</Setting>
				<Setting Name="checkbox_loot_lo_looteverything">NULL</Setting>
				<Setting Name="checkbox_loot_lo_illegiblescrolls">NULL</Setting>
			</Set>
			<Set Name="OSA">
				<Setting Name="slider_osa_radius">149</Setting>
				<Setting Name="textentry_osa_radius">149</Setting>
				<Setting Name="checkbox_osa_targetsonly">TRUE</Setting>
			</Set>
			<Set Name="Announce">
				<Set Name="1">
					<Setting Name="__SourceName">Time Warp</Setting>
					<Setting Name="Target">Group</Setting>
					<Setting Name="Txt">TIME WARP 5s</Setting>
				</Set>
				<Set Name="2">
					<Setting Name="__SourceName">Mana Flow</Setting>
					<Setting Name="Target">Group</Setting>
					<Setting Name="Txt">*Ability* on *Target*</Setting>
				</Set>
				<Set Name="3">
					<Setting Name="__SourceName">Mana Flow</Setting>
					<Setting Name="Target">Raid</Setting>
					<Setting Name="Txt">*Ability* on *Target*</Setting>
				</Set>
			</Set>
			<Set Name="Other">
				<Setting Name="combobox_other_curabledisable">NULL</Setting>
				<Setting Name="checkbox_other_curabledisable">FALSE</Setting>
				<Setting Name="checkbox_other_requestconfrontfearviauplink">FALSE</Setting>
				<Setting Name="checkbox_other_requestconfrontfearviagroup">FALSE</Setting>
				<Setting Name="checkbox_other_requestconfrontfearviaraid">FALSE</Setting>
				<Setting Name="textentry_other_requestconfrontfearviagroup">sick</Setting>
				<Setting Name="textentry_other_requestconfrontfearviaraid">Need a confront fear</Setting>
			</Set>
			<Set Name="Debug">
				<Setting Name="checkbox_debug_casting">FALSE</Setting>
				<Setting Name="checkbox_debug_castingdetails">FALSE</Setting>
				<Setting Name="checkbox_debug_whatisthebotdoing">FALSE</Setting>
				<Setting Name="checkbox_debug_announce">FALSE</Setting>
			</Set>
			<Set Name="Crowd_Control">
				<Set Name="1">
					<Setting Name="__SourceName">Regalia</Setting>
				</Set>
				<Set Name="2">
					<Setting Name="__SourceName">Entrance</Setting>
				</Set>
				<Set Name="3">
					<Setting Name="__SourceName">Phantasmal Awe</Setting>
				</Set>
				<Set Name="4">
					<Setting Name="__Disabled">TRUE</Setting>
					<Setting Name="__SourceName">Bewilderment</Setting>
				</Set>
			</Set>
			<Set Name="Crowd_Control_Settings">
				<Setting Name="checkbox_crowd_control_settings_allowepics">TRUE</Setting>
			</Set>
			<Set Name="AutoTarget">
				<Setting Name="checkbox_autotarget_enabled">FALSE</Setting>
				<Setting Name="slider_autotarget_scanradius">15</Setting>
				<Setting Name="slider_autotarget_rescantime">584</Setting>
				<Setting Name="slider_autotarget_scanheight">38</Setting>
				<Setting Name="checkbox_autotarget_outofcombatscanning">FALSE</Setting>
			</Set>
			<Set Name="Load">
				<Setting Name="checkbox_load_radaroff">TRUE</Setting>
				<Setting Name="checkbox_load_ogreirc">TRUE</Setting>
				<Setting Name="checkbox_load_radaron">FALSE</Setting>
			</Set>
			<Set Name="LoadExecute">
				<Set Name="1">
					<Setting Name="__SourceName">eq2execute ics_playercombatautoface 0</Setting>
				</Set>
			</Set>
			<Set Name="EquipmentInfo">
				<Setting Name="combobox_equipmentinfo_charmoption1">Item:Bottled Endless Courage</Setting>
				<Setting Name="combobox_equipmentinfo_charmoption2">Item:Sigil of the War Prince</Setting>
			</Set>
			<Set Name="HUDs">
				<Setting Name="textentry_hud_raidoptions_updateinterval">5</Setting>
				<Setting Name="textentry_hud_raidoptions_xpos">1380</Setting>
				<Setting Name="textentry_hud_raidoptions_ypos">200</Setting>
				<Setting Name="checkbox_hud_raidoptions_test">FALSE</Setting>
				<Setting Name="checkbox_hud_raid">FALSE</Setting>
				<Setting Name="textentry_hud_raid_xpos">215</Setting>
				<Setting Name="textentry_hud_raid_ypos">563</Setting>
				<Setting Name="textentry_hud_raid_yposinc">17</Setting>
				<Setting Name="checkbox_hud_group">FALSE</Setting>
				<Setting Name="checkbox_hud_pc">FALSE</Setting>
				<Setting Name="checkbox_hud_npc">FALSE</Setting>
			</Set>
			<Set Name="OgreConsole">
				<Setting Name="checkbox_ogreconsole_hideonload">TRUE</Setting>
				<Setting Name="checkbox_ogreconsole_neverautoopen">TRUE</Setting>
				<Setting Name="textentry_ogreconsole_x">483</Setting>
				<Setting Name="textentry_ogreconsole_y">876</Setting>
				<Setting Name="textentry_ogreconsole_width">632</Setting>
				<Setting Name="textentry_ogreconsole_height">177</Setting>
				<Setting Name="checkbox_ogreconsole_showonload">FALSE</Setting>
			</Set>
			<Set Name="Ascension">
				<Setting Name="checkbox_ascension_etherflash_preventport">FALSE</Setting>
			</Set>
			<Set Name="Items">
				<Set Name="1">
					<Setting Name="__SourceName">Grandmaster's Elixir of Second Sight</Setting>
				</Set>
				<Set Name="2">
					<Setting Name="__SourceName">Greater Signet of Life</Setting>
				</Set>
				<Set Name="3">
					<Setting Name="__SourceName">Greater Signet of Replenishment</Setting>
				</Set>
				<Set Name="4">
					<Setting Name="__SourceName">Overclocked Manastone</Setting>
				</Set>
				<Set Name="5">
					<Setting Name="__SourceName">Reliable Gnomish Pacemaker</Setting>
				</Set>
			</Set>
			<Set Name="Overseer">
				<Setting Name="checkbox_overseer_no_overseer">FALSE</Setting>
				<Setting Name="checkbox_overseer_threaded">TRUE</Setting>
			</Set>
			<Set Name="Tags_AddNew">
				<Set Name="1">
					<Setting Name="__SourceName">PreCastTag</Setting>
				</Set>
				<Set Name="2">
					<Setting Name="__SourceName">Manaburn</Setting>
				</Set>
				<Set Name="3">
					<Setting Name="__SourceName">Plague</Setting>
				</Set>
				<Set Name="4">
					<Setting Name="__SourceName">TW</Setting>
				</Set>
			</Set>
			<Set Name="Tags">
				<Set Name="1">
					<Setting Name="__SourceName">PreCastTag</Setting>
					<Setting Name="I">TRUE</Setting>
					<Setting Name="IRC">TRUE</Setting>
				</Set>
				<Set Name="2">
					<Setting Name="__SourceName">Plague</Setting>
					<Setting Name="Dur">16</Setting>
				</Set>
				<Set Name="3">
					<Setting Name="__SourceName">TW</Setting>
					<Setting Name="Dur">7</Setting>
					<Setting Name="G">TRUE</Setting>
				</Set>
			</Set>
			<Set Name="AbilityTracker">
				<Set Name="1">
					<Setting Name="__SourceName">Phase</Setting>
				</Set>
			</Set>
		</Set>
	</Set>
</InnerSpaceSettings>
