﻿<?xml version='1.0' encoding='UTF-8'?>
<!-- Generated by LavishSettings v2 -->
<InnerSpaceSettings>
	<Set Name="Profiles">
		<Setting Name="DefaultProfiles">Jiimbo_AOD_FeralStance</Setting>
		<Set Name="Jiimbo_AOD_FeralStance">
			<Set Name="Settings">
				<Setting Name="checkbox_settings_buffs">TRUE</Setting>
				<Setting Name="checkbox_settings_combatarts">TRUE</Setting>
				<Setting Name="checkbox_settings_namedcombatarts">TRUE</Setting>
				<Setting Name="checkbox_settings_rangedattack">FALSE</Setting>
				<Setting Name="checkbox_settings_autoattacktiming">FALSE</Setting>
				<Setting Name="checkbox_settings_meleeattack">TRUE</Setting>
				<Setting Name="checkbox_settings_ignoretargettoattackhealthcheck">TRUE</Setting>
				<Setting Name="checkbox_settings_loot">FALSE</Setting>
				<Setting Name="checkbox_settings_acceptloot">TRUE</Setting>
				<Setting Name="checkbox_settings_acceptres">TRUE</Setting>
				<Setting Name="checkbox_settings_prioritytab">TRUE</Setting>
				<Setting Name="checkbox_settings_acceptinvites">TRUE</Setting>
				<Setting Name="checkbox_settings_enablealiases">TRUE</Setting>
				<Setting Name="checkbox_settings_enableogremcp">FALSE</Setting>
				<Setting Name="checkbox_settings_enableonscreenassistant">FALSE</Setting>
				<Setting Name="checkbox_settings_enableannouncetab">TRUE</Setting>
				<Setting Name="checkbox_settings_raidoptions">TRUE</Setting>
				<Setting Name="checkbox_settings_grindoptions">TRUE</Setting>
				<Setting Name="checkbox_settings_encountersmartnukes">TRUE</Setting>
				<Setting Name="checkbox_settings_aesmartnukes">TRUE</Setting>
				<Setting Name="checkbox_settings_autotargetwhenhated">TRUE</Setting>
				<Setting Name="checkbox_settings_res">FALSE</Setting>
				<Setting Name="checkbox_settings_dopowerheals">FALSE</Setting>
				<Setting Name="checkbox_settings_assist">TRUE</Setting>
				<Setting Name="checkbox_settings_autofollow">TRUE</Setting>
				<Setting Name="checkbox_settings_chaintab">TRUE</Setting>
				<Setting Name="checkbox_settings_movetoarea">TRUE</Setting>
				<Setting Name="checkbox_settings_doho">FALSE</Setting>
				<Setting Name="checkbox_settings_facenpc">TRUE</Setting>
				<Setting Name="checkbox_settings_turnoffattack">TRUE</Setting>
				<Setting Name="checkbox_settings_movemelee">FALSE</Setting>
				<Setting Name="checkbox_settings_movebehind">FALSE</Setting>
				<Setting Name="checkbox_settings_cancelinvisaftercombat">TRUE</Setting>
				<Setting Name="checkbox_settings_acceptdungeonfinderisready">TRUE</Setting>
				<Setting Name="checkbox_settings_raidoptionslimited">FALSE</Setting>
				<Setting Name="checkbox_settings_enablepetsindropdowns">TRUE</Setting>
				<Setting Name="checkbox_settings_forcenamedcatab">TRUE</Setting>
				<Setting Name="checkbox_settings_enableitemsinabilitylists">TRUE</Setting>
				<Setting Name="checkbox_settings_globally_mute_abilityrotation">TRUE</Setting>
				<Setting Name="checkbox_settings_no_overseer">TRUE</Setting>
				<Setting Name="checkbox_settings_auto_use_temporary_familiar_experience">TRUE</Setting>
				<Setting Name="checkbox_settings_auto_use_temporary_research_reduction">TRUE</Setting>
				<Setting Name="checkbox_settings_auto_use_temporary_mount_reduction">TRUE</Setting>
				<Setting Name="checkbox_settings_accept_zonein_confirmation">TRUE</Setting>
				<Setting Name="checkbox_settings_acceptnochoicerewards">TRUE</Setting>
				<Setting Name="checkbox_settings_autoshare_missions">TRUE</Setting>
				<Setting Name="checkbox_settings_summon_familiar">FALSE</Setting>
				<Setting Name="checkbox_settings_disablecaststack_buffs">FALSE</Setting>
				<Setting Name="checkbox_settings_disablecaststack_cure">FALSE</Setting>
				<Setting Name="checkbox_settings_disablecaststack_items">FALSE</Setting>
				<Setting Name="checkbox_settings_donotsendpettoattack">FALSE</Setting>
				<Setting Name="checkbox_settings_disable_dbc_claim">TRUE</Setting>
				<Setting Name="checkbox_settings_enable_abilityrotate">TRUE</Setting>
				<Setting Name="checkbox_settings_enable_tag_embargo">TRUE</Setting>
				<Setting Name="checkbox_settings_enable_tag_allow">TRUE</Setting>
				<Setting Name="checkbox_settings_enable_itemrotate">TRUE</Setting>
				<Setting Name="checkbox_settings_enable_chatevents">TRUE</Setting>
				<Setting Name="checkbox_settings_enable_spawnevents">TRUE</Setting>
				<Setting Name="checkbox_settings_consumeitems">TRUE</Setting>
				<Setting Name="checkbox_settings_ignoremovetoattackhealthcheck">TRUE</Setting>
				<Setting Name="checkbox_settings_castwhilemoving">TRUE</Setting>
				<Setting Name="checkbox_settings_npc_cast_monitoring">TRUE</Setting>
				<Setting Name="checkbox_settings_do_not_show_revision_history">TRUE</Setting>
				<Setting Name="checkbox_settings_do_not_show_available_setups">FALSE</Setting>
				<Setting Name="checkbox_settings_disablecaststack">FALSE</Setting>
				<Setting Name="checkbox_settings_ho_starter">FALSE</Setting>
				<Setting Name="checkbox_settings_ho_wheel">FALSE</Setting>
				<Setting Name="checkbox_settings_ho_start">FALSE</Setting>
				<Setting Name="checkbox_settings_disablecaststack_curecurse">FALSE</Setting>
				<Setting Name="checkbox_settings_handle_hq_earring">FALSE</Setting>
				<Setting Name="checkbox_settings_enable_despawnevents">TRUE</Setting>
				<Setting Name="checkbox_settings_ability_tracker">TRUE</Setting>
				<Setting Name="checkbox_settings_allow_specials_to_be_targets">TRUE</Setting>
				<Setting Name="checkbox_settings_use_reduced_stun_checks">TRUE</Setting>
				<Setting Name="checkbox_settings_donotcheckresearchonload">TRUE</Setting>
				<Setting Name="checkbox_settings_donotcheckmounttrainingonload">TRUE</Setting>
				<Setting Name="checkbox_settings_spew_subscription_status">TRUE</Setting>
				<Setting Name="checkbox_settings_crowdcontrol">TRUE</Setting>
				<Setting Name="checkbox_settings_skipcutscenes">TRUE</Setting>
				<Setting Name="checkbox_settings_acceptraidreadychecks">TRUE</Setting>
				<Setting Name="checkbox_settings_no_los_on_movebehind">TRUE</Setting>
				<Setting Name="checkbox_settings_dov_raid_debuff">TRUE</Setting>
				<Setting Name="checkbox_settings_disableabilitycollisionchecks">TRUE</Setting>
				<Setting Name="checkbox_settings_ho_change_target">TRUE</Setting>
				<Setting Name="checkbox_settings_ho_wheel_offensive_only">TRUE</Setting>
				<Setting Name="checkbox_settings_ho_allow_unknown_target">TRUE</Setting>
			</Set>
			<Set Name="Setup">
				<Setting Name="textentry_setup_percenttoattack">99</Setting>
				<Setting Name="textentry_setup_moveintoattackrangehealthpercent">99</Setting>
				<Setting Name="textentry_setup_petpercenttoattack">99</Setting>
				<Setting Name="textentry_setup_powertousecas">1</Setting>
				<Setting Name="textentry_setup_healthtousecas">1</Setting>
				<Setting Name="textentry_setup_percenttousemanastone">10</Setting>
				<Setting Name="textentry_setup_percenttouseshards">10</Setting>
				<Setting Name="textentry_setup_reswaittimer">5</Setting>
				<Setting Name="checkbox_setup_broadcasttellstouplink">TRUE</Setting>
				<Setting Name="checkbox_setup_receivetellsfromuplink">FALSE</Setting>
				<Setting Name="combobox_setup_autofollowname">@Tank</Setting>
				<Setting Name="combobox_setup_shardcaster">Disabled</Setting>
				<Setting Name="combobox_setup_heartcaster">Disabled</Setting>
				<Setting Name="textentry_setup_spellrangeextender">0</Setting>
				<Setting Name="textentry_setup_moveintomeleerangemaxdistance">80</Setting>
				<Setting Name="textentry_setup_autofollowmaxdistance">50</Setting>
				<Setting Name="textentry_setup_pbaetargets">2</Setting>
				<Setting Name="textentry_setup_encountertargets">2</Setting>
			</Set>
			<Set Name="SetupInvis">
				<Set Name="1">
					<Setting Name="__SourceName">Blindside</Setting>
				</Set>
			</Set>
			<Set Name="CastStack">
				<Set Name="1">
					<Setting Name="__Disabled">TRUE</Setting>
					<Setting Name="__SourceName">Summon Warder: Dire</Setting>
					<Setting Name="Tag">ST_FERAL</Setting>
					<Setting Name="Type">Buff</Setting>
				</Set>
				<Set Name="2">
					<Setting Name="__SourceName">Feral Stance</Setting>
					<Setting Name="Tag">Off. Stance</Setting>
					<Setting Name="Type">Buff</Setting>
				</Set>
				<Set Name="3">
					<Setting Name="__SourceName">Summon Warder: Reptile</Setting>
					<Setting Name="Tag">Encounter_Feral</Setting>
					<Setting Name="Type">Buff</Setting>
				</Set>
				<Set Name="4">
					<Setting Name="__Disabled">TRUE</Setting>
					<Setting Name="__SourceName">-------------------------------------------------------------------------------</Setting>
					<Setting Name="Type">Buff</Setting>
				</Set>
				<Set Name="5">
					<Setting Name="%">100</Setting>
					<Setting Name="__SourceName">Savage Blaze</Setting>
					<Setting Name="ATag">PreCastTag</Setting>
					<Setting Name="AType">Listen Only</Setting>
					<Setting Name="ID">TRUE</Setting>
					<Setting Name="Type">Heal</Setting>
				</Set>
				<Set Name="6">
					<Setting Name="__Disabled">TRUE</Setting>
					<Setting Name="__SourceName">-------------------------------------------------------------------------------</Setting>
					<Setting Name="Type">Buff</Setting>
				</Set>
				<Set Name="7">
					<Setting Name="__SourceName">Savage Blaze</Setting>
					<Setting Name="ID">TRUE</Setting>
					<Setting Name="Target">@Me</Setting>
					<Setting Name="Type">Combat</Setting>
				</Set>
				<Set Name="8">
					<Setting Name="__SourceName">Unchained Ferocity</Setting>
					<Setting Name="ETag">primals</Setting>
					<Setting Name="EType">Listen Only</Setting>
					<Setting Name="ID">TRUE</Setting>
					<Setting Name="Tag">Sav Build</Setting>
					<Setting Name="Target">@Me</Setting>
					<Setting Name="Type">Combat</Setting>
				</Set>
				<Set Name="9">
					<Setting Name="__Disabled">TRUE</Setting>
					<Setting Name="__SourceName">-------------------------------------------------------------------------------</Setting>
					<Setting Name="Type">Buff</Setting>
				</Set>
				<Set Name="10">
					<Setting Name="#">2</Setting>
					<Setting Name="__SourceName">Glacial Roar</Setting>
					<Setting Name="Type">CA</Setting>
				</Set>
				<Set Name="11">
					<Setting Name="__SourceName">Feral Rending</Setting>
					<Setting Name="Tag">Sav Build</Setting>
					<Setting Name="Type">CA</Setting>
				</Set>
				<Set Name="12">
					<Setting Name="__SourceName">Evasive Maneuvers</Setting>
					<Setting Name="Aggro&gt;">90</Setting>
					<Setting Name="Type">CA</Setting>
				</Set>
				<Set Name="13">
					<Setting Name="__SourceName">Evade</Setting>
					<Setting Name="Aggro&lt;">80</Setting>
					<Setting Name="Type">CA</Setting>
				</Set>
				<Set Name="14">
					<Setting Name="__Disabled">TRUE</Setting>
					<Setting Name="__SourceName">-------------------------------------------------------------------------------</Setting>
					<Setting Name="Type">Buff</Setting>
				</Set>
				<Set Name="15">
					<Setting Name="__SourceName">Hawk Eyes</Setting>
					<Setting Name="ID">TRUE</Setting>
					<Setting Name="Tag">cb buff</Setting>
					<Setting Name="Type">CA</Setting>
				</Set>
				<Set Name="16">
					<Setting Name="__Disabled">TRUE</Setting>
					<Setting Name="__SourceName">-------------------------------------------------------------------------------</Setting>
					<Setting Name="Type">Buff</Setting>
				</Set>
				<Set Name="17">
					<Setting Name="__SourceName">Vine Net</Setting>
					<Setting Name="Type">NamedCA</Setting>
				</Set>
				<Set Name="18">
					<Setting Name="__SourceName">Spinechiller Blood</Setting>
					<Setting Name="ETag">primals</Setting>
					<Setting Name="EType">Listen Only</Setting>
					<Setting Name="ID">TRUE</Setting>
					<Setting Name="Type">NamedCA</Setting>
				</Set>
				<Set Name="19">
					<Setting Name="__Disabled">TRUE</Setting>
					<Setting Name="__SourceName">----------------------------AE------------------------------------------------------------</Setting>
				</Set>
				<Set Name="20">
					<Setting Name="#">1</Setting>
					<Setting Name="__SourceName">Savage Howl</Setting>
					<Setting Name="ATag">primals</Setting>
					<Setting Name="AType">Listen Only</Setting>
					<Setting Name="Type">CA</Setting>
				</Set>
				<Set Name="21">
					<Setting Name="#">2</Setting>
					<Setting Name="__SourceName">U'lla's Spinning Bite</Setting>
					<Setting Name="ID">TRUE</Setting>
					<Setting Name="Type">CA</Setting>
				</Set>
				<Set Name="22">
					<Setting Name="__Disabled">TRUE</Setting>
					<Setting Name="__SourceName">-----------------------------------------------------------------------------------------</Setting>
				</Set>
				<Set Name="23">
					<Setting Name="__SourceName">Primal Assault</Setting>
					<Setting Name="ATag">primals</Setting>
					<Setting Name="AType">Listen Only</Setting>
					<Setting Name="ID">TRUE</Setting>
					<Setting Name="Sav">6</Setting>
					<Setting Name="Type">NamedCA</Setting>
				</Set>
				<Set Name="24">
					<Setting Name="__SourceName">Ralissk's Insight</Setting>
					<Setting Name="ATag">primals</Setting>
					<Setting Name="AType">Listen Only</Setting>
					<Setting Name="ID">TRUE</Setting>
					<Setting Name="Type">NamedCA</Setting>
				</Set>
				<Set Name="25">
					<Setting Name="#">1</Setting>
					<Setting Name="__SourceName">Savage Howl</Setting>
					<Setting Name="ATag">primals</Setting>
					<Setting Name="AType">Listen Only</Setting>
					<Setting Name="Type">NamedCA</Setting>
				</Set>
				<Set Name="26">
					<Setting Name="__Disabled">TRUE</Setting>
					<Setting Name="__SourceName">----------------------------Primal-Dump--------------------------------------------------</Setting>
				</Set>
				<Set Name="27">
					<Setting Name="#">2</Setting>
					<Setting Name="__SourceName">Draconic Breath</Setting>
					<Setting Name="ATag">primals</Setting>
					<Setting Name="AType">Listen Only</Setting>
					<Setting Name="Sav">6</Setting>
					<Setting Name="Type">CA</Setting>
				</Set>
				<Set Name="28">
					<Setting Name="#">2</Setting>
					<Setting Name="__SourceName">Luclin's Pain</Setting>
					<Setting Name="ATag">primals</Setting>
					<Setting Name="AType">Listen Only</Setting>
					<Setting Name="Sav">6</Setting>
					<Setting Name="Type">CA</Setting>
				</Set>
				<Set Name="29">
					<Setting Name="__Disabled">TRUE</Setting>
					<Setting Name="__SourceName">-------------------------------------------------------------------------------</Setting>
					<Setting Name="Type">Buff</Setting>
				</Set>
				<Set Name="30">
					<Setting Name="__SourceName">Shadow Leap</Setting>
					<Setting Name="ATag">primals</Setting>
					<Setting Name="AType">Listen Only</Setting>
					<Setting Name="Sav">6</Setting>
					<Setting Name="Tag">slot 1</Setting>
					<Setting Name="Type">NamedCA</Setting>
				</Set>
				<Set Name="31">
					<Setting Name="__SourceName">Shalih Mar's Mandate</Setting>
					<Setting Name="ATag">primals</Setting>
					<Setting Name="AType">Listen Only</Setting>
					<Setting Name="ID">TRUE</Setting>
					<Setting Name="Sav">6</Setting>
					<Setting Name="Tag">S2 , Resets S1</Setting>
					<Setting Name="Type">NamedCA</Setting>
				</Set>
				<Set Name="32">
					<Setting Name="__SourceName">Brutal Beatdown</Setting>
					<Setting Name="ATag">primals</Setting>
					<Setting Name="AType">Listen Only</Setting>
					<Setting Name="Sav">6</Setting>
					<Setting Name="Tag">SLOT 6</Setting>
					<Setting Name="Type">NamedCA</Setting>
				</Set>
				<Set Name="33">
					<Setting Name="__Disabled">TRUE</Setting>
					<Setting Name="__SourceName">Savage Ravaging</Setting>
					<Setting Name="ATag">primals</Setting>
					<Setting Name="AType">Listen Only</Setting>
					<Setting Name="Sav">6</Setting>
					<Setting Name="Tag">slot 4</Setting>
					<Setting Name="Type">NamedCA</Setting>
				</Set>
				<Set Name="34">
					<Setting Name="#">1</Setting>
					<Setting Name="__SourceName">Luclin's Pain</Setting>
					<Setting Name="ATag">primals</Setting>
					<Setting Name="AType">Listen Only</Setting>
					<Setting Name="Sav">6</Setting>
					<Setting Name="Type">NamedCA</Setting>
				</Set>
				<Set Name="35">
					<Setting Name="__Disabled">TRUE</Setting>
					<Setting Name="__SourceName">SLOT 4 RESET---------------------------------------------------------------------------</Setting>
					<Setting Name="Type">Buff</Setting>
				</Set>
				<Set Name="36">
					<Setting Name="__SourceName">Silent Talon</Setting>
					<Setting Name="ATag">primals</Setting>
					<Setting Name="AType">Listen Only</Setting>
					<Setting Name="ID">TRUE</Setting>
					<Setting Name="Sav">6</Setting>
					<Setting Name="Tag">S3 RESETS S4</Setting>
					<Setting Name="Type">NamedCA</Setting>
				</Set>
				<Set Name="37">
					<Setting Name="__Disabled">TRUE</Setting>
					<Setting Name="__SourceName">Savage Ravaging</Setting>
					<Setting Name="ATag">primals</Setting>
					<Setting Name="AType">Listen Only</Setting>
					<Setting Name="Sav">6</Setting>
					<Setting Name="Tag">slot 4</Setting>
					<Setting Name="Type">NamedCA</Setting>
				</Set>
				<Set Name="38">
					<Setting Name="#">1</Setting>
					<Setting Name="__SourceName">Luclin's Pain</Setting>
					<Setting Name="ATag">primals</Setting>
					<Setting Name="AType">Listen Only</Setting>
					<Setting Name="Sav">6</Setting>
					<Setting Name="Type">NamedCA</Setting>
				</Set>
				<Set Name="39">
					<Setting Name="#">2</Setting>
					<Setting Name="__SourceName">Luclin's Pain</Setting>
					<Setting Name="ATag">primals</Setting>
					<Setting Name="AType">Listen Only</Setting>
					<Setting Name="Sav">6</Setting>
					<Setting Name="Type">CA</Setting>
				</Set>
				<Set Name="40">
					<Setting Name="__Disabled">TRUE</Setting>
					<Setting Name="__SourceName">-----------------------------------------------------------------------------------------</Setting>
				</Set>
				<Set Name="41">
					<Setting Name="#">1</Setting>
					<Setting Name="__SourceName">Draconic Breath</Setting>
					<Setting Name="ATag">primals</Setting>
					<Setting Name="AType">Listen Only</Setting>
					<Setting Name="Sav">6</Setting>
					<Setting Name="Tag">SLOT 5</Setting>
					<Setting Name="Type">NamedCA</Setting>
				</Set>
				<Set Name="42">
					<Setting Name="__SourceName">Claw of Khati Sha</Setting>
					<Setting Name="ATag">primals</Setting>
					<Setting Name="AType">Listen Only</Setting>
					<Setting Name="Sav">6</Setting>
					<Setting Name="Tag">slot 1</Setting>
					<Setting Name="Type">NamedCA</Setting>
				</Set>
				<Set Name="43">
					<Setting Name="__Disabled">TRUE</Setting>
					<Setting Name="__SourceName">-------------------------------------------------------------------------------</Setting>
					<Setting Name="Type">Buff</Setting>
				</Set>
				<Set Name="44">
					<Setting Name="__SourceName">Savagery Freeze</Setting>
					<Setting Name="ATag">primals</Setting>
					<Setting Name="AType">Listen Only</Setting>
					<Setting Name="ETag">Off-Cycle-Dump</Setting>
					<Setting Name="EType">Trigger Only</Setting>
					<Setting Name="ID">TRUE</Setting>
					<Setting Name="Sav">6</Setting>
					<Setting Name="Type">NamedCA</Setting>
				</Set>
				<Set Name="45">
					<Setting Name="__SourceName">Lucky Break</Setting>
					<Setting Name="ATag">primals</Setting>
					<Setting Name="AType">Trigger Only</Setting>
					<Setting Name="ETag">Off-Cycle-Dump</Setting>
					<Setting Name="EType">Listen Only</Setting>
					<Setting Name="Sav">6</Setting>
					<Setting Name="Type">CA</Setting>
				</Set>
				<Set Name="46">
					<Setting Name="__Disabled">TRUE</Setting>
					<Setting Name="__SourceName">-------------------------------------------------------------------------------</Setting>
					<Setting Name="Type">Buff</Setting>
				</Set>
				<Set Name="47">
					<Setting Name="__SourceName">Rush</Setting>
					<Setting Name="ETag">Off-Cycle-Dump</Setting>
					<Setting Name="EType">Listen Only</Setting>
					<Setting Name="Type">CA</Setting>
				</Set>
				<Set Name="48">
					<Setting Name="__SourceName">Strike of Consistency</Setting>
					<Setting Name="ATag">primals</Setting>
					<Setting Name="AType">Trigger Only</Setting>
					<Setting Name="ETag">Off-Cycle-Dump</Setting>
					<Setting Name="EType">Listen Only</Setting>
					<Setting Name="ID">TRUE</Setting>
					<Setting Name="Sav">6</Setting>
					<Setting Name="Type">CA</Setting>
				</Set>
				<Set Name="49">
					<Setting Name="__Disabled">TRUE</Setting>
					<Setting Name="__SourceName">----------------------------Filler---------------------------------------------------------</Setting>
				</Set>
				<Set Name="50">
					<Setting Name="__SourceName">Primal Consumption</Setting>
					<Setting Name="ETag">Off-Cycle-Dump</Setting>
					<Setting Name="EType">Listen Only</Setting>
					<Setting Name="Type">CA</Setting>
				</Set>
				<Set Name="51">
					<Setting Name="__SourceName">Kaldrahir's Growl</Setting>
					<Setting Name="ETag">Off-Cycle-Dump</Setting>
					<Setting Name="EType">Listen Only</Setting>
					<Setting Name="ID">TRUE</Setting>
					<Setting Name="Type">CA</Setting>
				</Set>
				<Set Name="52">
					<Setting Name="__SourceName">Glacial Lance</Setting>
					<Setting Name="ETag">Off-Cycle-Dump</Setting>
					<Setting Name="EType">Listen Only</Setting>
					<Setting Name="Type">CA</Setting>
				</Set>
				<Set Name="53">
					<Setting Name="__SourceName">Bonechiller Venom</Setting>
					<Setting Name="ETag">Off-Cycle-Dump</Setting>
					<Setting Name="EType">Listen Only</Setting>
					<Setting Name="ID">TRUE</Setting>
					<Setting Name="Type">CA</Setting>
				</Set>
				<Set Name="54">
					<Setting Name="__SourceName">Quick Swipe</Setting>
					<Setting Name="ETag">Off-Cycle-Dump</Setting>
					<Setting Name="EType">Listen Only</Setting>
					<Setting Name="ID">TRUE</Setting>
					<Setting Name="Type">CA</Setting>
				</Set>
				<Set Name="55">
					<Setting Name="__SourceName">Elnakii's Swipe</Setting>
					<Setting Name="ETag">Off-Cycle-Dump</Setting>
					<Setting Name="EType">Listen Only</Setting>
					<Setting Name="Type">CA</Setting>
				</Set>
				<Set Name="56">
					<Setting Name="__Disabled">TRUE</Setting>
					<Setting Name="__SourceName">-------------------------------------------------------------------------------</Setting>
					<Setting Name="Type">Buff</Setting>
				</Set>
				<Set Name="57">
					<Setting Name="__SourceName">Chilling Claws</Setting>
					<Setting Name="Type">Buff</Setting>
				</Set>
				<Set Name="58">
					<Setting Name="__SourceName">Guild Buff</Setting>
					<Setting Name="Type">Buff</Setting>
				</Set>
				<Set Name="59">
					<Setting Name="__SourceName">Iceclad Tundra Fox</Setting>
					<Setting Name="Type">Buff</Setting>
				</Set>
				<Set Name="60">
					<Setting Name="__SourceName">Savage Ruin</Setting>
					<Setting Name="Type">Buff</Setting>
				</Set>
				<Set Name="61">
					<Setting Name="__Disabled">TRUE</Setting>
					<Setting Name="__SourceName">Master of Beasts</Setting>
					<Setting Name="Type">Buff</Setting>
				</Set>
				<Set Name="62">
					<Setting Name="__Disabled">TRUE</Setting>
					<Setting Name="__SourceName">Summon: Beloved of Bristlebane</Setting>
					<Setting Name="Type">Buff</Setting>
				</Set>
				<Set Name="63">
					<Setting Name="__SourceName">Shrink Warder</Setting>
					<Setting Name="Type">Buff</Setting>
				</Set>
			</Set>
			<Set Name="AbilityRotation">
				<Set Name="1">
					<Setting Name="__SourceName">Hawk Eyes</Setting>
					<Setting Name="Dur">16</Setting>
					<Setting Name="I">TRUE</Setting>
					<Setting Name="Me">TRUE</Setting>
				</Set>
				<Set Name="2">
					<Setting Name="__SourceName">Vine Net</Setting>
					<Setting Name="Dur">24</Setting>
					<Setting Name="I">TRUE</Setting>
					<Setting Name="Me">TRUE</Setting>
				</Set>
			</Set>
			<Set Name="ItemRotation">
				<Set Name="1">
					<Setting Name="__IsItem">TRUE</Setting>
					<Setting Name="__ItemName">_EQUIPPED_Left Charm_21</Setting>
					<Setting Name="__SourceName">Item:_EQUIPPED_Left Charm_21</Setting>
					<Setting Name="Dur">40</Setting>
					<Setting Name="G">TRUE</Setting>
					<Setting Name="I">TRUE</Setting>
					<Setting Name="IRC">TRUE</Setting>
				</Set>
			</Set>
			<Set Name="Assist">
				<Set Name="1">
					<Setting Name="__SourceName">@Tank</Setting>
				</Set>
			</Set>
			<Set Name="Postcast">
				<Set Name="1">
					<Setting Name="__Disabled">TRUE</Setting>
					<Setting Name="__SourceName">Silent Talon</Setting>
					<Setting Name="After">Blindside</Setting>
				</Set>
			</Set>
			<Set Name="Loot">
				<Setting Name="checkbox_loot_ffaaccept">TRUE</Setting>
				<Setting Name="checkbox_loot_lottoaccept">TRUE</Setting>
				<Setting Name="checkbox_loot_confirmnotrade">TRUE</Setting>
				<Setting Name="checkbox_loot_nbgaccept">TRUE</Setting>
			</Set>
			<Set Name="OSA">
				<Setting Name="slider_osa_radius">149</Setting>
				<Setting Name="textentry_osa_radius">149</Setting>
				<Setting Name="checkbox_osa_targetsonly">TRUE</Setting>
			</Set>
			<Set Name="Announce">
				<Set Name="1">
					<Setting Name="__SourceName">Slice of Despair</Setting>
					<Setting Name="Target">Raid</Setting>
					<Setting Name="Txt">Casting Slice of Despair</Setting>
				</Set>
				<Set Name="2">
					<Setting Name="__SourceName">Savagery Freeze</Setting>
					<Setting Name="Target">Group</Setting>
					<Setting Name="Txt">Dumping Primals !</Setting>
				</Set>
			</Set>
			<Set Name="Other">
				<Setting Name="combobox_other_curabledisable">NULL</Setting>
				<Setting Name="checkbox_other_curabledisable">FALSE</Setting>
			</Set>
			<Set Name="Debug">
				<Setting Name="checkbox_debug_casting">FALSE</Setting>
				<Setting Name="checkbox_debug_whatisthebotdoing">FALSE</Setting>
				<Setting Name="checkbox_debug_castingdetails">FALSE</Setting>
				<Setting Name="checkbox_debug_castingextras">FALSE</Setting>
			</Set>
			<Set Name="Crowd_Control">
				<Set Name="1">
					<Setting Name="__SourceName">Frigid Fortification</Setting>
				</Set>
				<Set Name="2">
					<Setting Name="__SourceName">Spiritual Feast</Setting>
				</Set>
				<Set Name="3">
					<Setting Name="__SourceName">Chillbarrier</Setting>
				</Set>
				<Set Name="4">
					<Setting Name="__SourceName">Restoration of Marisha Kur</Setting>
				</Set>
				<Set Name="5">
					<Setting Name="__SourceName">Savage Resilience</Setting>
				</Set>
				<Set Name="6">
					<Setting Name="__SourceName">U'lla's Resolution</Setting>
				</Set>
				<Set Name="7">
					<Setting Name="__SourceName">Kaldrahir's Leadership</Setting>
				</Set>
			</Set>
			<Set Name="AutoTarget">
				<Setting Name="slider_autotarget_scanheight">50</Setting>
				<Setting Name="slider_autotarget_scanradius">100</Setting>
				<Setting Name="slider_autotarget_rescantime">1</Setting>
				<Setting Name="checkbox_autotarget_enabled">FALSE</Setting>
			</Set>
			<Set Name="LoadExecute">
				<Set Name="1">
					<Setting Name="__Disabled">TRUE</Setting>
					<Setting Name="__SourceName">run talon</Setting>
				</Set>
				<Set Name="2">
					<Setting Name="__Disabled">TRUE</Setting>
					<Setting Name="__SourceName">run bl5</Setting>
				</Set>
			</Set>
			<Set Name="Ascension">
				<Setting Name="checkbox_ascension_etherflash_preventport">TRUE</Setting>
				<Setting Name="checkbox_ascension_glacialfreeze_noraidcomboing">TRUE</Setting>
			</Set>
			<Set Name="AscensionEmbargoList">
				<Set Name="1">
					<Setting Name="__SourceName">Ethershadow Assassin</Setting>
				</Set>
			</Set>
			<Set Name="Items">
				<Set Name="1">
					<Setting Name="__SourceName">_EQUIPPED_Left Charm_21</Setting>
				</Set>
				<Set Name="2">
					<Setting Name="__SourceName">_EQUIPPED_Right Charm_22</Setting>
				</Set>
			</Set>
			<Set Name="Overseer">
				<Setting Name="checkbox_overseer_no_overseer">TRUE</Setting>
				<Setting Name="checkbox_overseer_threaded">TRUE</Setting>
			</Set>
			<Set Name="Tags_AddNew">
				<Set Name="1">
					<Setting Name="__SourceName">primals</Setting>
				</Set>
				<Set Name="2">
					<Setting Name="__SourceName">AE stuff</Setting>
				</Set>
				<Set Name="3">
					<Setting Name="__SourceName">PreCastTag</Setting>
				</Set>
				<Set Name="4">
					<Setting Name="__SourceName">venom</Setting>
				</Set>
				<Set Name="5">
					<Setting Name="__SourceName">blind</Setting>
				</Set>
				<Set Name="6">
					<Setting Name="__SourceName">Primal2</Setting>
				</Set>
				<Set Name="7">
					<Setting Name="__SourceName">Off-Cycle-Dump</Setting>
				</Set>
			</Set>
			<Set Name="Tags">
				<Set Name="1">
					<Setting Name="__SourceName">primals</Setting>
					<Setting Name="Dur">13</Setting>
					<Setting Name="I">TRUE</Setting>
					<Setting Name="M">TRUE</Setting>
					<Setting Name="Me">TRUE</Setting>
				</Set>
				<Set Name="2">
					<Setting Name="__SourceName">PreCastTag</Setting>
					<Setting Name="I">TRUE</Setting>
					<Setting Name="Me">TRUE</Setting>
				</Set>
				<Set Name="3">
					<Setting Name="__SourceName">Off-Cycle-Dump</Setting>
					<Setting Name="Dur">4</Setting>
					<Setting Name="I">TRUE</Setting>
					<Setting Name="Me">TRUE</Setting>
				</Set>
			</Set>
			<Set Name="HOExcludes">
				<Set Name="1">
					<Setting Name="__SourceName">Chilling Claws</Setting>
				</Set>
				<Set Name="2">
					<Setting Name="__SourceName">Feral Stance</Setting>
				</Set>
				<Set Name="3">
					<Setting Name="__SourceName">Pathfinding</Setting>
				</Set>
				<Set Name="4">
					<Setting Name="__SourceName">Savage Ruin</Setting>
				</Set>
				<Set Name="5">
					<Setting Name="__SourceName">Spiritual Stance</Setting>
				</Set>
				<Set Name="6">
					<Setting Name="__SourceName">Warder's Ferocity</Setting>
				</Set>
				<Set Name="7">
					<Setting Name="__SourceName">Callous Ferocity</Setting>
				</Set>
				<Set Name="8">
					<Setting Name="__SourceName">Hawk Eyes</Setting>
				</Set>
			</Set>
		</Set>
		<Set Name="Jiimbo_AOD_SpiritualStance">
			<Set Name="Settings">
				<Setting Name="checkbox_settings_buffs">TRUE</Setting>
				<Setting Name="checkbox_settings_combatarts">TRUE</Setting>
				<Setting Name="checkbox_settings_namedcombatarts">TRUE</Setting>
				<Setting Name="checkbox_settings_rangedattack">FALSE</Setting>
				<Setting Name="checkbox_settings_autoattacktiming">FALSE</Setting>
				<Setting Name="checkbox_settings_meleeattack">TRUE</Setting>
				<Setting Name="checkbox_settings_ignoretargettoattackhealthcheck">TRUE</Setting>
				<Setting Name="checkbox_settings_loot">FALSE</Setting>
				<Setting Name="checkbox_settings_acceptloot">TRUE</Setting>
				<Setting Name="checkbox_settings_acceptres">TRUE</Setting>
				<Setting Name="checkbox_settings_prioritytab">TRUE</Setting>
				<Setting Name="checkbox_settings_acceptinvites">TRUE</Setting>
				<Setting Name="checkbox_settings_enablealiases">TRUE</Setting>
				<Setting Name="checkbox_settings_enableogremcp">FALSE</Setting>
				<Setting Name="checkbox_settings_enableonscreenassistant">FALSE</Setting>
				<Setting Name="checkbox_settings_enableannouncetab">TRUE</Setting>
				<Setting Name="checkbox_settings_raidoptions">TRUE</Setting>
				<Setting Name="checkbox_settings_grindoptions">TRUE</Setting>
				<Setting Name="checkbox_settings_encountersmartnukes">TRUE</Setting>
				<Setting Name="checkbox_settings_aesmartnukes">TRUE</Setting>
				<Setting Name="checkbox_settings_autotargetwhenhated">TRUE</Setting>
				<Setting Name="checkbox_settings_res">FALSE</Setting>
				<Setting Name="checkbox_settings_dopowerheals">FALSE</Setting>
				<Setting Name="checkbox_settings_assist">TRUE</Setting>
				<Setting Name="checkbox_settings_autofollow">TRUE</Setting>
				<Setting Name="checkbox_settings_chaintab">TRUE</Setting>
				<Setting Name="checkbox_settings_movetoarea">TRUE</Setting>
				<Setting Name="checkbox_settings_doho">FALSE</Setting>
				<Setting Name="checkbox_settings_facenpc">TRUE</Setting>
				<Setting Name="checkbox_settings_turnoffattack">TRUE</Setting>
				<Setting Name="checkbox_settings_movemelee">FALSE</Setting>
				<Setting Name="checkbox_settings_movebehind">FALSE</Setting>
				<Setting Name="checkbox_settings_cancelinvisaftercombat">TRUE</Setting>
				<Setting Name="checkbox_settings_acceptdungeonfinderisready">TRUE</Setting>
				<Setting Name="checkbox_settings_raidoptionslimited">FALSE</Setting>
				<Setting Name="checkbox_settings_enablepetsindropdowns">TRUE</Setting>
				<Setting Name="checkbox_settings_forcenamedcatab">TRUE</Setting>
				<Setting Name="checkbox_settings_enableitemsinabilitylists">TRUE</Setting>
				<Setting Name="checkbox_settings_globally_mute_abilityrotation">TRUE</Setting>
				<Setting Name="checkbox_settings_no_overseer">TRUE</Setting>
				<Setting Name="checkbox_settings_auto_use_temporary_familiar_experience">TRUE</Setting>
				<Setting Name="checkbox_settings_auto_use_temporary_research_reduction">TRUE</Setting>
				<Setting Name="checkbox_settings_auto_use_temporary_mount_reduction">TRUE</Setting>
				<Setting Name="checkbox_settings_accept_zonein_confirmation">TRUE</Setting>
				<Setting Name="checkbox_settings_acceptnochoicerewards">TRUE</Setting>
				<Setting Name="checkbox_settings_autoshare_missions">TRUE</Setting>
				<Setting Name="checkbox_settings_summon_familiar">FALSE</Setting>
				<Setting Name="checkbox_settings_disablecaststack_buffs">FALSE</Setting>
				<Setting Name="checkbox_settings_disablecaststack_cure">FALSE</Setting>
				<Setting Name="checkbox_settings_disablecaststack_items">FALSE</Setting>
				<Setting Name="checkbox_settings_donotsendpettoattack">FALSE</Setting>
				<Setting Name="checkbox_settings_disable_dbc_claim">TRUE</Setting>
				<Setting Name="checkbox_settings_enable_abilityrotate">TRUE</Setting>
				<Setting Name="checkbox_settings_enable_tag_embargo">TRUE</Setting>
				<Setting Name="checkbox_settings_enable_tag_allow">TRUE</Setting>
				<Setting Name="checkbox_settings_enable_itemrotate">TRUE</Setting>
				<Setting Name="checkbox_settings_enable_chatevents">TRUE</Setting>
				<Setting Name="checkbox_settings_enable_spawnevents">TRUE</Setting>
				<Setting Name="checkbox_settings_consumeitems">TRUE</Setting>
				<Setting Name="checkbox_settings_ignoremovetoattackhealthcheck">TRUE</Setting>
				<Setting Name="checkbox_settings_castwhilemoving">TRUE</Setting>
				<Setting Name="checkbox_settings_npc_cast_monitoring">TRUE</Setting>
				<Setting Name="checkbox_settings_do_not_show_revision_history">TRUE</Setting>
				<Setting Name="checkbox_settings_do_not_show_available_setups">FALSE</Setting>
				<Setting Name="checkbox_settings_disablecaststack">FALSE</Setting>
				<Setting Name="checkbox_settings_ho_starter">FALSE</Setting>
				<Setting Name="checkbox_settings_ho_wheel">FALSE</Setting>
				<Setting Name="checkbox_settings_ho_start">FALSE</Setting>
				<Setting Name="checkbox_settings_disablecaststack_curecurse">FALSE</Setting>
				<Setting Name="checkbox_settings_handle_hq_earring">FALSE</Setting>
				<Setting Name="checkbox_settings_enable_despawnevents">TRUE</Setting>
				<Setting Name="checkbox_settings_ability_tracker">TRUE</Setting>
				<Setting Name="checkbox_settings_allow_specials_to_be_targets">TRUE</Setting>
				<Setting Name="checkbox_settings_use_reduced_stun_checks">TRUE</Setting>
				<Setting Name="checkbox_settings_donotcheckresearchonload">TRUE</Setting>
				<Setting Name="checkbox_settings_donotcheckmounttrainingonload">TRUE</Setting>
				<Setting Name="checkbox_settings_spew_subscription_status">TRUE</Setting>
				<Setting Name="checkbox_settings_crowdcontrol">TRUE</Setting>
				<Setting Name="checkbox_settings_skipcutscenes">TRUE</Setting>
				<Setting Name="checkbox_settings_acceptraidreadychecks">TRUE</Setting>
				<Setting Name="checkbox_settings_no_los_on_movebehind">TRUE</Setting>
				<Setting Name="checkbox_settings_dov_raid_debuff">TRUE</Setting>
				<Setting Name="checkbox_settings_disableabilitycollisionchecks">TRUE</Setting>
				<Setting Name="checkbox_settings_ho_change_target">TRUE</Setting>
				<Setting Name="checkbox_settings_ho_wheel_offensive_only">TRUE</Setting>
				<Setting Name="checkbox_settings_ho_allow_unknown_target">TRUE</Setting>
			</Set>
			<Set Name="Setup">
				<Setting Name="textentry_setup_percenttoattack">99</Setting>
				<Setting Name="textentry_setup_moveintoattackrangehealthpercent">99</Setting>
				<Setting Name="textentry_setup_petpercenttoattack">99</Setting>
				<Setting Name="textentry_setup_powertousecas">1</Setting>
				<Setting Name="textentry_setup_healthtousecas">1</Setting>
				<Setting Name="textentry_setup_percenttousemanastone">10</Setting>
				<Setting Name="textentry_setup_percenttouseshards">10</Setting>
				<Setting Name="textentry_setup_reswaittimer">5</Setting>
				<Setting Name="checkbox_setup_broadcasttellstouplink">TRUE</Setting>
				<Setting Name="checkbox_setup_receivetellsfromuplink">FALSE</Setting>
				<Setting Name="combobox_setup_autofollowname">@Tank</Setting>
				<Setting Name="combobox_setup_shardcaster">Disabled</Setting>
				<Setting Name="combobox_setup_heartcaster">Disabled</Setting>
				<Setting Name="textentry_setup_spellrangeextender">0</Setting>
				<Setting Name="textentry_setup_moveintomeleerangemaxdistance">80</Setting>
				<Setting Name="textentry_setup_autofollowmaxdistance">50</Setting>
				<Setting Name="textentry_setup_pbaetargets">2</Setting>
				<Setting Name="textentry_setup_encountertargets">2</Setting>
			</Set>
			<Set Name="SetupInvis">
				<Set Name="1">
					<Setting Name="__SourceName">Blindside</Setting>
				</Set>
			</Set>
			<Set Name="CastStack">
				<Set Name="1">
					<Setting Name="__SourceName">Chilling Claws</Setting>
					<Setting Name="Type">Buff</Setting>
				</Set>
				<Set Name="2">
					<Setting Name="__SourceName">Guild Buff</Setting>
					<Setting Name="Type">Buff</Setting>
				</Set>
				<Set Name="3">
					<Setting Name="__SourceName">Iceclad Tundra Fox</Setting>
					<Setting Name="Type">Buff</Setting>
				</Set>
				<Set Name="4">
					<Setting Name="__SourceName">Spiritual Stance</Setting>
					<Setting Name="Tag">Spirit. Stance</Setting>
					<Setting Name="Type">Buff</Setting>
				</Set>
				<Set Name="5">
					<Setting Name="__Disabled">TRUE</Setting>
					<Setting Name="__SourceName">Master of Beasts</Setting>
					<Setting Name="Type">Buff</Setting>
				</Set>
				<Set Name="6">
					<Setting Name="__SourceName">Savage Ruin</Setting>
					<Setting Name="Type">Buff</Setting>
				</Set>
				<Set Name="7">
					<Setting Name="__SourceName">Shrink Warder</Setting>
					<Setting Name="Type">Buff</Setting>
				</Set>
				<Set Name="8">
					<Setting Name="__Disabled">TRUE</Setting>
					<Setting Name="__SourceName">Summon: Beloved of Bristlebane</Setting>
					<Setting Name="Type">Buff</Setting>
				</Set>
				<Set Name="9">
					<Setting Name="__Disabled">TRUE</Setting>
					<Setting Name="__SourceName">-------------------------------------------------------------------------------</Setting>
					<Setting Name="Type">Buff</Setting>
				</Set>
				<Set Name="10">
					<Setting Name="__Disabled">TRUE</Setting>
					<Setting Name="__SourceName">Summon Warder: Dire</Setting>
					<Setting Name="Tag">ST_FERAL</Setting>
					<Setting Name="Type">Buff</Setting>
				</Set>
				<Set Name="11">
					<Setting Name="__SourceName">Summon Warder: Reptile</Setting>
					<Setting Name="Tag">Encounter_Feral</Setting>
					<Setting Name="Type">Buff</Setting>
				</Set>
				<Set Name="12">
					<Setting Name="__Disabled">TRUE</Setting>
					<Setting Name="__SourceName">-------------------------------------------------------------------------------</Setting>
					<Setting Name="Type">Buff</Setting>
				</Set>
				<Set Name="13">
					<Setting Name="%">100</Setting>
					<Setting Name="__SourceName">Savage Blaze</Setting>
					<Setting Name="ATag">PreCastTag</Setting>
					<Setting Name="AType">Listen Only</Setting>
					<Setting Name="ID">TRUE</Setting>
					<Setting Name="Type">Heal</Setting>
				</Set>
				<Set Name="14">
					<Setting Name="__Disabled">TRUE</Setting>
					<Setting Name="__SourceName">-------------------------------------------------------------------------------</Setting>
					<Setting Name="Type">Buff</Setting>
				</Set>
				<Set Name="15">
					<Setting Name="__SourceName">Savage Blaze</Setting>
					<Setting Name="ID">TRUE</Setting>
					<Setting Name="Target">@Me</Setting>
					<Setting Name="Type">Combat</Setting>
				</Set>
				<Set Name="16">
					<Setting Name="__SourceName">Unchained Ferocity</Setting>
					<Setting Name="ETag">primals</Setting>
					<Setting Name="EType">Listen Only</Setting>
					<Setting Name="ID">TRUE</Setting>
					<Setting Name="Tag">Sav Build</Setting>
					<Setting Name="Target">@Me</Setting>
					<Setting Name="Type">Combat</Setting>
				</Set>
				<Set Name="17">
					<Setting Name="__Disabled">TRUE</Setting>
					<Setting Name="__SourceName">-------------------------------------------------------------------------------</Setting>
					<Setting Name="Type">Buff</Setting>
				</Set>
				<Set Name="18">
					<Setting Name="#">1</Setting>
					<Setting Name="__SourceName">Astral Ravaging</Setting>
					<Setting Name="Type">CA</Setting>
				</Set>
				<Set Name="19">
					<Setting Name="#">1</Setting>
					<Setting Name="__SourceName">Savage Resilience</Setting>
					<Setting Name="ID">TRUE</Setting>
					<Setting Name="Type">CA</Setting>
				</Set>
				<Set Name="20">
					<Setting Name="__Disabled">TRUE</Setting>
					<Setting Name="__SourceName">-------------------------------------------------------------------------------</Setting>
					<Setting Name="Type">Buff</Setting>
				</Set>
				<Set Name="21">
					<Setting Name="#">2</Setting>
					<Setting Name="__Disabled">TRUE</Setting>
					<Setting Name="__SourceName">Glacial Roar</Setting>
					<Setting Name="Type">CA</Setting>
				</Set>
				<Set Name="22">
					<Setting Name="__SourceName">Evasive Maneuvers</Setting>
					<Setting Name="Aggro&gt;">90</Setting>
					<Setting Name="Type">CA</Setting>
				</Set>
				<Set Name="23">
					<Setting Name="__SourceName">Evade</Setting>
					<Setting Name="Aggro&lt;">80</Setting>
					<Setting Name="Type">CA</Setting>
				</Set>
				<Set Name="24">
					<Setting Name="__Disabled">TRUE</Setting>
					<Setting Name="__SourceName">-------------------------------------------------------------------------------</Setting>
					<Setting Name="Type">Buff</Setting>
				</Set>
				<Set Name="25">
					<Setting Name="__SourceName">Vine Net</Setting>
					<Setting Name="Type">NamedCA</Setting>
				</Set>
				<Set Name="26">
					<Setting Name="__SourceName">Spinechiller Blood</Setting>
					<Setting Name="ETag">primals</Setting>
					<Setting Name="EType">Listen Only</Setting>
					<Setting Name="ID">TRUE</Setting>
					<Setting Name="Type">NamedCA</Setting>
				</Set>
				<Set Name="27">
					<Setting Name="__Disabled">TRUE</Setting>
					<Setting Name="__SourceName">----------------------------AE------------------------------------------------------------</Setting>
				</Set>
				<Set Name="28">
					<Setting Name="#">1</Setting>
					<Setting Name="__SourceName">Savage Howl</Setting>
					<Setting Name="ATag">primals</Setting>
					<Setting Name="AType">Listen Only</Setting>
					<Setting Name="Type">CA</Setting>
				</Set>
				<Set Name="29">
					<Setting Name="#">2</Setting>
					<Setting Name="__SourceName">U'lla's Spinning Bite</Setting>
					<Setting Name="ID">TRUE</Setting>
					<Setting Name="Tag">cb buff</Setting>
					<Setting Name="Type">CA</Setting>
				</Set>
				<Set Name="30">
					<Setting Name="__Disabled">TRUE</Setting>
					<Setting Name="__SourceName">-----------------------------------------------------------------------------------------</Setting>
				</Set>
				<Set Name="31">
					<Setting Name="__SourceName">Ralissk's Insight</Setting>
					<Setting Name="ATag">primals</Setting>
					<Setting Name="AType">Listen Only</Setting>
					<Setting Name="ID">TRUE</Setting>
					<Setting Name="Type">NamedCA</Setting>
				</Set>
				<Set Name="32">
					<Setting Name="#">2</Setting>
					<Setting Name="__Disabled">TRUE</Setting>
					<Setting Name="__SourceName">Luclin's Pain</Setting>
					<Setting Name="ATag">primals</Setting>
					<Setting Name="AType">Trigger Only</Setting>
					<Setting Name="Sav">6</Setting>
					<Setting Name="Type">CA</Setting>
				</Set>
				<Set Name="33">
					<Setting Name="__SourceName">Primal Assault</Setting>
					<Setting Name="ID">TRUE</Setting>
					<Setting Name="Sav">6</Setting>
					<Setting Name="Type">NamedCA</Setting>
				</Set>
				<Set Name="34">
					<Setting Name="__Disabled">TRUE</Setting>
					<Setting Name="__SourceName">----------------------------Primal-Dump--------------------------------------------------</Setting>
				</Set>
				<Set Name="35">
					<Setting Name="__SourceName">Primal Assault</Setting>
					<Setting Name="ATag">primals</Setting>
					<Setting Name="AType">Listen Only</Setting>
					<Setting Name="ID">TRUE</Setting>
					<Setting Name="Sav">6</Setting>
					<Setting Name="Type">NamedCA</Setting>
				</Set>
				<Set Name="36">
					<Setting Name="__Disabled">TRUE</Setting>
					<Setting Name="__SourceName">-------------------------------------------------------------------------------</Setting>
					<Setting Name="Type">Buff</Setting>
				</Set>
				<Set Name="37">
					<Setting Name="__Disabled">TRUE</Setting>
					<Setting Name="__SourceName">Claw of Khati Sha</Setting>
					<Setting Name="ATag">primals</Setting>
					<Setting Name="AType">Listen Only</Setting>
					<Setting Name="Sav">6</Setting>
					<Setting Name="Tag">slot 1</Setting>
					<Setting Name="Type">NamedCA</Setting>
				</Set>
				<Set Name="38">
					<Setting Name="#">1</Setting>
					<Setting Name="__SourceName">Restoration of Marisha Kur</Setting>
					<Setting Name="ATag">primals</Setting>
					<Setting Name="AType">Listen Only</Setting>
					<Setting Name="Sav">6</Setting>
					<Setting Name="Tag">slot 1</Setting>
					<Setting Name="Type">CA</Setting>
				</Set>
				<Set Name="39">
					<Setting Name="__SourceName">Chillbarrier</Setting>
					<Setting Name="ATag">primals</Setting>
					<Setting Name="AType">Listen Only</Setting>
					<Setting Name="ID">TRUE</Setting>
					<Setting Name="Sav">6</Setting>
					<Setting Name="Tag">S2 , Resets S1</Setting>
					<Setting Name="Type">CA</Setting>
				</Set>
				<Set Name="40">
					<Setting Name="#">1</Setting>
					<Setting Name="__SourceName">Astral Ravaging</Setting>
					<Setting Name="ATag">primals</Setting>
					<Setting Name="AType">Listen Only</Setting>
					<Setting Name="Sav">6</Setting>
					<Setting Name="Tag">SLOT 6</Setting>
					<Setting Name="Type">CA</Setting>
				</Set>
				<Set Name="41">
					<Setting Name="__SourceName">Enchanted Barrier</Setting>
					<Setting Name="ATag">primals</Setting>
					<Setting Name="AType">Listen Only</Setting>
					<Setting Name="ID">TRUE</Setting>
					<Setting Name="Sav">6</Setting>
					<Setting Name="Type">CA</Setting>
				</Set>
				<Set Name="42">
					<Setting Name="#">1</Setting>
					<Setting Name="__SourceName">U'lla's Resolution</Setting>
					<Setting Name="ATag">primals</Setting>
					<Setting Name="AType">Listen Only</Setting>
					<Setting Name="ID">TRUE</Setting>
					<Setting Name="Sav">6</Setting>
					<Setting Name="Type">CA</Setting>
				</Set>
				<Set Name="43">
					<Setting Name="__Disabled">TRUE</Setting>
					<Setting Name="__SourceName">-------------------------------------------------------------------------------</Setting>
					<Setting Name="Type">Buff</Setting>
				</Set>
				<Set Name="44">
					<Setting Name="__SourceName">Savagery Freeze</Setting>
					<Setting Name="ATag">primals</Setting>
					<Setting Name="AType">Listen Only</Setting>
					<Setting Name="ETag">primals</Setting>
					<Setting Name="EType">Trigger Only</Setting>
					<Setting Name="ID">TRUE</Setting>
					<Setting Name="Sav">6</Setting>
					<Setting Name="Type">NamedCA</Setting>
				</Set>
				<Set Name="45">
					<Setting Name="__SourceName">Lucky Break</Setting>
					<Setting Name="ATag">primals</Setting>
					<Setting Name="AType">Trigger Only</Setting>
					<Setting Name="ETag">primals</Setting>
					<Setting Name="EType">Listen Only</Setting>
					<Setting Name="Sav">6</Setting>
					<Setting Name="Target">@Me</Setting>
					<Setting Name="Type">Combat</Setting>
				</Set>
				<Set Name="46">
					<Setting Name="__Disabled">TRUE</Setting>
					<Setting Name="__SourceName">----------------------------Filler---------------------------------------------------------</Setting>
				</Set>
				<Set Name="47">
					<Setting Name="#">1</Setting>
					<Setting Name="__SourceName">Savage Howl</Setting>
					<Setting Name="ETag">primals</Setting>
					<Setting Name="EType">Listen Only</Setting>
					<Setting Name="Type">NamedCA</Setting>
				</Set>
				<Set Name="48">
					<Setting Name="__SourceName">Primal Consumption</Setting>
					<Setting Name="ETag">primals</Setting>
					<Setting Name="EType">Listen Only</Setting>
					<Setting Name="Type">CA</Setting>
				</Set>
				<Set Name="49">
					<Setting Name="__SourceName">Kaldrahir's Growl</Setting>
					<Setting Name="ETag">primals</Setting>
					<Setting Name="EType">Listen Only</Setting>
					<Setting Name="Type">CA</Setting>
				</Set>
				<Set Name="50">
					<Setting Name="__SourceName">Glacial Lance</Setting>
					<Setting Name="ETag">primals</Setting>
					<Setting Name="EType">Listen Only</Setting>
					<Setting Name="Type">CA</Setting>
				</Set>
				<Set Name="51">
					<Setting Name="__SourceName">Bonechiller Venom</Setting>
					<Setting Name="ETag">primals</Setting>
					<Setting Name="EType">Listen Only</Setting>
					<Setting Name="Type">CA</Setting>
				</Set>
				<Set Name="52">
					<Setting Name="__SourceName">Quick Swipe</Setting>
					<Setting Name="Aggro&lt;">90</Setting>
					<Setting Name="ETag">primals</Setting>
					<Setting Name="EType">Listen Only</Setting>
					<Setting Name="Type">CA</Setting>
				</Set>
				<Set Name="53">
					<Setting Name="__SourceName">Elnakii's Swipe</Setting>
					<Setting Name="ETag">primals</Setting>
					<Setting Name="EType">Listen Only</Setting>
					<Setting Name="Type">CA</Setting>
				</Set>
				<Set Name="54">
					<Setting Name="__Disabled">TRUE</Setting>
					<Setting Name="__SourceName">-------------------------------------------------------------------------------</Setting>
					<Setting Name="Type">Buff</Setting>
				</Set>
			</Set>
			<Set Name="AbilityRotation">
				<Set Name="1">
					<Setting Name="__SourceName">Hawk Eyes</Setting>
					<Setting Name="Dur">16</Setting>
					<Setting Name="I">TRUE</Setting>
					<Setting Name="Me">TRUE</Setting>
				</Set>
				<Set Name="2">
					<Setting Name="__SourceName">Vine Net</Setting>
					<Setting Name="Dur">24</Setting>
					<Setting Name="I">TRUE</Setting>
					<Setting Name="Me">TRUE</Setting>
				</Set>
			</Set>
			<Set Name="ItemRotation">
				<Set Name="1">
					<Setting Name="__IsItem">TRUE</Setting>
					<Setting Name="__ItemName">_EQUIPPED_Left Charm_21</Setting>
					<Setting Name="__SourceName">Item:_EQUIPPED_Left Charm_21</Setting>
					<Setting Name="Dur">40</Setting>
					<Setting Name="G">TRUE</Setting>
					<Setting Name="I">TRUE</Setting>
					<Setting Name="IRC">TRUE</Setting>
				</Set>
			</Set>
			<Set Name="Assist">
				<Set Name="1">
					<Setting Name="__SourceName">@Tank</Setting>
				</Set>
			</Set>
			<Set Name="Postcast">
				<Set Name="1">
					<Setting Name="__Disabled">TRUE</Setting>
					<Setting Name="__SourceName">Silent Talon</Setting>
					<Setting Name="After">Blindside</Setting>
				</Set>
			</Set>
			<Set Name="Loot">
				<Setting Name="checkbox_loot_ffaaccept">TRUE</Setting>
				<Setting Name="checkbox_loot_lottoaccept">TRUE</Setting>
				<Setting Name="checkbox_loot_confirmnotrade">TRUE</Setting>
				<Setting Name="checkbox_loot_nbgaccept">TRUE</Setting>
			</Set>
			<Set Name="OSA">
				<Setting Name="slider_osa_radius">149</Setting>
				<Setting Name="textentry_osa_radius">149</Setting>
				<Setting Name="checkbox_osa_targetsonly">TRUE</Setting>
			</Set>
			<Set Name="Announce">
				<Set Name="1">
					<Setting Name="__SourceName">Slice of Despair</Setting>
					<Setting Name="Target">Raid</Setting>
					<Setting Name="Txt">Casting Slice of Despair</Setting>
				</Set>
			</Set>
			<Set Name="Other">
				<Setting Name="combobox_other_curabledisable">NULL</Setting>
				<Setting Name="checkbox_other_curabledisable">FALSE</Setting>
			</Set>
			<Set Name="Debug">
				<Setting Name="checkbox_debug_casting">FALSE</Setting>
				<Setting Name="checkbox_debug_whatisthebotdoing">FALSE</Setting>
				<Setting Name="checkbox_debug_castingdetails">FALSE</Setting>
				<Setting Name="checkbox_debug_castingextras">FALSE</Setting>
			</Set>
			<Set Name="Crowd_Control">
				<Set Name="1">
					<Setting Name="__SourceName">Frigid Fortification</Setting>
				</Set>
				<Set Name="2">
					<Setting Name="__SourceName">Spiritual Feast</Setting>
				</Set>
				<Set Name="3">
					<Setting Name="__SourceName">Chillbarrier</Setting>
				</Set>
				<Set Name="4">
					<Setting Name="__SourceName">Restoration of Marisha Kur</Setting>
				</Set>
				<Set Name="5">
					<Setting Name="__SourceName">Savage Resilience</Setting>
				</Set>
				<Set Name="6">
					<Setting Name="__SourceName">U'lla's Resolution</Setting>
				</Set>
				<Set Name="7">
					<Setting Name="__SourceName">Kaldrahir's Leadership</Setting>
				</Set>
			</Set>
			<Set Name="AutoTarget">
				<Setting Name="slider_autotarget_scanheight">50</Setting>
				<Setting Name="slider_autotarget_scanradius">100</Setting>
				<Setting Name="slider_autotarget_rescantime">1</Setting>
				<Setting Name="checkbox_autotarget_enabled">FALSE</Setting>
			</Set>
			<Set Name="LoadExecute">
				<Set Name="1">
					<Setting Name="__Disabled">TRUE</Setting>
					<Setting Name="__SourceName">run talon</Setting>
				</Set>
				<Set Name="2">
					<Setting Name="__Disabled">TRUE</Setting>
					<Setting Name="__SourceName">run bl5</Setting>
				</Set>
			</Set>
			<Set Name="Ascension">
				<Setting Name="checkbox_ascension_etherflash_preventport">TRUE</Setting>
				<Setting Name="checkbox_ascension_glacialfreeze_noraidcomboing">TRUE</Setting>
			</Set>
			<Set Name="AscensionEmbargoList">
				<Set Name="1">
					<Setting Name="__SourceName">Ethershadow Assassin</Setting>
				</Set>
			</Set>
			<Set Name="Items">
				<Set Name="1">
					<Setting Name="__SourceName">_EQUIPPED_Left Charm_21</Setting>
				</Set>
				<Set Name="2">
					<Setting Name="__SourceName">_EQUIPPED_Right Charm_22</Setting>
				</Set>
			</Set>
			<Set Name="Overseer">
				<Setting Name="checkbox_overseer_no_overseer">TRUE</Setting>
				<Setting Name="checkbox_overseer_threaded">TRUE</Setting>
			</Set>
			<Set Name="Tags_AddNew">
				<Set Name="1">
					<Setting Name="__SourceName">primals</Setting>
				</Set>
				<Set Name="2">
					<Setting Name="__SourceName">AE stuff</Setting>
				</Set>
				<Set Name="3">
					<Setting Name="__SourceName">PreCastTag</Setting>
				</Set>
				<Set Name="4">
					<Setting Name="__SourceName">venom</Setting>
				</Set>
				<Set Name="5">
					<Setting Name="__SourceName">blind</Setting>
				</Set>
				<Set Name="6">
					<Setting Name="__SourceName">Primal2</Setting>
				</Set>
			</Set>
			<Set Name="Tags">
				<Set Name="1">
					<Setting Name="__SourceName">primals</Setting>
					<Setting Name="Dur">13</Setting>
					<Setting Name="I">TRUE</Setting>
					<Setting Name="M">TRUE</Setting>
					<Setting Name="Me">TRUE</Setting>
				</Set>
				<Set Name="2">
					<Setting Name="__SourceName">AE stuff</Setting>
					<Setting Name="H">TRUE</Setting>
					<Setting Name="I">TRUE</Setting>
					<Setting Name="Me">TRUE</Setting>
				</Set>
				<Set Name="3">
					<Setting Name="__SourceName">PreCastTag</Setting>
					<Setting Name="I">TRUE</Setting>
					<Setting Name="Me">TRUE</Setting>
				</Set>
				<Set Name="4">
					<Setting Name="__SourceName">venom</Setting>
					<Setting Name="I">TRUE</Setting>
					<Setting Name="Me">TRUE</Setting>
				</Set>
				<Set Name="5">
					<Setting Name="__SourceName">Primal2</Setting>
					<Setting Name="Dur">13</Setting>
					<Setting Name="I">TRUE</Setting>
					<Setting Name="M">TRUE</Setting>
					<Setting Name="Me">TRUE</Setting>
				</Set>
			</Set>
			<Set Name="HOExcludes">
				<Set Name="1">
					<Setting Name="__SourceName">Chilling Claws</Setting>
				</Set>
				<Set Name="2">
					<Setting Name="__SourceName">Feral Stance</Setting>
				</Set>
				<Set Name="3">
					<Setting Name="__SourceName">Pathfinding</Setting>
				</Set>
				<Set Name="4">
					<Setting Name="__SourceName">Savage Ruin</Setting>
				</Set>
				<Set Name="5">
					<Setting Name="__SourceName">Spiritual Stance</Setting>
				</Set>
				<Set Name="6">
					<Setting Name="__SourceName">Warder's Ferocity</Setting>
				</Set>
				<Set Name="7">
					<Setting Name="__SourceName">Callous Ferocity</Setting>
				</Set>
				<Set Name="8">
					<Setting Name="__SourceName">Hawk Eyes</Setting>
				</Set>
			</Set>
		</Set>
	</Set>
</InnerSpaceSettings>
