<?xml version='1.0' encoding='UTF-8'?>
<!-- Generated by LavishSettings v2 -->
<InnerSpaceSettings>
	<Set Name="CastStack">
		<Set Name="1">
			<Setting Name="__SourceName">Cure Magic</Setting>
			<Setting Name="Target">@Me</Setting>
			<Setting Name="Type">Cure</Setting>
		</Set>
		<Set Name="2">
			<Setting Name="__SourceName">Nightshade</Setting>
			<Setting Name="Type">Buff</Setting>
		</Set>
		<Set Name="3">
			<Setting Name="__Disabled">TRUE</Setting>
			<Setting Name="__SourceName">Grim Sorcerer</Setting>
			<Setting Name="Type">Buff</Setting>
		</Set>
		<Set Name="4">
			<Setting Name="__Disabled">TRUE</Setting>
			<Setting Name="__SourceName">-------------------------------------------------------------------------------</Setting>
			<Setting Name="Type">Buff</Setting>
		</Set>
		<Set Name="5">
			<Setting Name="%">100</Setting>
			<Setting Name="__SourceName">Consumption</Setting>
			<Setting Name="ATag">PreCast</Setting>
			<Setting Name="AType">Listen Only</Setting>
			<Setting Name="Type">Heal</Setting>
		</Set>
		<Set Name="6">
			<Setting Name="%">100</Setting>
			<Setting Name="__SourceName">Unstoppable Soul</Setting>
			<Setting Name="ATag">PreCast</Setting>
			<Setting Name="AType">Listen Only</Setting>
			<Setting Name="Target">*MT</Setting>
			<Setting Name="Type">Heal</Setting>
		</Set>
		<Set Name="7">
			<Setting Name="__Disabled">TRUE</Setting>
			<Setting Name="__SourceName">-------------------------------------------------------------------------------</Setting>
			<Setting Name="Type">Buff</Setting>
		</Set>
		<Set Name="8">
			<Setting Name="%">40</Setting>
			<Setting Name="__SourceName">Transference</Setting>
			<Setting Name="Target">*MT</Setting>
			<Setting Name="Type">Heal</Setting>
		</Set>
		<Set Name="9">
			<Setting Name="%">30</Setting>
			<Setting Name="__SourceName">Transference</Setting>
			<Setting Name="Target">@Healer1</Setting>
			<Setting Name="Type">Heal</Setting>
		</Set>
		<Set Name="10">
			<Setting Name="%">30</Setting>
			<Setting Name="__SourceName">Transfer Life</Setting>
			<Setting Name="Target">*Healer1</Setting>
			<Setting Name="Type">Heal</Setting>
		</Set>
		<Set Name="11">
			<Setting Name="%">15</Setting>
			<Setting Name="__SourceName">Transfer Life</Setting>
			<Setting Name="Target">@Group</Setting>
			<Setting Name="Type">Heal</Setting>
		</Set>
		<Set Name="12">
			<Setting Name="__Disabled">TRUE</Setting>
			<Setting Name="__SourceName">Revivication</Setting>
			<Setting Name="Target">*MT</Setting>
			<Setting Name="Type">Res</Setting>
		</Set>
		<Set Name="13">
			<Setting Name="__SourceName">Revivication</Setting>
			<Setting Name="Target">@Healer1</Setting>
			<Setting Name="Type">Res</Setting>
		</Set>
		<Set Name="14">
			<Setting Name="__SourceName">Revivication</Setting>
			<Setting Name="Target">@Group</Setting>
			<Setting Name="Type">Res</Setting>
		</Set>
		<Set Name="15">
			<Setting Name="__SourceName">Revivication</Setting>
			<Setting Name="Target">@Raid</Setting>
			<Setting Name="Type">Res</Setting>
		</Set>
		<Set Name="16">
			<Setting Name="__Disabled">TRUE</Setting>
			<Setting Name="__SourceName">-------------------------------------------------------------------------------</Setting>
			<Setting Name="Type">Buff</Setting>
		</Set>
		<Set Name="17">
			<Setting Name="__SourceName">Consumption</Setting>
			<Setting Name="Type">Combat</Setting>
		</Set>
		<Set Name="18">
			<Setting Name="#">2</Setting>
			<Setting Name="__SourceName">Pandemic</Setting>
			<Setting Name="Type">CA</Setting>
		</Set>
		<Set Name="19">
			<Setting Name="#">2</Setting>
			<Setting Name="__SourceName">Bloodcloud</Setting>
			<Setting Name="Type">CA</Setting>
		</Set>
		<Set Name="20">
			<Setting Name="#">1</Setting>
			<Setting Name="__SourceName">Theurgist's Detonation</Setting>
			<Setting Name="Type">CA</Setting>
		</Set>
		<Set Name="21">
			<Setting Name="__SourceName">Awaken Grave</Setting>
			<Setting Name="Type">CA</Setting>
		</Set>
		<Set Name="22">
			<Setting Name="#">3</Setting>
			<Setting Name="__SourceName">Pestilent Soul</Setting>
			<Setting Name="Type">CA</Setting>
		</Set>
		<Set Name="23">
			<Setting Name="__SourceName">Shadowstep</Setting>
			<Setting Name="Type">CA</Setting>
		</Set>
		<Set Name="24">
			<Setting Name="__SourceName">Mortality Mark</Setting>
			<Setting Name="Type">NamedCA</Setting>
		</Set>
		<Set Name="25">
			<Setting Name="__SourceName">Vampire Bats</Setting>
			<Setting Name="Type">CA</Setting>
		</Set>
		<Set Name="26">
			<Setting Name="__SourceName">Blighted Horde</Setting>
			<Setting Name="Type">CA</Setting>
		</Set>
		<Set Name="27">
			<Setting Name="#">1</Setting>
			<Setting Name="__SourceName">Undead Horde</Setting>
			<Setting Name="Type">NamedCA</Setting>
		</Set>
		<Set Name="28">
			<Setting Name="__SourceName">Feasting Soul</Setting>
			<Setting Name="Type">CA</Setting>
		</Set>
		<Set Name="29">
			<Setting Name="__SourceName">Lifetap</Setting>
			<Setting Name="Type">CA</Setting>
		</Set>
		<Set Name="30">
			<Setting Name="__SourceName">Soulrot</Setting>
			<Setting Name="Type">CA</Setting>
		</Set>
		<Set Name="31">
			<Setting Name="__SourceName">Master's Strike</Setting>
			<Setting Name="Type">CA</Setting>
		</Set>
		<Set Name="32">
			<Setting Name="__SourceName">Siphoning of Souls</Setting>
			<Setting Name="Type">CA</Setting>
		</Set>
		<Set Name="33">
			<Setting Name="__SourceName">Bloodcoil</Setting>
			<Setting Name="Type">CA</Setting>
		</Set>
		<Set Name="34">
			<Setting Name="#">1</Setting>
			<Setting Name="__SourceName">Bloodcloud</Setting>
			<Setting Name="Type">CA</Setting>
		</Set>
		<Set Name="35">
			<Setting Name="__SourceName">Animated Dagger</Setting>
			<Setting Name="Type">CA</Setting>
		</Set>
		<Set Name="36">
			<Setting Name="#">2</Setting>
			<Setting Name="__SourceName">Pandemic</Setting>
			<Setting Name="Type">CA</Setting>
		</Set>
		<Set Name="37">
			<Setting Name="__SourceName">Dooming Darkness</Setting>
			<Setting Name="Type">CA</Setting>
		</Set>
		<Set Name="38">
			<Setting Name="__Disabled">TRUE</Setting>
			<Setting Name="__SourceName">-------------------------------------------------------------------------------</Setting>
			<Setting Name="Type">Buff</Setting>
		</Set>
		<Set Name="39">
			<Setting Name="__IsItem">TRUE</Setting>
			<Setting Name="__ItemName">Grandmaster's Elixir of Second Sight</Setting>
			<Setting Name="__SourceName">Item:Grandmaster's Elixir of Second Sight</Setting>
			<Setting Name="Type">Buff</Setting>
		</Set>
		<Set Name="40">
			<Setting Name="__SourceName">Howl of the Damned</Setting>
			<Setting Name="Type">Buff</Setting>
		</Set>
		<Set Name="41">
			<Setting Name="__SourceName">Lich</Setting>
			<Setting Name="Type">Buff</Setting>
		</Set>
		<Set Name="42">
			<Setting Name="__SourceName">Necromantic Pact</Setting>
			<Setting Name="Type">Buff</Setting>
		</Set>
		<Set Name="43">
			<Setting Name="__SourceName">Rending</Setting>
			<Setting Name="Type">Buff</Setting>
		</Set>
		<Set Name="44">
			<Setting Name="__SourceName">Unholy Covenant</Setting>
			<Setting Name="Type">Buff</Setting>
		</Set>
		<Set Name="45">
			<Setting Name="__SourceName">Magi's Shielding</Setting>
			<Setting Name="Type">Buff</Setting>
		</Set>
		<Set Name="46">
			<Setting Name="__SourceName">Teachings of the Underworld</Setting>
			<Setting Name="Type">Buff</Setting>
		</Set>
		<Set Name="47">
			<Setting Name="__SourceName">Cabalistic Conservation</Setting>
			<Setting Name="Type">Buff</Setting>
		</Set>
		<Set Name="48">
			<Setting Name="__SourceName">Falling Grace</Setting>
			<Setting Name="Type">NonCombatBuff</Setting>
		</Set>
		<Set Name="49">
			<Setting Name="__SourceName">Shrink Servant</Setting>
			<Setting Name="Type">NonCombatBuff</Setting>
		</Set>
		<Set Name="50">
			<Setting Name="__Disabled">TRUE</Setting>
			<Setting Name="__SourceName">-------------------------------------------------------------------------------</Setting>
			<Setting Name="Type">Buff</Setting>
		</Set>
	</Set>
</InnerSpaceSettings>
