﻿<?xml version='1.0' encoding='UTF-8'?>
<!-- Generated by LavishSettings v2 -->
<InnerSpaceSettings>
	<Set Name="Profiles">
		<Setting Name="DefaultProfiles">Jiimbo-ROK-Assassin</Setting>
		<Set Name="Jiimbo-ROK-Assassin">
			<Set Name="Settings">
				<Setting Name="checkbox_settings_buffs">TRUE</Setting>
				<Setting Name="checkbox_settings_combatarts">TRUE</Setting>
				<Setting Name="checkbox_settings_namedcombatarts">TRUE</Setting>
				<Setting Name="checkbox_settings_rangedattack">TRUE</Setting>
				<Setting Name="checkbox_settings_autoattacktiming">TRUE</Setting>
				<Setting Name="checkbox_settings_meleeattack">TRUE</Setting>
				<Setting Name="checkbox_settings_ignoretargettoattackhealthcheck">TRUE</Setting>
				<Setting Name="checkbox_settings_loot">FALSE</Setting>
				<Setting Name="checkbox_settings_acceptloot">TRUE</Setting>
				<Setting Name="checkbox_settings_acceptres">TRUE</Setting>
				<Setting Name="checkbox_settings_prioritytab">TRUE</Setting>
				<Setting Name="checkbox_settings_acceptinvites">TRUE</Setting>
				<Setting Name="checkbox_settings_enablealiases">TRUE</Setting>
				<Setting Name="checkbox_settings_enableogremcp">FALSE</Setting>
				<Setting Name="checkbox_settings_enableonscreenassistant">FALSE</Setting>
				<Setting Name="checkbox_settings_enableannouncetab">TRUE</Setting>
				<Setting Name="checkbox_settings_raidoptions">TRUE</Setting>
				<Setting Name="checkbox_settings_grindoptions">TRUE</Setting>
				<Setting Name="checkbox_settings_encountersmartnukes">FALSE</Setting>
				<Setting Name="checkbox_settings_aesmartnukes">TRUE</Setting>
				<Setting Name="checkbox_settings_autotargetwhenhated">TRUE</Setting>
				<Setting Name="checkbox_settings_res">FALSE</Setting>
				<Setting Name="checkbox_settings_dopowerheals">TRUE</Setting>
				<Setting Name="checkbox_settings_assist">TRUE</Setting>
				<Setting Name="checkbox_settings_autofollow">FALSE</Setting>
				<Setting Name="checkbox_settings_chaintab">TRUE</Setting>
				<Setting Name="checkbox_settings_movetoarea">TRUE</Setting>
				<Setting Name="checkbox_settings_doho">FALSE</Setting>
				<Setting Name="checkbox_settings_facenpc">TRUE</Setting>
				<Setting Name="checkbox_settings_turnoffattack">TRUE</Setting>
				<Setting Name="checkbox_settings_movemelee">FALSE</Setting>
				<Setting Name="checkbox_settings_movebehind">FALSE</Setting>
				<Setting Name="checkbox_settings_cancelinvisaftercombat">FALSE</Setting>
				<Setting Name="checkbox_settings_ignoremovetoattackhealthcheck">TRUE</Setting>
				<Setting Name="checkbox_settings_acceptnochoicerewards">TRUE</Setting>
				<Setting Name="checkbox_settings_forcenamedcatab">TRUE</Setting>
				<Setting Name="checkbox_settings_enable_tag_embargo">TRUE</Setting>
				<Setting Name="checkbox_settings_enable_tag_allow">TRUE</Setting>
				<Setting Name="checkbox_settings_enable_abilityrotate">TRUE</Setting>
				<Setting Name="checkbox_settings_enable_itemrotate">TRUE</Setting>
				<Setting Name="checkbox_settings_enable_chatevents">TRUE</Setting>
				<Setting Name="checkbox_settings_accept_zonein_confirmation">TRUE</Setting>
				<Setting Name="checkbox_settings_summon_familiar">TRUE</Setting>
				<Setting Name="checkbox_settings_consumeitems">TRUE</Setting>
				<Setting Name="checkbox_settings_disable_dbc_claim">TRUE</Setting>
				<Setting Name="checkbox_settings_globally_mute_abilityrotation">TRUE</Setting>
				<Setting Name="checkbox_settings_no_overseer">TRUE</Setting>
				<Setting Name="checkbox_settings_cancelabilitiestogroupcure">TRUE</Setting>
				<Setting Name="checkbox_settings_autoshare_missions">TRUE</Setting>
				<Setting Name="checkbox_settings_auto_use_temporary_mount_reduction">FALSE</Setting>
				<Setting Name="checkbox_settings_castwhilemoving">TRUE</Setting>
				<Setting Name="checkbox_settings_enable_spawnevents">TRUE</Setting>
				<Setting Name="checkbox_settings_enable_despawnevents">TRUE</Setting>
				<Setting Name="checkbox_settings_ability_tracker">TRUE</Setting>
				<Setting Name="checkbox_settings_disablecaststack_res">TRUE</Setting>
				<Setting Name="checkbox_settings_wait_recovery_time">FALSE</Setting>
				<Setting Name="checkbox_settings_use_reduced_stun_checks">TRUE</Setting>
			</Set>
			<Set Name="Setup">
				<Setting Name="textentry_setup_percenttoattack">99</Setting>
				<Setting Name="textentry_setup_moveintoattackrangehealthpercent">99</Setting>
				<Setting Name="textentry_setup_petpercenttoattack">97</Setting>
				<Setting Name="textentry_setup_powertousecas">5</Setting>
				<Setting Name="textentry_setup_healthtousecas">5</Setting>
				<Setting Name="textentry_setup_percenttousemanastone">10</Setting>
				<Setting Name="textentry_setup_percenttouseshards">10</Setting>
				<Setting Name="textentry_setup_reswaittimer">2</Setting>
				<Setting Name="checkbox_setup_broadcasttellstouplink">TRUE</Setting>
				<Setting Name="checkbox_setup_receivetellsfromuplink">FALSE</Setting>
				<Setting Name="combobox_setup_autofollowname">@Tank</Setting>
				<Setting Name="combobox_setup_shardcaster">Disabled</Setting>
				<Setting Name="combobox_setup_heartcaster">Disabled</Setting>
				<Setting Name="textentry_setup_spellrangeextender">0</Setting>
				<Setting Name="textentry_setup_moveintomeleerangemaxdistance">400</Setting>
				<Setting Name="textentry_setup_autofollowmaxdistance">500</Setting>
			</Set>
			<Set Name="SetupInvis">
				<Set Name="1">
					<Setting Name="__SourceName">Stalk</Setting>
				</Set>
				<Set Name="2">
					<Setting Name="__SourceName">Concealment</Setting>
				</Set>
			</Set>
			<Set Name="CastStack">
				<Set Name="1">
					<Setting Name="__SourceName">-------------------------------------------------------------------------------</Setting>
					<Setting Name="Type">CA</Setting>
				</Set>
				<Set Name="2">
					<Setting Name="__SourceName">Assassinate</Setting>
					<Setting Name="Type">NamedCA</Setting>
				</Set>
				<Set Name="3">
					<Setting Name="__SourceName">Masked Strike</Setting>
					<Setting Name="ATag">send</Setting>
					<Setting Name="AType">Trigger Only</Setting>
					<Setting Name="Type">NamedCA</Setting>
				</Set>
				<Set Name="4">
					<Setting Name="__SourceName">Mortal Blade</Setting>
					<Setting Name="ATag">send</Setting>
					<Setting Name="AType">Listen Only</Setting>
					<Setting Name="Type">NamedCA</Setting>
				</Set>
				<Set Name="5">
					<Setting Name="__SourceName">Eviscerate</Setting>
					<Setting Name="ATag">send</Setting>
					<Setting Name="AType">Listen Only</Setting>
					<Setting Name="Type">NamedCA</Setting>
				</Set>
				<Set Name="6">
					<Setting Name="__SourceName">Jugular Slice</Setting>
					<Setting Name="ATag">send</Setting>
					<Setting Name="AType">Listen Only</Setting>
					<Setting Name="Type">NamedCA</Setting>
				</Set>
				<Set Name="7">
					<Setting Name="__SourceName">Massacre</Setting>
					<Setting Name="ATag">send</Setting>
					<Setting Name="AType">Listen Only</Setting>
					<Setting Name="IAE">TRUE</Setting>
					<Setting Name="Type">NamedCA</Setting>
				</Set>
				<Set Name="8">
					<Setting Name="__SourceName">Stealth Assault</Setting>
					<Setting Name="ATag">send</Setting>
					<Setting Name="AType">Listen Only</Setting>
					<Setting Name="IAE">TRUE</Setting>
					<Setting Name="ID">TRUE</Setting>
					<Setting Name="Type">NamedCA</Setting>
				</Set>
				<Set Name="9">
					<Setting Name="__SourceName">Ambush</Setting>
					<Setting Name="ATag">send</Setting>
					<Setting Name="AType">Listen Only</Setting>
					<Setting Name="Type">NamedCA</Setting>
				</Set>
				<Set Name="10">
					<Setting Name="__SourceName">-------------------------------------------------------------------------------</Setting>
					<Setting Name="Type">CA</Setting>
				</Set>
				<Set Name="11">
					<Setting Name="__Disabled">TRUE</Setting>
					<Setting Name="__SourceName">Evade</Setting>
					<Setting Name="Aggro&lt;">99</Setting>
					<Setting Name="Type">CA</Setting>
				</Set>
				<Set Name="12">
					<Setting Name="__Disabled">TRUE</Setting>
					<Setting Name="__SourceName">Death Mark</Setting>
					<Setting Name="ID">TRUE</Setting>
					<Setting Name="Type">CA</Setting>
				</Set>
				<Set Name="13">
					<Setting Name="__Disabled">TRUE</Setting>
					<Setting Name="__SourceName">Death Blow</Setting>
					<Setting Name="Type">CA</Setting>
				</Set>
				<Set Name="14">
					<Setting Name="__Disabled">TRUE</Setting>
					<Setting Name="__SourceName">Sinister Strike</Setting>
					<Setting Name="Type">CA</Setting>
				</Set>
				<Set Name="15">
					<Setting Name="__Disabled">TRUE</Setting>
					<Setting Name="__SourceName">Torture</Setting>
					<Setting Name="N_HP&lt;">35</Setting>
					<Setting Name="Type">NamedDebuff</Setting>
				</Set>
				<Set Name="16">
					<Setting Name="__Disabled">TRUE</Setting>
					<Setting Name="__SourceName">Caltrops</Setting>
					<Setting Name="N_HP&lt;">35</Setting>
					<Setting Name="Type">NamedDebuff</Setting>
				</Set>
				<Set Name="17">
					<Setting Name="__Disabled">TRUE</Setting>
					<Setting Name="__SourceName">Head Shot</Setting>
					<Setting Name="Type">CA</Setting>
				</Set>
				<Set Name="18">
					<Setting Name="__Disabled">TRUE</Setting>
					<Setting Name="__SourceName">Spine Shot</Setting>
					<Setting Name="Type">CA</Setting>
				</Set>
				<Set Name="19">
					<Setting Name="__Disabled">TRUE</Setting>
					<Setting Name="__SourceName">Deadly Shot</Setting>
					<Setting Name="Type">CA</Setting>
				</Set>
				<Set Name="20">
					<Setting Name="__Disabled">TRUE</Setting>
					<Setting Name="__SourceName">Gushing Wound</Setting>
					<Setting Name="Type">CA</Setting>
				</Set>
				<Set Name="21">
					<Setting Name="__Disabled">TRUE</Setting>
					<Setting Name="__SourceName">Impale</Setting>
					<Setting Name="Type">CA</Setting>
				</Set>
				<Set Name="22">
					<Setting Name="__Disabled">TRUE</Setting>
					<Setting Name="__SourceName">-------------------------------------------------------------------------------</Setting>
					<Setting Name="Type">Buff</Setting>
				</Set>
				<Set Name="23">
					<Setting Name="__Disabled">TRUE</Setting>
					<Setting Name="__SourceName">Deadly Focus</Setting>
					<Setting Name="Target">@Me</Setting>
					<Setting Name="Type">Combat</Setting>
				</Set>
				<Set Name="24">
					<Setting Name="__Disabled">TRUE</Setting>
					<Setting Name="__SourceName">Honed Reflexes</Setting>
					<Setting Name="Target">@Me</Setting>
					<Setting Name="Type">Combat</Setting>
				</Set>
				<Set Name="25">
					<Setting Name="__Disabled">TRUE</Setting>
					<Setting Name="__SourceName">Exacting</Setting>
					<Setting Name="Target">@Me</Setting>
					<Setting Name="Type">Combat</Setting>
				</Set>
				<Set Name="26">
					<Setting Name="__Disabled">TRUE</Setting>
					<Setting Name="__SourceName">-------------------------------------------------------------------------------</Setting>
					<Setting Name="Type">Buff</Setting>
				</Set>
				<Set Name="27">
					<Setting Name="__Disabled">TRUE</Setting>
					<Setting Name="__SourceName">Paralyzing Strike</Setting>
					<Setting Name="Type">CA</Setting>
				</Set>
				<Set Name="28">
					<Setting Name="__Disabled">TRUE</Setting>
					<Setting Name="__SourceName">Bladed Opening</Setting>
					<Setting Name="Type">CA</Setting>
				</Set>
				<Set Name="29">
					<Setting Name="__Disabled">TRUE</Setting>
					<Setting Name="__SourceName">Crippling Strike</Setting>
					<Setting Name="Type">CA</Setting>
				</Set>
				<Set Name="30">
					<Setting Name="__Disabled">TRUE</Setting>
					<Setting Name="__SourceName">Quick Strike</Setting>
					<Setting Name="Type">CA</Setting>
				</Set>
				<Set Name="31">
					<Setting Name="__Disabled">TRUE</Setting>
					<Setting Name="__SourceName">Masked Strike</Setting>
					<Setting Name="Type">CA</Setting>
				</Set>
				<Set Name="32">
					<Setting Name="__Disabled">TRUE</Setting>
					<Setting Name="__SourceName">Improvised Weapon</Setting>
					<Setting Name="Type">CA</Setting>
				</Set>
				<Set Name="33">
					<Setting Name="__Disabled">TRUE</Setting>
					<Setting Name="__SourceName">-------------------------------------------------------------------------------</Setting>
					<Setting Name="Type">Buff</Setting>
				</Set>
				<Set Name="34">
					<Setting Name="%">100</Setting>
					<Setting Name="__SourceName">Honed Reflexes</Setting>
					<Setting Name="ATag">PreCastTag</Setting>
					<Setting Name="AType">Listen Only</Setting>
					<Setting Name="Type">Heal</Setting>
				</Set>
				<Set Name="35">
					<Setting Name="%">100</Setting>
					<Setting Name="__SourceName">Deadly Focus</Setting>
					<Setting Name="ATag">PreCastTag</Setting>
					<Setting Name="AType">Listen Only</Setting>
					<Setting Name="Type">Heal</Setting>
				</Set>
				<Set Name="36">
					<Setting Name="%">100</Setting>
					<Setting Name="__SourceName">Exacting</Setting>
					<Setting Name="ATag">PreCastTag</Setting>
					<Setting Name="AType">Listen Only</Setting>
					<Setting Name="Type">Heal</Setting>
				</Set>
				<Set Name="37">
					<Setting Name="__Disabled">TRUE</Setting>
					<Setting Name="__SourceName">-------------------------------------------------------------------------------</Setting>
					<Setting Name="Type">CA</Setting>
				</Set>
				<Set Name="38">
					<Setting Name="__SourceName">Assassin's Flurry</Setting>
					<Setting Name="Type">Buff</Setting>
				</Set>
				<Set Name="39">
					<Setting Name="__SourceName">Apply Poison</Setting>
					<Setting Name="Target">@Bard</Setting>
					<Setting Name="Type">Buff</Setting>
				</Set>
				<Set Name="40">
					<Setting Name="__SourceName">Devoted Shadeweaver Sidekick</Setting>
					<Setting Name="Type">Buff</Setting>
				</Set>
				<Set Name="41">
					<Setting Name="__SourceName">Guild Buff</Setting>
					<Setting Name="Type">Buff</Setting>
				</Set>
				<Set Name="42">
					<Setting Name="__SourceName">Murderous Design</Setting>
					<Setting Name="Target">@Tank</Setting>
					<Setting Name="Type">Buff</Setting>
				</Set>
				<Set Name="43">
					<Setting Name="__SourceName">Pathfinding</Setting>
					<Setting Name="Type">Buff</Setting>
				</Set>
				<Set Name="44">
					<Setting Name="__SourceName">Villainy</Setting>
					<Setting Name="Type">Buff</Setting>
				</Set>
				<Set Name="45">
					<Setting Name="__SourceName">Whirling Blades</Setting>
					<Setting Name="Type">Buff</Setting>
				</Set>
				<Set Name="46">
					<Setting Name="__SourceName">-------------------------------------------------------------------------------</Setting>
					<Setting Name="Type">CA</Setting>
				</Set>
				<Set Name="47">
					<Setting Name="__SourceName">Concealment</Setting>
					<Setting Name="Type">NamedCA</Setting>
				</Set>
			</Set>
			<Set Name="Assist">
				<Set Name="1">
					<Setting Name="__SourceName">@Tank</Setting>
				</Set>
			</Set>
			<Set Name="Precast">
				<Set Name="1">
					<Setting Name="__SourceName">Stalk</Setting>
					<Setting Name="On">Assassinate</Setting>
				</Set>
			</Set>
			<Set Name="Postcast">
				<Set Name="1">
					<Setting Name="__SourceName">Assassinate</Setting>
					<Setting Name="After">Stalk</Setting>
				</Set>
				<Set Name="2">
					<Setting Name="__SourceName">Concealment</Setting>
					<Setting Name="After">Assassinate</Setting>
				</Set>
				<Set Name="3">
					<Setting Name="__SourceName">Mortal Blade</Setting>
					<Setting Name="After">Concealment</Setting>
				</Set>
				<Set Name="4">
					<Setting Name="__SourceName">Eviscerate</Setting>
					<Setting Name="After">Mortal Blade</Setting>
				</Set>
				<Set Name="5">
					<Setting Name="__SourceName">Jugular Slice</Setting>
					<Setting Name="After">Eviscerate</Setting>
				</Set>
				<Set Name="6">
					<Setting Name="__SourceName">Massacre</Setting>
					<Setting Name="After">Jugular Slice</Setting>
				</Set>
			</Set>
			<Set Name="Loot">
				<Setting Name="checkbox_loot_ffaaccept">TRUE</Setting>
				<Setting Name="checkbox_loot_confirmnotrade">TRUE</Setting>
			</Set>
			<Set Name="OSA">
				<Setting Name="slider_osa_radius">149</Setting>
				<Setting Name="textentry_osa_radius">149</Setting>
				<Setting Name="checkbox_osa_targetsonly">TRUE</Setting>
			</Set>
			<Set Name="Announce">
				<Set Name="1">
					<Setting Name="__SourceName">Slice of Despair</Setting>
					<Setting Name="Target">Raid</Setting>
					<Setting Name="Txt">Casting Slice of Despair</Setting>
				</Set>
			</Set>
			<Set Name="Other">
				<Setting Name="combobox_other_curabledisable">NULL</Setting>
				<Setting Name="checkbox_other_curabledisable">FALSE</Setting>
			</Set>
			<Set Name="Assassin">
				<Setting Name="checkbox_assassin_exploitweakness">TRUE</Setting>
			</Set>
			<Set Name="Debug">
				<Setting Name="checkbox_debug_casting">TRUE</Setting>
				<Setting Name="checkbox_debug_castingcompleted">TRUE</Setting>
				<Setting Name="checkbox_debug_castingdetails">TRUE</Setting>
				<Setting Name="checkbox_debug_whatisthebotdoing">TRUE</Setting>
				<Setting Name="checkbox_debug_announce">FALSE</Setting>
				<Setting Name="checkbox_debug_failedcasts">FALSE</Setting>
			</Set>
			<Set Name="AutoTarget">
				<Setting Name="slider_autotarget_scanradius">35</Setting>
				<Setting Name="checkbox_autotarget_enabled">FALSE</Setting>
				<Setting Name="slider_autotarget_scanheight">20</Setting>
				<Setting Name="slider_autotarget_rescantime">507</Setting>
				<Setting Name="checkbox_autotarget_outofcombatscanning">FALSE</Setting>
			</Set>
			<Set Name="OgreConsole">
				<Setting Name="textentry_ogreconsole_x">757</Setting>
				<Setting Name="textentry_ogreconsole_y">29</Setting>
				<Setting Name="textentry_ogreconsole_width">632</Setting>
				<Setting Name="textentry_ogreconsole_height">125</Setting>
				<Setting Name="checkbox_ogreconsole_neverautoopen">TRUE</Setting>
				<Setting Name="checkbox_ogreconsole_hideonload">TRUE</Setting>
			</Set>
			<Set Name="AbilityResearchSettings">
				<Setting Name="checkbox_abilityresearch_sort_name">FALSE</Setting>
			</Set>
			<Set Name="Overseer">
				<Setting Name="checkbox_overseer_skip_treasured_quests">TRUE</Setting>
				<Setting Name="checkbox_overseer_skip_mishap">TRUE</Setting>
			</Set>
			<Set Name="Tags_AddNew">
				<Set Name="1">
					<Setting Name="__SourceName">PreCastTag</Setting>
				</Set>
				<Set Name="2">
					<Setting Name="__SourceName">send</Setting>
				</Set>
			</Set>
			<Set Name="Tags">
				<Set Name="1">
					<Setting Name="__SourceName">PreCastTag</Setting>
					<Setting Name="I">TRUE</Setting>
					<Setting Name="IRC">TRUE</Setting>
				</Set>
				<Set Name="2">
					<Setting Name="__SourceName">send</Setting>
					<Setting Name="Dur">10</Setting>
					<Setting Name="I">TRUE</Setting>
				</Set>
			</Set>
		</Set>
	</Set>
</InnerSpaceSettings>
