﻿<?xml version='1.0' encoding='UTF-8'?>
<!-- Generated by LavishSettings v2 -->
<InnerSpaceSettings>
	<Set Name="Profiles">
		<Setting Name="DefaultProfiles">Jiimbo_TOV_Channeler</Setting>
		<Set Name="Jiimbo_TOV_Channeler">
			<Set Name="Settings">
				<Setting Name="checkbox_settings_buffs">TRUE</Setting>
				<Setting Name="checkbox_settings_combatarts">TRUE</Setting>
				<Setting Name="checkbox_settings_namedcombatarts">TRUE</Setting>
				<Setting Name="checkbox_settings_rangedattack">TRUE</Setting>
				<Setting Name="checkbox_settings_autoattacktiming">FALSE</Setting>
				<Setting Name="checkbox_settings_meleeattack">FALSE</Setting>
				<Setting Name="checkbox_settings_ignoretargettoattackhealthcheck">TRUE</Setting>
				<Setting Name="checkbox_settings_loot">TRUE</Setting>
				<Setting Name="checkbox_settings_acceptloot">TRUE</Setting>
				<Setting Name="checkbox_settings_acceptres">TRUE</Setting>
				<Setting Name="checkbox_settings_prioritytab">TRUE</Setting>
				<Setting Name="checkbox_settings_acceptinvites">TRUE</Setting>
				<Setting Name="checkbox_settings_enablealiases">TRUE</Setting>
				<Setting Name="checkbox_settings_enableogremcp">FALSE</Setting>
				<Setting Name="checkbox_settings_enableonscreenassistant">FALSE</Setting>
				<Setting Name="checkbox_settings_enableannouncetab">TRUE</Setting>
				<Setting Name="checkbox_settings_raidoptions">TRUE</Setting>
				<Setting Name="checkbox_settings_grindoptions">TRUE</Setting>
				<Setting Name="checkbox_settings_encountersmartnukes">TRUE</Setting>
				<Setting Name="checkbox_settings_aesmartnukes">TRUE</Setting>
				<Setting Name="checkbox_settings_autotargetwhenhated">TRUE</Setting>
				<Setting Name="checkbox_settings_res">TRUE</Setting>
				<Setting Name="checkbox_settings_dopowerheals">FALSE</Setting>
				<Setting Name="checkbox_settings_assist">TRUE</Setting>
				<Setting Name="checkbox_settings_autofollow">FALSE</Setting>
				<Setting Name="checkbox_settings_chaintab">FALSE</Setting>
				<Setting Name="checkbox_settings_movetoarea">TRUE</Setting>
				<Setting Name="checkbox_settings_doho">FALSE</Setting>
				<Setting Name="checkbox_settings_facenpc">FALSE</Setting>
				<Setting Name="checkbox_settings_turnoffattack">TRUE</Setting>
				<Setting Name="checkbox_settings_enablepetsindropdowns">TRUE</Setting>
				<Setting Name="checkbox_settings_cancelabilitiestogroupcure">TRUE</Setting>
				<Setting Name="checkbox_settings_forcenamedcatab">FALSE</Setting>
				<Setting Name="checkbox_settings_movebehind">FALSE</Setting>
				<Setting Name="checkbox_settings_movemelee">FALSE</Setting>
				<Setting Name="checkbox_settings_ignoremovetoattackhealthcheck">TRUE</Setting>
				<Setting Name="checkbox_settings_enableitemsinabilitylists">TRUE</Setting>
				<Setting Name="checkbox_settings_acceptraidreadychecks">TRUE</Setting>
				<Setting Name="checkbox_settings_acceptdungeonfinderisready">TRUE</Setting>
				<Setting Name="checkbox_settings_autospend_deitypoints">TRUE</Setting>
				<Setting Name="checkbox_settings_enable_chatevents">TRUE</Setting>
				<Setting Name="checkbox_settings_enable_spawnevents">TRUE</Setting>
				<Setting Name="checkbox_settings_globally_mute_abilityrotation">TRUE</Setting>
				<Setting Name="checkbox_settings_no_overseer">TRUE</Setting>
				<Setting Name="checkbox_settings_auto_use_temporary_research_reduction">TRUE</Setting>
				<Setting Name="checkbox_settings_auto_use_temporary_familiar_experience">TRUE</Setting>
				<Setting Name="checkbox_settings_auto_use_temporary_mount_reduction">TRUE</Setting>
				<Setting Name="checkbox_settings_accept_zonein_confirmation">TRUE</Setting>
				<Setting Name="checkbox_settings_autoshare_missions">TRUE</Setting>
				<Setting Name="checkbox_settings_acceptnochoicerewards">TRUE</Setting>
				<Setting Name="checkbox_settings_ascension_embargo_and_combos">FALSE</Setting>
				<Setting Name="checkbox_settings_display_ethereal_mission_info">FALSE</Setting>
				<Setting Name="checkbox_settings_disablemercsupport">TRUE</Setting>
				<Setting Name="checkbox_settings_disablecaststack_items">FALSE</Setting>
				<Setting Name="checkbox_settings_summon_familiar">TRUE</Setting>
				<Setting Name="checkbox_settings_disablecaststack_heal">FALSE</Setting>
				<Setting Name="checkbox_settings_disablecaststack_combat">FALSE</Setting>
				<Setting Name="checkbox_settings_disablecaststack_res">FALSE</Setting>
				<Setting Name="checkbox_settings_enablepvp">TRUE</Setting>
				<Setting Name="checkbox_settings_disablecaststack_cure">FALSE</Setting>
				<Setting Name="checkbox_settings_castwhilemoving">TRUE</Setting>
				<Setting Name="checkbox_settings_enable_itemrotate">TRUE</Setting>
				<Setting Name="checkbox_settings_enable_abilityrotate">TRUE</Setting>
				<Setting Name="checkbox_settings_donotcheckresearchonload">TRUE</Setting>
				<Setting Name="checkbox_settings_enable_tag_allow">TRUE</Setting>
				<Setting Name="checkbox_settings_enable_tag_embargo">TRUE</Setting>
				<Setting Name="checkbox_settings_disable_dbc_claim">TRUE</Setting>
				<Setting Name="checkbox_settings_disablecaststack_buffs">FALSE</Setting>
				<Setting Name="checkbox_settings_donotsendpettoattack">FALSE</Setting>
				<Setting Name="checkbox_settings_disableabilitycollisionchecks">TRUE</Setting>
				<Setting Name="checkbox_settings_disablecaststack_curecurse">FALSE</Setting>
				<Setting Name="checkbox_settings_disablecaststack">FALSE</Setting>
				<Setting Name="checkbox_settings_ho_start">FALSE</Setting>
				<Setting Name="checkbox_settings_ho_starter">TRUE</Setting>
				<Setting Name="checkbox_settings_ho_wheel">TRUE</Setting>
				<Setting Name="checkbox_settings_npc_cast_monitoring">TRUE</Setting>
				<Setting Name="checkbox_settings_consumeitems">TRUE</Setting>
				<Setting Name="checkbox_settings_ability_tracker">TRUE</Setting>
				<Setting Name="checkbox_settings_nostuns">FALSE</Setting>
				<Setting Name="checkbox_settings_nointerrupts">FALSE</Setting>
				<Setting Name="checkbox_settings_nostifles">FALSE</Setting>
				<Setting Name="checkbox_settings_nodispels">FALSE</Setting>
				<Setting Name="checkbox_settings_nofears">FALSE</Setting>
				<Setting Name="checkbox_settings_nodazes">FALSE</Setting>
				<Setting Name="checkbox_settings_use_reduced_stun_checks">TRUE</Setting>
				<Setting Name="checkbox_settings_enablequestcompare">FALSE</Setting>
				<Setting Name="checkbox_settings_loot_incombat">TRUE</Setting>
				<Setting Name="checkbox_settings_allow_specials_to_be_targets">TRUE</Setting>
				<Setting Name="checkbox_settings_enable_despawnevents">TRUE</Setting>
				<Setting Name="checkbox_settings_spew_boz_research">TRUE</Setting>
				<Setting Name="checkbox_settings_spew_subscription_status">TRUE</Setting>
				<Setting Name="checkbox_settings_do_not_show_revision_history">TRUE</Setting>
				<Setting Name="checkbox_settings_donotcheckmounttrainingonload">TRUE</Setting>
				<Setting Name="checkbox_settings_skipcutscenes">TRUE</Setting>
			</Set>
			<Set Name="Setup">
				<Setting Name="textentry_setup_percenttoattack">99</Setting>
				<Setting Name="textentry_setup_moveintoattackrangehealthpercent">99</Setting>
				<Setting Name="textentry_setup_petpercenttoattack">99</Setting>
				<Setting Name="textentry_setup_powertousecas">1</Setting>
				<Setting Name="textentry_setup_healthtousecas">1</Setting>
				<Setting Name="textentry_setup_percenttousemanastone">10</Setting>
				<Setting Name="textentry_setup_percenttouseshards">10</Setting>
				<Setting Name="textentry_setup_reswaittimer">5</Setting>
				<Setting Name="checkbox_setup_broadcasttellstouplink">TRUE</Setting>
				<Setting Name="checkbox_setup_receivetellsfromuplink">FALSE</Setting>
				<Setting Name="combobox_setup_autofollowname">@Tank</Setting>
				<Setting Name="textentry_setup_moveintomeleerangemaxdistance">20</Setting>
				<Setting Name="textentry_setup_autofollowmaxdistance">50</Setting>
				<Setting Name="textentry_setup_pbaetargets">3</Setting>
				<Setting Name="textentry_setup_encountertargets">3</Setting>
				<Setting Name="textentry_setup_turbo">900</Setting>
			</Set>
			<Set Name="CastStack">
				<Set Name="1">
					<Setting Name="%">70</Setting>
					<Setting Name="__Disabled">TRUE</Setting>
					<Setting Name="__SourceName">Emergency Power</Setting>
					<Setting Name="ID">TRUE</Setting>
					<Setting Name="Type">Heal</Setting>
				</Set>
				<Set Name="2">
					<Setting Name="__Disabled">TRUE</Setting>
					<Setting Name="__SourceName">-------------------------------Forgot I wasn't a Ranger---------------------------------------------------------------</Setting>
					<Setting Name="Type">NamedCA</Setting>
				</Set>
				<Set Name="3">
					<Setting Name="__Disabled">TRUE</Setting>
					<Setting Name="__SourceName">Soulshot</Setting>
					<Setting Name="ATag">HEAL</Setting>
					<Setting Name="AType">Listen Only</Setting>
					<Setting Name="Type">CA</Setting>
				</Set>
				<Set Name="4">
					<Setting Name="__Disabled">TRUE</Setting>
					<Setting Name="__SourceName">-------------------------------------------------------------------------------</Setting>
					<Setting Name="Type">Buff</Setting>
				</Set>
				<Set Name="5">
					<Setting Name="#">1</Setting>
					<Setting Name="%">55</Setting>
					<Setting Name="__SourceName">Truespirit Defiance</Setting>
					<Setting Name="Target">@Group</Setting>
					<Setting Name="Type">Heal</Setting>
				</Set>
				<Set Name="6">
					<Setting Name="%">70</Setting>
					<Setting Name="__SourceName">Maximized Protection</Setting>
					<Setting Name="ID">TRUE</Setting>
					<Setting Name="Type">Heal</Setting>
				</Set>
				<Set Name="7">
					<Setting Name="__SourceName">-------------------------------REZ---------------------------------------------------------------</Setting>
					<Setting Name="Type">NamedCA</Setting>
				</Set>
				<Set Name="8">
					<Setting Name="#">1</Setting>
					<Setting Name="__SourceName">Channeled Resurrection</Setting>
					<Setting Name="Tag">8 meter insta rez</Setting>
					<Setting Name="Target">@Group</Setting>
					<Setting Name="Type">Res</Setting>
				</Set>
				<Set Name="9">
					<Setting Name="__Disabled">TRUE</Setting>
					<Setting Name="__SourceName">Revive</Setting>
					<Setting Name="Tag">NON-Combat &#32;Rez</Setting>
					<Setting Name="Target">@Group</Setting>
					<Setting Name="Type">Res</Setting>
				</Set>
				<Set Name="10">
					<Setting Name="__Disabled">TRUE</Setting>
					<Setting Name="__SourceName">-------------------------------------------------------------------------------</Setting>
					<Setting Name="Type">Buff</Setting>
				</Set>
				<Set Name="11">
					<Setting Name="__SourceName">Construct's Sacrifice</Setting>
					<Setting Name="Type">UseChannelerTab</Setting>
				</Set>
				<Set Name="12">
					<Setting Name="__SourceName">Dissipate</Setting>
					<Setting Name="D&gt;">6000</Setting>
					<Setting Name="Target">@Me</Setting>
					<Setting Name="Type">Combat</Setting>
				</Set>
				<Set Name="13">
					<Setting Name="__SourceName">-------------------------------CURES---------------------------------------------------------------</Setting>
					<Setting Name="Type">NamedCA</Setting>
				</Set>
				<Set Name="14">
					<Setting Name="__SourceName">Cure Curse</Setting>
					<Setting Name="Target">@Group</Setting>
					<Setting Name="Type">CureCurse</Setting>
				</Set>
				<Set Name="15">
					<Setting Name="__SourceName">Cure Curse</Setting>
					<Setting Name="Target">@Tank</Setting>
					<Setting Name="Type">CureCurse</Setting>
				</Set>
				<Set Name="16">
					<Setting Name="__SourceName">Cure Curse</Setting>
					<Setting Name="Target">@Raid</Setting>
					<Setting Name="Type">CureCurse</Setting>
				</Set>
				<Set Name="17">
					<Setting Name="__Disabled">TRUE</Setting>
					<Setting Name="__SourceName">-------------------------------------------------------------------------------</Setting>
					<Setting Name="Type">Buff</Setting>
				</Set>
				<Set Name="18">
					<Setting Name="#">2</Setting>
					<Setting Name="__SourceName">Brood Cure</Setting>
					<Setting Name="Type">Cure</Setting>
				</Set>
				<Set Name="19">
					<Setting Name="#">3</Setting>
					<Setting Name="__SourceName">Channeled Cleansing</Setting>
					<Setting Name="ETag">GotGrp</Setting>
					<Setting Name="Type">Cure</Setting>
				</Set>
				<Set Name="20">
					<Setting Name="__SourceName">Cure</Setting>
					<Setting Name="D&gt;">3000</Setting>
					<Setting Name="Named">TRUE</Setting>
					<Setting Name="Tag">Cleans Dissonance</Setting>
					<Setting Name="Target">@Group</Setting>
					<Setting Name="Type">Cure</Setting>
				</Set>
				<Set Name="21">
					<Setting Name="__Disabled">TRUE</Setting>
					<Setting Name="__SourceName">-------------------------------------------------------------------------------</Setting>
					<Setting Name="Type">Buff</Setting>
				</Set>
				<Set Name="22">
					<Setting Name="%">45</Setting>
					<Setting Name="__SourceName">Protect Me!</Setting>
					<Setting Name="Type">Heal</Setting>
				</Set>
				<Set Name="23">
					<Setting Name="%">20</Setting>
					<Setting Name="__SourceName">Channeled Protection</Setting>
					<Setting Name="ID">TRUE</Setting>
					<Setting Name="Target">@Tank</Setting>
					<Setting Name="Type">Heal</Setting>
				</Set>
				<Set Name="24">
					<Setting Name="__Disabled">TRUE</Setting>
					<Setting Name="__SourceName">-------------------------------AE BURST---------------------------------------------------------------</Setting>
					<Setting Name="Type">NamedCA</Setting>
				</Set>
				<Set Name="25">
					<Setting Name="#">2</Setting>
					<Setting Name="__Disabled">TRUE</Setting>
					<Setting Name="__SourceName">Precise Volley</Setting>
					<Setting Name="Type">CA</Setting>
				</Set>
				<Set Name="26">
					<Setting Name="#">2</Setting>
					<Setting Name="__SourceName">Downpour</Setting>
					<Setting Name="Type">CA</Setting>
				</Set>
				<Set Name="27">
					<Setting Name="#">2</Setting>
					<Setting Name="__SourceName">Seeking Cascade</Setting>
					<Setting Name="Type">CA</Setting>
				</Set>
				<Set Name="28">
					<Setting Name="#">2</Setting>
					<Setting Name="__SourceName">Shatter Rain</Setting>
					<Setting Name="ID">TRUE</Setting>
					<Setting Name="Type">CA</Setting>
				</Set>
				<Set Name="29">
					<Setting Name="#">2</Setting>
					<Setting Name="__SourceName">Healing Barrage</Setting>
					<Setting Name="Type">CA</Setting>
				</Set>
				<Set Name="30">
					<Setting Name="__SourceName">------------------------------------------------------------------------------------------------</Setting>
					<Setting Name="Type">NamedCA</Setting>
				</Set>
				<Set Name="31">
					<Setting Name="__SourceName">Mist of Poison</Setting>
					<Setting Name="D&lt;">3200</Setting>
					<Setting Name="Tag">DPS diss swap Aura of Cripp</Setting>
					<Setting Name="Type">CA</Setting>
				</Set>
				<Set Name="32">
					<Setting Name="__SourceName">Poison Bolt</Setting>
					<Setting Name="D&lt;">3800</Setting>
					<Setting Name="Tag">swap Controlledbacklash 4 heals</Setting>
					<Setting Name="Type">NamedCA</Setting>
				</Set>
				<Set Name="33">
					<Setting Name="__SourceName">-------------------------------------------------------------------------------</Setting>
					<Setting Name="Type">Buff</Setting>
				</Set>
				<Set Name="34">
					<Setting Name="__SourceName">Sanctuary of Darkness</Setting>
					<Setting Name="ID">TRUE</Setting>
					<Setting Name="Type">CA</Setting>
				</Set>
				<Set Name="35">
					<Setting Name="__SourceName">Eye Shot</Setting>
					<Setting Name="ID">TRUE</Setting>
					<Setting Name="Type">CA</Setting>
				</Set>
				<Set Name="36">
					<Setting Name="__Disabled">TRUE</Setting>
					<Setting Name="__SourceName">Distracting Shot</Setting>
					<Setting Name="ID">TRUE</Setting>
					<Setting Name="Type">NamedCA</Setting>
				</Set>
				<Set Name="37">
					<Setting Name="#">1</Setting>
					<Setting Name="__Disabled">TRUE</Setting>
					<Setting Name="__SourceName">Precise Volley</Setting>
					<Setting Name="Type">NamedCA</Setting>
				</Set>
				<Set Name="38">
					<Setting Name="#">1</Setting>
					<Setting Name="__SourceName">Healing Barrage</Setting>
					<Setting Name="ATag">Arrow</Setting>
					<Setting Name="AType">Listen Only</Setting>
					<Setting Name="Named">TRUE</Setting>
					<Setting Name="Type">CA</Setting>
				</Set>
				<Set Name="39">
					<Setting Name="#">1</Setting>
					<Setting Name="__SourceName">Seeking Cascade</Setting>
					<Setting Name="Type">CA</Setting>
				</Set>
				<Set Name="40">
					<Setting Name="#">1</Setting>
					<Setting Name="__SourceName">Barrage</Setting>
					<Setting Name="ATag">Arrow</Setting>
					<Setting Name="AType">Trigger Only</Setting>
					<Setting Name="ETag">AE this</Setting>
					<Setting Name="Type">CA</Setting>
				</Set>
				<Set Name="41">
					<Setting Name="__Disabled">TRUE</Setting>
					<Setting Name="__SourceName">-------------------------------------------------------------------------------</Setting>
					<Setting Name="Type">Buff</Setting>
				</Set>
				<Set Name="42">
					<Setting Name="%">45</Setting>
					<Setting Name="__SourceName">Truespirit Restoration</Setting>
					<Setting Name="D&lt;">3800</Setting>
					<Setting Name="ID">TRUE</Setting>
					<Setting Name="Target">@Raid</Setting>
					<Setting Name="Type">Heal</Setting>
				</Set>
				<Set Name="43">
					<Setting Name="%">75</Setting>
					<Setting Name="__SourceName">Vector of Life</Setting>
					<Setting Name="ATag">HEAL</Setting>
					<Setting Name="AType">Trigger Only</Setting>
					<Setting Name="Tag">90 degree angle posit. heal</Setting>
					<Setting Name="Type">Heal</Setting>
				</Set>
				<Set Name="44">
					<Setting Name="%">85</Setting>
					<Setting Name="__SourceName">Truespirit Rift</Setting>
					<Setting Name="ID">TRUE</Setting>
					<Setting Name="Target">@Me</Setting>
					<Setting Name="Type">Heal</Setting>
				</Set>
				<Set Name="45">
					<Setting Name="%">70</Setting>
					<Setting Name="__SourceName">Essence Weave</Setting>
					<Setting Name="Type">Heal</Setting>
				</Set>
				<Set Name="46">
					<Setting Name="%">30</Setting>
					<Setting Name="__SourceName">Essence Weave</Setting>
					<Setting Name="Type">Heal</Setting>
				</Set>
				<Set Name="47">
					<Setting Name="#">1</Setting>
					<Setting Name="%">15</Setting>
					<Setting Name="__SourceName">Truespirit Defiance</Setting>
					<Setting Name="Target">@Group</Setting>
					<Setting Name="Type">Heal</Setting>
				</Set>
				<Set Name="48">
					<Setting Name="#">1</Setting>
					<Setting Name="%">80</Setting>
					<Setting Name="__Disabled">TRUE</Setting>
					<Setting Name="__SourceName">Redirection</Setting>
					<Setting Name="ID">TRUE</Setting>
					<Setting Name="Target">@Group</Setting>
					<Setting Name="Type">Heal</Setting>
				</Set>
				<Set Name="49">
					<Setting Name="#">1</Setting>
					<Setting Name="%">90</Setting>
					<Setting Name="__SourceName">Salubrious Invocation</Setting>
					<Setting Name="Target">@Me</Setting>
					<Setting Name="Type">Heal</Setting>
				</Set>
				<Set Name="50">
					<Setting Name="%">90</Setting>
					<Setting Name="__SourceName">Barrier of Dissonance</Setting>
					<Setting Name="D&gt;">6000</Setting>
					<Setting Name="Target">@Tank</Setting>
					<Setting Name="Type">Heal</Setting>
				</Set>
				<Set Name="51">
					<Setting Name="#">3</Setting>
					<Setting Name="__SourceName">Dissonant Decimation</Setting>
					<Setting Name="ATag">AE this</Setting>
					<Setting Name="AType">Trigger Only</Setting>
					<Setting Name="D&gt;">3000</Setting>
					<Setting Name="Tag">ae diss nuke</Setting>
					<Setting Name="Type">CA</Setting>
				</Set>
				<Set Name="52">
					<Setting Name="__Disabled">TRUE</Setting>
					<Setting Name="__SourceName">-------------------------------------------------------------------------------</Setting>
					<Setting Name="Type">Buff</Setting>
				</Set>
				<Set Name="53">
					<Setting Name="__SourceName">Vengeful Arrow</Setting>
					<Setting Name="ATag">Arrow</Setting>
					<Setting Name="AType">Listen Only</Setting>
					<Setting Name="Type">CA</Setting>
				</Set>
				<Set Name="54">
					<Setting Name="__Disabled">TRUE</Setting>
					<Setting Name="__SourceName">-------------------------------DEBUFF DISSONANCE---------------------------------------------------------------</Setting>
					<Setting Name="Type">NamedCA</Setting>
				</Set>
				<Set Name="55">
					<Setting Name="__SourceName">Weapon Dissonance</Setting>
					<Setting Name="D&gt;">2000</Setting>
					<Setting Name="Type">NamedCA</Setting>
				</Set>
				<Set Name="56">
					<Setting Name="#">1</Setting>
					<Setting Name="__SourceName">Interfering Noise</Setting>
					<Setting Name="D&gt;">4500</Setting>
					<Setting Name="IE">TRUE</Setting>
					<Setting Name="Type">CA</Setting>
				</Set>
				<Set Name="57">
					<Setting Name="__Disabled">TRUE</Setting>
					<Setting Name="__SourceName">-------------------------------------------------------------------------------------------------</Setting>
					<Setting Name="Type">NamedCA</Setting>
				</Set>
				<Set Name="58">
					<Setting Name="__SourceName">Truespirit Rift</Setting>
					<Setting Name="ID">TRUE</Setting>
					<Setting Name="Target">@Tank</Setting>
					<Setting Name="Type">Combat</Setting>
				</Set>
				<Set Name="59">
					<Setting Name="__SourceName">Shadow Escape</Setting>
					<Setting Name="Named">TRUE</Setting>
					<Setting Name="Target">@Me</Setting>
					<Setting Name="Type">Combat</Setting>
				</Set>
				<Set Name="60">
					<Setting Name="__Disabled">TRUE</Setting>
					<Setting Name="__SourceName">------------------------------------------------------------------------------------------------------</Setting>
					<Setting Name="Type">NamedCA</Setting>
				</Set>
				<Set Name="61">
					<Setting Name="#">1</Setting>
					<Setting Name="__SourceName">Shadow Bind</Setting>
					<Setting Name="Type">NamedCA</Setting>
				</Set>
				<Set Name="62">
					<Setting Name="__Disabled">TRUE</Setting>
					<Setting Name="__SourceName">-------------------------------MAIN CHAIN---------------------------------------------------------------</Setting>
					<Setting Name="Type">NamedCA</Setting>
				</Set>
				<Set Name="63">
					<Setting Name="#">1</Setting>
					<Setting Name="__SourceName">Downpour</Setting>
					<Setting Name="Type">CA</Setting>
				</Set>
				<Set Name="64">
					<Setting Name="__Disabled">TRUE</Setting>
					<Setting Name="__SourceName">Soulshot</Setting>
					<Setting Name="Type">CA</Setting>
				</Set>
				<Set Name="65">
					<Setting Name="__Disabled">TRUE</Setting>
					<Setting Name="__SourceName">Snap Shot</Setting>
					<Setting Name="Type">CA</Setting>
				</Set>
				<Set Name="66">
					<Setting Name="#">1</Setting>
					<Setting Name="__SourceName">Shatter Rain</Setting>
					<Setting Name="ID">TRUE</Setting>
					<Setting Name="Type">CA</Setting>
				</Set>
				<Set Name="67">
					<Setting Name="#">1</Setting>
					<Setting Name="__SourceName">Seeking Cascade</Setting>
					<Setting Name="Type">CA</Setting>
				</Set>
				<Set Name="68">
					<Setting Name="__Disabled">TRUE</Setting>
					<Setting Name="__SourceName">----------------------------I'm just here for the party---------------------------------------------------------------</Setting>
					<Setting Name="Type">NamedCA</Setting>
				</Set>
				<Set Name="69">
					<Setting Name="__SourceName">Chip Essence</Setting>
					<Setting Name="Type">CA</Setting>
				</Set>
				<Set Name="70">
					<Setting Name="__SourceName">Impulse Shot</Setting>
					<Setting Name="ID">TRUE</Setting>
					<Setting Name="Type">CA</Setting>
				</Set>
				<Set Name="71">
					<Setting Name="__Disabled">TRUE</Setting>
					<Setting Name="__SourceName">------------------------------------------------------------------------------------------------</Setting>
					<Setting Name="Type">NamedCA</Setting>
				</Set>
				<Set Name="72">
					<Setting Name="%">100</Setting>
					<Setting Name="__Disabled">TRUE</Setting>
					<Setting Name="__SourceName">Ethereal Conduit</Setting>
					<Setting Name="ATag">PreCastTag</Setting>
					<Setting Name="AType">Listen Only</Setting>
					<Setting Name="Target">@Me</Setting>
					<Setting Name="Type">Heal</Setting>
				</Set>
				<Set Name="73">
					<Setting Name="%">100</Setting>
					<Setting Name="__Disabled">TRUE</Setting>
					<Setting Name="__SourceName">Touch of Magic</Setting>
					<Setting Name="ATag">PreCastTag</Setting>
					<Setting Name="AType">Listen Only</Setting>
					<Setting Name="Type">Heal</Setting>
				</Set>
				<Set Name="74">
					<Setting Name="#">1</Setting>
					<Setting Name="%">100</Setting>
					<Setting Name="__Disabled">TRUE</Setting>
					<Setting Name="__SourceName">Essence of Magic</Setting>
					<Setting Name="ATag">PreCastTag</Setting>
					<Setting Name="AType">Listen Only</Setting>
					<Setting Name="Target">@Me</Setting>
					<Setting Name="Type">Heal</Setting>
				</Set>
				<Set Name="75">
					<Setting Name="#">1</Setting>
					<Setting Name="%">100</Setting>
					<Setting Name="__Disabled">TRUE</Setting>
					<Setting Name="__SourceName">Forceful Channeling</Setting>
					<Setting Name="ATag">PreCastTag</Setting>
					<Setting Name="AType">Listen Only</Setting>
					<Setting Name="Target">@Me</Setting>
					<Setting Name="Type">Heal</Setting>
				</Set>
				<Set Name="76">
					<Setting Name="%">100</Setting>
					<Setting Name="__SourceName">Shadow Escape</Setting>
					<Setting Name="ATag">PreCastTag</Setting>
					<Setting Name="AType">Listen Only</Setting>
					<Setting Name="Type">Heal</Setting>
				</Set>
				<Set Name="77">
					<Setting Name="__Disabled">TRUE</Setting>
					<Setting Name="__SourceName">-------------------------------------------------------------------------------</Setting>
					<Setting Name="Type">Buff</Setting>
				</Set>
				<Set Name="78">
					<Setting Name="__Disabled">TRUE</Setting>
					<Setting Name="__SourceName">Aura of Crippling</Setting>
					<Setting Name="Type">NonCombatBuff</Setting>
				</Set>
				<Set Name="79">
					<Setting Name="__SourceName">Blackwood's Focus</Setting>
					<Setting Name="Type">Buff</Setting>
				</Set>
				<Set Name="80">
					<Setting Name="__SourceName">Create Construct</Setting>
					<Setting Name="Type">Buff</Setting>
				</Set>
				<Set Name="81">
					<Setting Name="__SourceName">Controlled Backlash</Setting>
					<Setting Name="Type">NonCombatBuff</Setting>
				</Set>
				<Set Name="82">
					<Setting Name="__Disabled">TRUE</Setting>
					<Setting Name="__SourceName">Combat Awareness</Setting>
					<Setting Name="Type">NonCombatBuff</Setting>
				</Set>
				<Set Name="83">
					<Setting Name="__Disabled">TRUE</Setting>
					<Setting Name="__SourceName">Etherlord</Setting>
					<Setting Name="Type">NonCombatBuff</Setting>
				</Set>
				<Set Name="84">
					<Setting Name="__SourceName">Focused Assault</Setting>
					<Setting Name="Tag">DPS STANCE BUFF</Setting>
					<Setting Name="Type">Buff</Setting>
				</Set>
				<Set Name="85">
					<Setting Name="__SourceName">Guild Buff</Setting>
					<Setting Name="Type">NonCombatBuff</Setting>
				</Set>
				<Set Name="86">
					<Setting Name="__SourceName">Hidden Reserves</Setting>
					<Setting Name="Type">Buff</Setting>
				</Set>
				<Set Name="87">
					<Setting Name="__SourceName">Interpose Redirect</Setting>
					<Setting Name="Type">Buff</Setting>
				</Set>
				<Set Name="88">
					<Setting Name="__SourceName">Overloaded Interception</Setting>
					<Setting Name="Type">Buff</Setting>
				</Set>
				<Set Name="89">
					<Setting Name="__SourceName">Piercing Arrows</Setting>
					<Setting Name="Tag">OFF. Stance</Setting>
					<Setting Name="Type">Buff</Setting>
				</Set>
				<Set Name="90">
					<Setting Name="__Disabled">TRUE</Setting>
					<Setting Name="__SourceName">Focus of Restoration</Setting>
					<Setting Name="Tag">Heal Stance,will heal raid</Setting>
					<Setting Name="Type">Buff</Setting>
				</Set>
				<Set Name="91">
					<Setting Name="__SourceName">Reprieve</Setting>
					<Setting Name="Type">Buff</Setting>
				</Set>
				<Set Name="92">
					<Setting Name="__SourceName">Marisha Kur's Blessing</Setting>
					<Setting Name="Type">NonCombatBuff</Setting>
				</Set>
				<Set Name="93">
					<Setting Name="__SourceName">Oxygen Tunnel</Setting>
					<Setting Name="Type">Buff</Setting>
				</Set>
				<Set Name="94">
					<Setting Name="__SourceName">Shrink Construct</Setting>
					<Setting Name="Type">NonCombatBuff</Setting>
				</Set>
				<Set Name="95">
					<Setting Name="__Disabled">TRUE</Setting>
					<Setting Name="__SourceName">Undaunted</Setting>
					<Setting Name="Type">Buff</Setting>
				</Set>
				<Set Name="96">
					<Setting Name="__SourceName">Wroughtlands Smasher</Setting>
					<Setting Name="Type">Buff</Setting>
				</Set>
				<Set Name="97">
					<Setting Name="__Disabled">TRUE</Setting>
					<Setting Name="__SourceName">-------------------------------------------------------------------------------</Setting>
					<Setting Name="Type">Buff</Setting>
				</Set>
				<Set Name="98">
					<Setting Name="__Disabled">TRUE</Setting>
					<Setting Name="__SourceName">Jubilant Familiar Infusion</Setting>
					<Setting Name="Type">NonCombatBuff</Setting>
				</Set>
				<Set Name="99">
					<Setting Name="__Disabled">TRUE</Setting>
					<Setting Name="__SourceName">Monolithic Mercenary Infusion</Setting>
					<Setting Name="Type">NonCombatBuff</Setting>
				</Set>
				<Set Name="100">
					<Setting Name="__Disabled">TRUE</Setting>
					<Setting Name="__SourceName">Tolan's Darkwood Mount Infusion</Setting>
					<Setting Name="Type">Buff</Setting>
				</Set>
			</Set>
			<Set Name="AbilityRotation">
				<Set Name="1">
					<Setting Name="__SourceName">Healing Arrow</Setting>
					<Setting Name="Dur">4</Setting>
					<Setting Name="Me">TRUE</Setting>
				</Set>
				<Set Name="2">
					<Setting Name="__SourceName">Mist of Poison</Setting>
					<Setting Name="Dur">4</Setting>
					<Setting Name="Me">TRUE</Setting>
				</Set>
				<Set Name="3">
					<Setting Name="__SourceName">Construct's Sacrifice</Setting>
					<Setting Name="Dur">5</Setting>
					<Setting Name="Me">TRUE</Setting>
				</Set>
				<Set Name="4">
					<Setting Name="__SourceName">Poison Bolt</Setting>
					<Setting Name="Dur">5</Setting>
					<Setting Name="Me">TRUE</Setting>
				</Set>
				<Set Name="5">
					<Setting Name="__SourceName">Barrage</Setting>
					<Setting Name="Dur">12</Setting>
					<Setting Name="I">TRUE</Setting>
					<Setting Name="Me">TRUE</Setting>
				</Set>
				<Set Name="6">
					<Setting Name="__SourceName">Truespirit Rift</Setting>
					<Setting Name="Dur">16</Setting>
					<Setting Name="Me">TRUE</Setting>
				</Set>
				<Set Name="7">
					<Setting Name="__SourceName">Emergency Power</Setting>
					<Setting Name="Dur">18</Setting>
					<Setting Name="Me">TRUE</Setting>
				</Set>
				<Set Name="8">
					<Setting Name="__SourceName">Forceful Channeling</Setting>
					<Setting Name="Dur">18</Setting>
					<Setting Name="Me">TRUE</Setting>
				</Set>
				<Set Name="9">
					<Setting Name="__SourceName">Vengeful Arrow</Setting>
					<Setting Name="Dur">18</Setting>
					<Setting Name="Me">TRUE</Setting>
				</Set>
				<Set Name="10">
					<Setting Name="__SourceName">Shadow Bind</Setting>
					<Setting Name="Dur">22</Setting>
					<Setting Name="Me">TRUE</Setting>
				</Set>
				<Set Name="11">
					<Setting Name="__SourceName">Shadow Escape</Setting>
					<Setting Name="Dur">18</Setting>
				</Set>
				<Set Name="12">
					<Setting Name="__SourceName">Healing Barrage</Setting>
					<Setting Name="Dur">12</Setting>
					<Setting Name="I">TRUE</Setting>
					<Setting Name="Me">TRUE</Setting>
				</Set>
			</Set>
			<Set Name="ItemRotation">
				<Set Name="1">
					<Setting Name="__IsItem">TRUE</Setting>
					<Setting Name="__ItemName">_EQUIPPED_Left Charm_21</Setting>
					<Setting Name="__SourceName">Item:_EQUIPPED_Left Charm_21</Setting>
					<Setting Name="Dur">20</Setting>
					<Setting Name="G">TRUE</Setting>
					<Setting Name="I">TRUE</Setting>
					<Setting Name="IRC">TRUE</Setting>
				</Set>
			</Set>
			<Set Name="Assist">
				<Set Name="1">
					<Setting Name="__SourceName">*tank</Setting>
				</Set>
			</Set>
			<Set Name="Precast">
				<Set Name="1">
					<Setting Name="__Disabled">TRUE</Setting>
					<Setting Name="__SourceName">Healing Barrage</Setting>
					<Setting Name="On">Channeled Transference</Setting>
				</Set>
				<Set Name="2">
					<Setting Name="__Disabled">TRUE</Setting>
					<Setting Name="__SourceName">Healing Barrage</Setting>
					<Setting Name="On">Siphoned Protection</Setting>
				</Set>
				<Set Name="3">
					<Setting Name="__Disabled">TRUE</Setting>
					<Setting Name="__SourceName">Healing Barrage</Setting>
					<Setting Name="On">Truespirit Defiance</Setting>
				</Set>
				<Set Name="4">
					<Setting Name="__Disabled">TRUE</Setting>
					<Setting Name="__SourceName">Feedback Loop</Setting>
					<Setting Name="On">Distracting Shot</Setting>
				</Set>
				<Set Name="5">
					<Setting Name="__Disabled">TRUE</Setting>
					<Setting Name="__SourceName">Feedback Loop</Setting>
					<Setting Name="On">Vengeful Arrow</Setting>
				</Set>
				<Set Name="6">
					<Setting Name="__Disabled">TRUE</Setting>
					<Setting Name="__SourceName">Emergency Power</Setting>
					<Setting Name="On">Feedback Loop</Setting>
				</Set>
			</Set>
			<Set Name="Postcast">
				<Set Name="1">
					<Setting Name="__Disabled">TRUE</Setting>
					<Setting Name="__SourceName">Healing Barrage</Setting>
					<Setting Name="After">Essence Weave</Setting>
				</Set>
				<Set Name="2">
					<Setting Name="__Disabled">TRUE</Setting>
					<Setting Name="__SourceName">Feedback Loop</Setting>
					<Setting Name="After">Emergency Power</Setting>
				</Set>
			</Set>
			<Set Name="Loot">
				<Setting Name="checkbox_loot_ffaaccept">TRUE</Setting>
				<Setting Name="checkbox_loot_confirmnotrade">TRUE</Setting>
				<Setting Name="checkbox_loot_lottoaccept">TRUE</Setting>
				<Setting Name="checkbox_loot_nbggreed">TRUE</Setting>
				<Setting Name="checkbox_loot_ffalooteverything">TRUE</Setting>
				<Setting Name="checkbox_loot_lo_enable">TRUE</Setting>
				<Setting Name="checkbox_loot_lo_looteverything">TRUE</Setting>
				<Setting Name="checkbox_loot_lo_smartassign">TRUE</Setting>
				<Setting Name="checkbox_loot_lo_lootdistribution">TRUE</Setting>
			</Set>
			<Set Name="OSA">
				<Setting Name="slider_osa_radius">149</Setting>
				<Setting Name="textentry_osa_radius">149</Setting>
				<Setting Name="checkbox_osa_targetsonly">FALSE</Setting>
			</Set>
			<Set Name="Announce">
				<Set Name="1">
					<Setting Name="__SourceName">Cure Curse</Setting>
					<Setting Name="Target">Raid</Setting>
					<Setting Name="Txt">Cure Curse on *Target*</Setting>
				</Set>
				<Set Name="2">
					<Setting Name="__SourceName">Redirection</Setting>
					<Setting Name="Target">Group</Setting>
					<Setting Name="Txt">Redirection , blocking 2 hits</Setting>
				</Set>
				<Set Name="3">
					<Setting Name="__SourceName">Channeled Protection</Setting>
					<Setting Name="Target">Tell To Target</Setting>
					<Setting Name="Txt">2 trigger death save inc</Setting>
				</Set>
				<Set Name="4">
					<Setting Name="__SourceName">Maximized Protection</Setting>
					<Setting Name="Target">Group</Setting>
					<Setting Name="Txt">Transfering All DMG To Pet for 7s</Setting>
				</Set>
				<Set Name="5">
					<Setting Name="__SourceName">Channeled Cleansing</Setting>
					<Setting Name="Target">Group</Setting>
					<Setting Name="Txt">Cleansing - using dissonance</Setting>
				</Set>
				<Set Name="6">
					<Setting Name="__SourceName">Protect Me!</Setting>
					<Setting Name="Target">Group</Setting>
					<Setting Name="Txt">Self Protect, be gentle with me!</Setting>
				</Set>
				<Set Name="7">
					<Setting Name="__SourceName">Brood Cure</Setting>
					<Setting Name="Target">Group</Setting>
					<Setting Name="Txt">Brood cure , out</Setting>
				</Set>
				<Set Name="8">
					<Setting Name="__SourceName">Channeled Confusion</Setting>
					<Setting Name="Target">Group</Setting>
					<Setting Name="Txt">Helping lazy tank with aggro</Setting>
				</Set>
				<Set Name="9">
					<Setting Name="__SourceName">Channeled Resurrection</Setting>
					<Setting Name="Target">Group</Setting>
					<Setting Name="Txt">Hope You're Within 8M Otherwise , No Res!</Setting>
				</Set>
				<Set Name="10">
					<Setting Name="__SourceName">Siphoned Protection</Setting>
					<Setting Name="Target">Tell To Target</Setting>
					<Setting Name="Txt">Big ass ward</Setting>
				</Set>
				<Set Name="11">
					<Setting Name="__SourceName">Dissipate</Setting>
					<Setting Name="Target">Group</Setting>
					<Setting Name="Txt">Clearing out some dissonance, stop sucking so hard.</Setting>
				</Set>
				<Set Name="12">
					<Setting Name="__SourceName">Shadow Bind</Setting>
					<Setting Name="Target">Group</Setting>
					<Setting Name="Txt">debuff out</Setting>
				</Set>
				<Set Name="13">
					<Setting Name="__SourceName">Shield of Blackwood</Setting>
					<Setting Name="Target">Group</Setting>
					<Setting Name="Txt">AE BLOCK 3.2 SECONDS</Setting>
				</Set>
				<Set Name="14">
					<Setting Name="__SourceName">Truespirit Defiance</Setting>
					<Setting Name="Target">Group</Setting>
					<Setting Name="Txt">Truespirit OUT</Setting>
				</Set>
				<Set Name="15">
					<Setting Name="__SourceName">Truespirit Defiance</Setting>
					<Setting Name="Target">Tell To Target</Setting>
					<Setting Name="Txt">Truespirit OUT</Setting>
				</Set>
				<Set Name="16">
					<Setting Name="__SourceName">Channeled Protection</Setting>
					<Setting Name="Target">Group</Setting>
					<Setting Name="Txt">DEATH SAVE to *Target*</Setting>
				</Set>
			</Set>
			<Set Name="Other">
				<Setting Name="combobox_other_curabledisable">Sanctuary of Darkness</Setting>
				<Setting Name="checkbox_other_curabledisable">TRUE</Setting>
				<Setting Name="checkbox_other_requestconfrontfearviauplink">FALSE</Setting>
				<Setting Name="checkbox_other_rezanyone">TRUE</Setting>
				<Setting Name="checkbox_other_handlefieldmedic">TRUE</Setting>
			</Set>
			<Set Name="Channeler">
				<Setting Name="combobox_channeler_efficiency">Essence Weave</Setting>
				<Setting Name="checkbox_channeler_efficiency">TRUE</Setting>
				<Setting Name="checkbox_channeler_snapchannel">TRUE</Setting>
				<Setting Name="combobox_channeler_snapchannel">Channeled Cleansing</Setting>
				<Setting Name="textentry_channeler_constructs_sacrifice_hp">55</Setting>
			</Set>
			<Set Name="Debug">
				<Setting Name="checkbox_debug_casting">TRUE</Setting>
				<Setting Name="checkbox_debug_castingcompleted">FALSE</Setting>
				<Setting Name="checkbox_debug_castingdetails">TRUE</Setting>
				<Setting Name="checkbox_debug_whatisthebotdoing">FALSE</Setting>
				<Setting Name="checkbox_debug_announce">FALSE</Setting>
				<Setting Name="checkbox_debug_failedcasts">FALSE</Setting>
				<Setting Name="checkbox_debug_queuedcommands">FALSE</Setting>
				<Setting Name="checkbox_debug_rewardwindow">FALSE</Setting>
				<Setting Name="checkbox_debug_npccastmonitoring">FALSE</Setting>
				<Setting Name="checkbox_debug_profileparts">FALSE</Setting>
				<Setting Name="checkbox_debug_fieldmedic">FALSE</Setting>
				<Setting Name="checkbox_debug_heroicopportunity">FALSE</Setting>
			</Set>
			<Set Name="AutoTarget">
				<Setting Name="slider_autotarget_scanheight">15</Setting>
				<Setting Name="slider_autotarget_scanradius">20</Setting>
				<Setting Name="slider_autotarget_rescantime">250</Setting>
				<Setting Name="checkbox_autotarget_enabled">FALSE</Setting>
			</Set>
			<Set Name="LoadExecute">
				<Set Name="1">
					<Setting Name="__SourceName">Me.Ability[Essence Weave]:AddToConduitBar[1]</Setting>
				</Set>
				<Set Name="2">
					<Setting Name="__SourceName">Me.Ability[Quickened Regeneration]:AddToConduitBar[2]</Setting>
				</Set>
				<Set Name="3">
					<Setting Name="__SourceName">Me.Ability[Truespirit Defiance]:AddToConduitBar[3]</Setting>
				</Set>
				<Set Name="4">
					<Setting Name="__SourceName">Me.Ability[Interpose Redirect]:AddToConduitBar[4]</Setting>
				</Set>
				<Set Name="5">
					<Setting Name="__SourceName">Me.Ability[Hidden Reserves]:AddToConduitBar[5]</Setting>
				</Set>
				<Set Name="6">
					<Setting Name="__SourceName">Me.Ability[Channeled Cleansing]:AddToConduitBar[6]</Setting>
				</Set>
				<Set Name="7">
					<Setting Name="__SourceName">Me.Ability[Mist of Poison]:AddToConduitBar[7]</Setting>
				</Set>
				<Set Name="8">
					<Setting Name="__SourceName">Me.Ability[Poison Bolt]:AddToConduitBar[8]</Setting>
				</Set>
				<Set Name="9">
					<Setting Name="__SourceName">Me.Ability[Reptile Essence]:AddToChannelerBar[7]</Setting>
				</Set>
				<Set Name="10">
					<Setting Name="__SourceName">Me.Ability[Rodent Essence]:AddToChannelerBar[8]</Setting>
				</Set>
				<Set Name="11">
					<Setting Name="__SourceName">Me.Ability[Bear Essence]:AddToChannelerBar[9]</Setting>
				</Set>
				<Set Name="12">
					<Setting Name="__SourceName">Me.Ability[Dire Essence]:AddToChannelerBar[10]</Setting>
				</Set>
			</Set>
			<Set Name="EquipmentInfo">
				<Setting Name="combobox_equipmentinfo_charmoption1">Item:Replica of the Elddar Rudiments</Setting>
				<Setting Name="combobox_equipmentinfo_charmoption2">Item:The Price Paid</Setting>
			</Set>
			<Set Name="OgreConsole">
				<Setting Name="checkbox_ogreconsole_hideonload">TRUE</Setting>
				<Setting Name="checkbox_ogreconsole_neverautoopen">TRUE</Setting>
			</Set>
			<Set Name="Ascension">
				<Setting Name="checkbox_ascension_etherflash_preventport">FALSE</Setting>
			</Set>
			<Set Name="AscensionEmbargoList">
				<Set Name="1">
					<Setting Name="__SourceName">Ethermancy</Setting>
				</Set>
				<Set Name="2">
					<Setting Name="__SourceName">Ethershadow Assassin</Setting>
				</Set>
			</Set>
			<Set Name="Items">
				<Set Name="1">
					<Setting Name="__SourceName">Handcrafted Zimaran Elixir of Tactics</Setting>
				</Set>
				<Set Name="2">
					<Setting Name="__SourceName">The Price Paid</Setting>
				</Set>
				<Set Name="3">
					<Setting Name="__SourceName">_EQUIPPED_Left Charm_21</Setting>
				</Set>
				<Set Name="4">
					<Setting Name="__SourceName">_EQUIPPED_Right Charm_22</Setting>
				</Set>
			</Set>
			<Set Name="Overseer">
				<Setting Name="checkbox_overseer_threaded">TRUE</Setting>
				<Setting Name="checkbox_overseer_guildhall_only">TRUE</Setting>
			</Set>
			<Set Name="ConsumeItems">
				<Set Name="1">
					<Setting Name="__IsItem">TRUE</Setting>
					<Setting Name="__ItemName">Handcrafted Zimaran Elixir of Tactics</Setting>
					<Setting Name="__SourceName">Item:Handcrafted Zimaran Elixir of Tactics</Setting>
				</Set>
			</Set>
			<Set Name="Tags_AddNew">
				<Set Name="1">
					<Setting Name="__SourceName">EP</Setting>
				</Set>
				<Set Name="2">
					<Setting Name="__SourceName">PreCastTag</Setting>
				</Set>
				<Set Name="3">
					<Setting Name="__SourceName">HEAL</Setting>
				</Set>
				<Set Name="4">
					<Setting Name="__SourceName">AE this</Setting>
				</Set>
				<Set Name="5">
					<Setting Name="__SourceName">Torment</Setting>
				</Set>
				<Set Name="6">
					<Setting Name="__SourceName">Arrow</Setting>
				</Set>
				<Set Name="7">
					<Setting Name="__SourceName">GotGrp</Setting>
				</Set>
			</Set>
			<Set Name="Tags">
				<Set Name="1">
					<Setting Name="__SourceName">EP</Setting>
					<Setting Name="I">TRUE</Setting>
					<Setting Name="Me">TRUE</Setting>
				</Set>
				<Set Name="2">
					<Setting Name="__SourceName">PreCastTag</Setting>
					<Setting Name="I">TRUE</Setting>
					<Setting Name="M">TRUE</Setting>
					<Setting Name="Me">TRUE</Setting>
				</Set>
				<Set Name="3">
					<Setting Name="+">5</Setting>
					<Setting Name="__SourceName">HEAL</Setting>
					<Setting Name="I">TRUE</Setting>
					<Setting Name="Me">TRUE</Setting>
				</Set>
				<Set Name="4">
					<Setting Name="__SourceName">AE this</Setting>
					<Setting Name="Dur">3</Setting>
					<Setting Name="I">TRUE</Setting>
					<Setting Name="Me">TRUE</Setting>
				</Set>
				<Set Name="5">
					<Setting Name="__SourceName">Torment</Setting>
					<Setting Name="Dur">10</Setting>
				</Set>
				<Set Name="6">
					<Setting Name="__SourceName">Arrow</Setting>
					<Setting Name="Dur">5</Setting>
					<Setting Name="Me">TRUE</Setting>
				</Set>
				<Set Name="7">
					<Setting Name="__SourceName">GotGrp</Setting>
					<Setting Name="Dur">3</Setting>
					<Setting Name="I">TRUE</Setting>
					<Setting Name="Me">TRUE</Setting>
				</Set>
			</Set>
			<Set Name="AbilityTracker">
				<Set Name="1">
					<Setting Name="__SourceName">Channeled Protection</Setting>
				</Set>
				<Set Name="2">
					<Setting Name="__SourceName">Channeled Resurrection</Setting>
				</Set>
				<Set Name="3">
					<Setting Name="__SourceName">Maximized Protection</Setting>
				</Set>
				<Set Name="4">
					<Setting Name="__SourceName">Shield of Blackwood</Setting>
				</Set>
				<Set Name="5">
					<Setting Name="__SourceName">Redirection</Setting>
				</Set>
				<Set Name="6">
					<Setting Name="__SourceName">Brood Cure</Setting>
				</Set>
				<Set Name="7">
					<Setting Name="__SourceName">Cure Curse</Setting>
				</Set>
				<Set Name="8">
					<Setting Name="__SourceName">Forceful Channeling</Setting>
				</Set>
				<Set Name="9">
					<Setting Name="__SourceName">Emergency Power</Setting>
				</Set>
			</Set>
			<Set Name="PackPony">
				<Setting Name="checkbox_packpony_enable">FALSE</Setting>
				<Setting Name="checkbox_packpony_conversation3_2">FALSE</Setting>
				<Setting Name="checkbox_packpony_conversation3_3">FALSE</Setting>
				<Setting Name="checkbox_packpony_conversation3_4">TRUE</Setting>
			</Set>
			<Set Name="ProfilePartsSettings">
				<Setting Name="checkbox_profileparts_settings_enable">FALSE</Setting>
			</Set>
			<Set Name="HOExcludes">
				<Set Name="1">
					<Setting Name="__SourceName">Channeled Resurrection</Setting>
				</Set>
			</Set>
			<Set Name="VampiricRequiemOptions">
				<Setting Name="checkbox_vampiricrequiem_enable">TRUE</Setting>
				<Setting Name="textentry_vampiricrequiem_waittime" />
				<Setting Name="checkbox_vampiricrequiem_allowincombat">TRUE</Setting>
			</Set>
		</Set>
	</Set>
</InnerSpaceSettings>
