﻿<?xml version='1.0' encoding='UTF-8'?>
<!-- Generated by LavishSettings v2 -->
<InnerSpaceSettings>
	<Set Name="Profiles">
		<Setting Name="DefaultProfiles">Jimbo_DOV_SK_DPS</Setting>
		<Set Name="Jiimbo_SF_Paladin">
			<Set Name="Settings">
				<Setting Name="checkbox_settings_buffs">TRUE</Setting>
				<Setting Name="checkbox_settings_combatarts">TRUE</Setting>
				<Setting Name="checkbox_settings_namedcombatarts">TRUE</Setting>
				<Setting Name="checkbox_settings_rangedattack">FALSE</Setting>
				<Setting Name="checkbox_settings_autoattacktiming">TRUE</Setting>
				<Setting Name="checkbox_settings_meleeattack">TRUE</Setting>
				<Setting Name="checkbox_settings_ignoretargettoattackhealthcheck">TRUE</Setting>
				<Setting Name="checkbox_settings_loot">FALSE</Setting>
				<Setting Name="checkbox_settings_acceptloot">FALSE</Setting>
				<Setting Name="checkbox_settings_acceptres">TRUE</Setting>
				<Setting Name="checkbox_settings_prioritytab">TRUE</Setting>
				<Setting Name="checkbox_settings_acceptinvites">TRUE</Setting>
				<Setting Name="checkbox_settings_enablealiases">TRUE</Setting>
				<Setting Name="checkbox_settings_enableogremcp">TRUE</Setting>
				<Setting Name="checkbox_settings_enableonscreenassistant">FALSE</Setting>
				<Setting Name="checkbox_settings_enableannouncetab">TRUE</Setting>
				<Setting Name="checkbox_settings_raidoptions">TRUE</Setting>
				<Setting Name="checkbox_settings_grindoptions">TRUE</Setting>
				<Setting Name="checkbox_settings_encountersmartnukes">TRUE</Setting>
				<Setting Name="checkbox_settings_aesmartnukes">TRUE</Setting>
				<Setting Name="checkbox_settings_autotargetwhenhated">TRUE</Setting>
				<Setting Name="checkbox_settings_mobpriestinfo">TRUE</Setting>
				<Setting Name="checkbox_settings_movetoarea">TRUE</Setting>
				<Setting Name="checkbox_settings_raidoptionslimited">FALSE</Setting>
				<Setting Name="checkbox_settings_ignoremovetoattackhealthcheck">TRUE</Setting>
				<Setting Name="checkbox_settings_facenpc">FALSE</Setting>
				<Setting Name="checkbox_settings_movemelee">FALSE</Setting>
				<Setting Name="checkbox_settings_acceptraidreadychecks">TRUE</Setting>
				<Setting Name="checkbox_settings_acceptdungeonfinderisready">TRUE</Setting>
				<Setting Name="checkbox_settings_assist">TRUE</Setting>
				<Setting Name="checkbox_settings_autofollow">FALSE</Setting>
				<Setting Name="checkbox_settings_doho">FALSE</Setting>
				<Setting Name="checkbox_settings_turnoffattack">TRUE</Setting>
				<Setting Name="checkbox_settings_forcenamedcatab">TRUE</Setting>
				<Setting Name="checkbox_settings_movebehind">FALSE</Setting>
				<Setting Name="checkbox_settings_enableitemsinabilitylists">TRUE</Setting>
				<Setting Name="checkbox_settings_cancelabilitiestogroupcure">TRUE</Setting>
				<Setting Name="checkbox_settings_crowdcontrol">FALSE</Setting>
				<Setting Name="checkbox_settings_moveinfront">FALSE</Setting>
				<Setting Name="checkbox_settings_summon_familiar">FALSE</Setting>
				<Setting Name="checkbox_settings_autoshare_missions">TRUE</Setting>
				<Setting Name="checkbox_settings_no_overseer">TRUE</Setting>
				<Setting Name="checkbox_settings_enable_chatevents">TRUE</Setting>
				<Setting Name="checkbox_settings_acceptnochoicerewards">TRUE</Setting>
				<Setting Name="checkbox_settings_accept_zonein_confirmation">TRUE</Setting>
				<Setting Name="checkbox_settings_consumeitems">TRUE</Setting>
				<Setting Name="checkbox_settings_disable_dbc_claim">TRUE</Setting>
				<Setting Name="checkbox_settings_disableabilitycollisionchecks">FALSE</Setting>
				<Setting Name="checkbox_settings_disablecaststack_cure">FALSE</Setting>
				<Setting Name="checkbox_settings_display_ethereal_mission_info">FALSE</Setting>
				<Setting Name="checkbox_settings_disablecaststack_curecurse">FALSE</Setting>
				<Setting Name="checkbox_settings_loot_incombat">FALSE</Setting>
				<Setting Name="checkbox_settings_globally_mute_itemrotation">TRUE</Setting>
				<Setting Name="checkbox_settings_enable_abilityrotate">TRUE</Setting>
				<Setting Name="checkbox_settings_enable_tag_embargo">TRUE</Setting>
				<Setting Name="checkbox_settings_enable_tag_allow">TRUE</Setting>
				<Setting Name="checkbox_settings_enable_itemrotate">TRUE</Setting>
				<Setting Name="checkbox_settings_disable_bulwark_of_order">TRUE</Setting>
				<Setting Name="checkbox_settings_auto_use_temporary_mount_reduction">TRUE</Setting>
				<Setting Name="checkbox_settings_auto_use_temporary_research_reduction">TRUE</Setting>
				<Setting Name="checkbox_settings_auto_use_temporary_familiar_experience">FALSE</Setting>
				<Setting Name="checkbox_settings_enable_spawnevents">TRUE</Setting>
				<Setting Name="checkbox_settings_enablepetsindropdowns">TRUE</Setting>
				<Setting Name="checkbox_settings_castwhilemoving">TRUE</Setting>
				<Setting Name="checkbox_settings_npc_cast_monitoring">TRUE</Setting>
				<Setting Name="checkbox_settings_globally_mute_abilityrotation">TRUE</Setting>
				<Setting Name="checkbox_settings_disablecaststack_items">FALSE</Setting>
				<Setting Name="checkbox_settings_disablecaststack_ca">FALSE</Setting>
				<Setting Name="checkbox_settings_disablecaststack_combat">FALSE</Setting>
				<Setting Name="checkbox_settings_ability_tracker">TRUE</Setting>
				<Setting Name="checkbox_settings_nostuns">FALSE</Setting>
				<Setting Name="checkbox_settings_nointerrupts">FALSE</Setting>
				<Setting Name="checkbox_settings_nostifles">FALSE</Setting>
				<Setting Name="checkbox_settings_ho_starter">FALSE</Setting>
				<Setting Name="checkbox_settings_ho_wheel">FALSE</Setting>
				<Setting Name="checkbox_settings_ho_start">FALSE</Setting>
				<Setting Name="checkbox_settings_nodispels">FALSE</Setting>
				<Setting Name="checkbox_settings_nofears">FALSE</Setting>
				<Setting Name="checkbox_settings_nodazes">FALSE</Setting>
				<Setting Name="checkbox_settings_do_not_auto_level_mercenary">TRUE</Setting>
				<Setting Name="checkbox_settings_show_surge_messages">TRUE</Setting>
				<Setting Name="checkbox_settings_disablecaststack_res">FALSE</Setting>
				<Setting Name="checkbox_settings_disablecaststack">FALSE</Setting>
				<Setting Name="checkbox_settings_enable_despawnevents">TRUE</Setting>
				<Setting Name="checkbox_settings_cancelinvisaftercombat">TRUE</Setting>
				<Setting Name="checkbox_settings_spew_subscription_status">TRUE</Setting>
				<Setting Name="checkbox_settings_use_reduced_stun_checks">TRUE</Setting>
				<Setting Name="checkbox_settings_allow_specials_to_be_targets">TRUE</Setting>
				<Setting Name="checkbox_settings_ho_change_target">TRUE</Setting>
				<Setting Name="checkbox_settings_ho_allow_unknown_target">TRUE</Setting>
				<Setting Name="checkbox_settings_skipcutscenes">TRUE</Setting>
				<Setting Name="checkbox_settings_donotcheckmounttrainingonload">TRUE</Setting>
				<Setting Name="checkbox_settings_dov_raid_debuff">TRUE</Setting>
			</Set>
			<Set Name="Setup">
				<Setting Name="textentry_setup_percenttoattack">100</Setting>
				<Setting Name="textentry_setup_moveintoattackrangehealthpercent">100</Setting>
				<Setting Name="textentry_setup_petpercenttoattack">99</Setting>
				<Setting Name="textentry_setup_powertousecas">1</Setting>
				<Setting Name="textentry_setup_healthtousecas">1</Setting>
				<Setting Name="textentry_setup_percenttousemanastone">10</Setting>
				<Setting Name="textentry_setup_percenttouseshards">10</Setting>
				<Setting Name="textentry_setup_reswaittimer">2</Setting>
				<Setting Name="checkbox_setup_broadcasttellstouplink">TRUE</Setting>
				<Setting Name="checkbox_setup_receivetellsfromuplink">FALSE</Setting>
				<Setting Name="textentry_setup_moveintomeleerangemaxdistance">140</Setting>
				<Setting Name="textentry_setup_autofollowmaxdistance">135</Setting>
				<Setting Name="checkbox_setup_playsoundonreceivetellsfromuplink">FALSE</Setting>
				<Setting Name="combobox_setup_autofollowname">NULL</Setting>
				<Setting Name="checkbox_setup_broadcastguildtouplink">TRUE</Setting>
				<Setting Name="textentry_setup_pbaetargets">2</Setting>
				<Setting Name="textentry_setup_encountertargets">2</Setting>
				<Setting Name="textentry_setup_turbo">115</Setting>
			</Set>
			<Set Name="Aliases">
				<Set Name="1">
					<Setting Name="__SourceName">Me</Setting>
					<Setting Name="For">EditMe</Setting>
				</Set>
				<Set Name="2">
					<Setting Name="__SourceName">*Priest1</Setting>
					<Setting Name="For">EditMe</Setting>
				</Set>
				<Set Name="3">
					<Setting Name="__SourceName">*DPS1</Setting>
					<Setting Name="For">EditMe</Setting>
				</Set>
				<Set Name="4">
					<Setting Name="__SourceName">*DPS2</Setting>
					<Setting Name="For">EditMe</Setting>
				</Set>
				<Set Name="5">
					<Setting Name="__SourceName">*Defiler1</Setting>
					<Setting Name="For">EditMe</Setting>
				</Set>
				<Set Name="6">
					<Setting Name="__SourceName">Tank2</Setting>
					<Setting Name="For">EditMe</Setting>
				</Set>
				<Set Name="7">
					<Setting Name="__SourceName">Tank3</Setting>
					<Setting Name="For">EditMe</Setting>
				</Set>
				<Set Name="8">
					<Setting Name="__SourceName">*Me</Setting>
					<Setting Name="For">EditMe</Setting>
				</Set>
			</Set>
			<Set Name="CastStack">
				<Set Name="1">
					<Setting Name="__SourceName">Aura of the Crusader</Setting>
					<Setting Name="Type">Cure</Setting>
				</Set>
				<Set Name="2">
					<Setting Name="__Disabled">TRUE</Setting>
					<Setting Name="__SourceName">-------------------------------------------------------------------------------</Setting>
					<Setting Name="Type">Buff</Setting>
				</Set>
				<Set Name="3">
					<Setting Name="__SourceName">Elixir of Resuscitation</Setting>
					<Setting Name="Target">@Group</Setting>
					<Setting Name="Type">Res</Setting>
				</Set>
				<Set Name="4">
					<Setting Name="__SourceName">Elixir of Resuscitation</Setting>
					<Setting Name="Target">@Raid</Setting>
					<Setting Name="Type">Res</Setting>
				</Set>
				<Set Name="5">
					<Setting Name="__Disabled">TRUE</Setting>
					<Setting Name="__SourceName">-------------------------------------------------------------------------------</Setting>
					<Setting Name="Type">Buff</Setting>
				</Set>
				<Set Name="6">
					<Setting Name="%">100</Setting>
					<Setting Name="__SourceName">Demonstration of Faith</Setting>
					<Setting Name="ATag">PreCastTag</Setting>
					<Setting Name="AType">Listen Only</Setting>
					<Setting Name="Target">Slammomander</Setting>
					<Setting Name="Type">Heal</Setting>
				</Set>
				<Set Name="7">
					<Setting Name="__Disabled">TRUE</Setting>
					<Setting Name="__SourceName">-------------------------------------------------------------------------------</Setting>
					<Setting Name="Type">Buff</Setting>
				</Set>
				<Set Name="8">
					<Setting Name="__SourceName">Crusader's Faith</Setting>
					<Setting Name="ID">TRUE</Setting>
					<Setting Name="Type">CA</Setting>
				</Set>
				<Set Name="9">
					<Setting Name="__Disabled">TRUE</Setting>
					<Setting Name="__SourceName">-------------------------------------------------------------------------------</Setting>
					<Setting Name="Type">Buff</Setting>
				</Set>
				<Set Name="10">
					<Setting Name="__Disabled">TRUE</Setting>
					<Setting Name="__SourceName">Heretic's Destruction</Setting>
					<Setting Name="ATag">TW</Setting>
					<Setting Name="AType">Listen Only</Setting>
					<Setting Name="Tag">see chat events</Setting>
					<Setting Name="Type">NamedCA</Setting>
				</Set>
				<Set Name="11">
					<Setting Name="__SourceName">------------------------------DEFENSE---------------------------------------------------------------</Setting>
					<Setting Name="Type">NamedCA</Setting>
				</Set>
				<Set Name="12">
					<Setting Name="%">40</Setting>
					<Setting Name="__SourceName">Arch Heal</Setting>
					<Setting Name="Target">@Group</Setting>
					<Setting Name="Type">Heal</Setting>
				</Set>
				<Set Name="13">
					<Setting Name="%">45</Setting>
					<Setting Name="__SourceName">Divine Aura</Setting>
					<Setting Name="ID">TRUE</Setting>
					<Setting Name="Tag">DefOhCrap</Setting>
					<Setting Name="Type">Heal</Setting>
				</Set>
				<Set Name="14">
					<Setting Name="%">85</Setting>
					<Setting Name="__SourceName">Crusader's Faith</Setting>
					<Setting Name="Type">Heal</Setting>
				</Set>
				<Set Name="15">
					<Setting Name="%">70</Setting>
					<Setting Name="__SourceName">Legionnaire's Conviction</Setting>
					<Setting Name="Type">Heal</Setting>
				</Set>
				<Set Name="16">
					<Setting Name="%">95</Setting>
					<Setting Name="__SourceName">Demonstration of Faith</Setting>
					<Setting Name="ID">TRUE</Setting>
					<Setting Name="Target">@Me</Setting>
					<Setting Name="Type">Heal</Setting>
				</Set>
				<Set Name="17">
					<Setting Name="__Disabled">TRUE</Setting>
					<Setting Name="__SourceName">-------------------------------------------------------------------------------</Setting>
					<Setting Name="Type">Buff</Setting>
				</Set>
				<Set Name="18">
					<Setting Name="%">85</Setting>
					<Setting Name="__SourceName">Holy Aid</Setting>
					<Setting Name="ID">TRUE</Setting>
					<Setting Name="Target">@Me</Setting>
					<Setting Name="Type">Heal</Setting>
				</Set>
				<Set Name="19">
					<Setting Name="%">50</Setting>
					<Setting Name="__SourceName">Devout Sacrament</Setting>
					<Setting Name="ID">TRUE</Setting>
					<Setting Name="Tag">Emergency Heal</Setting>
					<Setting Name="Type">Heal</Setting>
				</Set>
				<Set Name="20">
					<Setting Name="%">10</Setting>
					<Setting Name="__SourceName">Stonewall</Setting>
					<Setting Name="ID">TRUE</Setting>
					<Setting Name="Type">Heal</Setting>
				</Set>
				<Set Name="21">
					<Setting Name="%">98</Setting>
					<Setting Name="__SourceName">Demonstration of Faith</Setting>
					<Setting Name="ID">TRUE</Setting>
					<Setting Name="Target">@Me</Setting>
					<Setting Name="Type">Heal</Setting>
				</Set>
				<Set Name="22">
					<Setting Name="#">1</Setting>
					<Setting Name="%">99</Setting>
					<Setting Name="__SourceName">Prayer of Healing</Setting>
					<Setting Name="ID">TRUE</Setting>
					<Setting Name="Target">@Group</Setting>
					<Setting Name="Type">Heal</Setting>
				</Set>
				<Set Name="23">
					<Setting Name="%">90</Setting>
					<Setting Name="__SourceName">Lay on Hands</Setting>
					<Setting Name="Target">@Group</Setting>
					<Setting Name="Type">Heal</Setting>
				</Set>
				<Set Name="24">
					<Setting Name="__Disabled">TRUE</Setting>
					<Setting Name="__SourceName">-------------------------------------------------------------------------------</Setting>
					<Setting Name="Type">Buff</Setting>
				</Set>
				<Set Name="25">
					<Setting Name="__SourceName">Holy Avenger</Setting>
					<Setting Name="HP&lt;">85</Setting>
					<Setting Name="ID">TRUE</Setting>
					<Setting Name="Type">CA</Setting>
				</Set>
				<Set Name="26">
					<Setting Name="__SourceName">----------------------------TAUNTS/SNAPS--------------------------------------------------------</Setting>
					<Setting Name="Type">NamedCA</Setting>
				</Set>
				<Set Name="27">
					<Setting Name="__SourceName">Sneering Assault</Setting>
					<Setting Name="Aggro&lt;">90</Setting>
					<Setting Name="Type">NamedCA</Setting>
				</Set>
				<Set Name="28">
					<Setting Name="__SourceName">Sigil of Heroism</Setting>
					<Setting Name="Aggro&lt;">98</Setting>
					<Setting Name="ID">TRUE</Setting>
					<Setting Name="Target">@Me</Setting>
					<Setting Name="Type">Combat</Setting>
				</Set>
				<Set Name="29">
					<Setting Name="__SourceName">Rescue</Setting>
					<Setting Name="Aggro&lt;">99</Setting>
					<Setting Name="Named">TRUE</Setting>
					<Setting Name="Tag">SNAP</Setting>
					<Setting Name="Type">NamedCA</Setting>
				</Set>
				<Set Name="30">
					<Setting Name="#">1</Setting>
					<Setting Name="__SourceName">Righteousness</Setting>
					<Setting Name="Aggro&lt;">98</Setting>
					<Setting Name="ID">TRUE</Setting>
					<Setting Name="Type">CA</Setting>
				</Set>
				<Set Name="31">
					<Setting Name="__SourceName">Clarion</Setting>
					<Setting Name="Aggro&lt;">95</Setting>
					<Setting Name="ID">TRUE</Setting>
					<Setting Name="Type">CA</Setting>
				</Set>
				<Set Name="32">
					<Setting Name="__SourceName">Faithful Cry</Setting>
					<Setting Name="ID">TRUE</Setting>
					<Setting Name="Type">CA</Setting>
				</Set>
				<Set Name="33">
					<Setting Name="__SourceName">------------------------------AE 3+--------------------------------------------------------------------------</Setting>
					<Setting Name="Type">NamedCA</Setting>
				</Set>
				<Set Name="34">
					<Setting Name="#">2</Setting>
					<Setting Name="__SourceName">Holy Ground</Setting>
					<Setting Name="Aggro&lt;">90</Setting>
					<Setting Name="ID">TRUE</Setting>
					<Setting Name="Type">CA</Setting>
				</Set>
				<Set Name="35">
					<Setting Name="#">1</Setting>
					<Setting Name="__SourceName">Consecrate</Setting>
					<Setting Name="ID">TRUE</Setting>
					<Setting Name="Type">CA</Setting>
				</Set>
				<Set Name="36">
					<Setting Name="#">2</Setting>
					<Setting Name="__SourceName">Smite Evil</Setting>
					<Setting Name="Type">CA</Setting>
				</Set>
				<Set Name="37">
					<Setting Name="#">1</Setting>
					<Setting Name="__SourceName">Doom Judgment</Setting>
					<Setting Name="ID">TRUE</Setting>
					<Setting Name="Type">CA</Setting>
				</Set>
				<Set Name="38">
					<Setting Name="#">1</Setting>
					<Setting Name="__SourceName">Ancient Wrath</Setting>
					<Setting Name="ID">TRUE</Setting>
					<Setting Name="Type">CA</Setting>
				</Set>
				<Set Name="39">
					<Setting Name="#">1</Setting>
					<Setting Name="__SourceName">Castigate</Setting>
					<Setting Name="Type">CA</Setting>
				</Set>
				<Set Name="40">
					<Setting Name="#">1</Setting>
					<Setting Name="__SourceName">Holy Circle</Setting>
					<Setting Name="Type">CA</Setting>
				</Set>
				<Set Name="41">
					<Setting Name="#">2</Setting>
					<Setting Name="__SourceName">Decree</Setting>
					<Setting Name="Type">CA</Setting>
				</Set>
				<Set Name="42">
					<Setting Name="#">2</Setting>
					<Setting Name="__SourceName">Hammer Ground</Setting>
					<Setting Name="Type">CA</Setting>
				</Set>
				<Set Name="43">
					<Setting Name="__SourceName">-----------------------------MAIN CHAIN---------------------------------------------------------</Setting>
					<Setting Name="Type">NamedCA</Setting>
				</Set>
				<Set Name="44">
					<Setting Name="__SourceName">Holy Strike</Setting>
					<Setting Name="ID">TRUE</Setting>
					<Setting Name="Type">CA</Setting>
				</Set>
				<Set Name="45">
					<Setting Name="__SourceName">Refusal of Atonement</Setting>
					<Setting Name="Type">CA</Setting>
				</Set>
				<Set Name="46">
					<Setting Name="__SourceName">Divine Vengeance</Setting>
					<Setting Name="Type">CA</Setting>
				</Set>
				<Set Name="47">
					<Setting Name="__SourceName">Faith Strike</Setting>
					<Setting Name="Type">CA</Setting>
				</Set>
				<Set Name="48">
					<Setting Name="__SourceName">Power Cleave</Setting>
					<Setting Name="Type">CA</Setting>
				</Set>
				<Set Name="49">
					<Setting Name="#">1</Setting>
					<Setting Name="__SourceName">Decree</Setting>
					<Setting Name="Type">CA</Setting>
				</Set>
				<Set Name="50">
					<Setting Name="__SourceName">Penitent Kick</Setting>
					<Setting Name="Type">CA</Setting>
				</Set>
				<Set Name="51">
					<Setting Name="__SourceName">Heroic Dash</Setting>
					<Setting Name="Type">CA</Setting>
				</Set>
				<Set Name="52">
					<Setting Name="__SourceName">Judgment</Setting>
					<Setting Name="Type">CA</Setting>
				</Set>
				<Set Name="53">
					<Setting Name="__SourceName">Master's Rage</Setting>
					<Setting Name="Type">NamedCA</Setting>
				</Set>
				<Set Name="54">
					<Setting Name="__SourceName">---------------------------------------------------------------------------------------------------------------------------</Setting>
					<Setting Name="Type">NamedCA</Setting>
				</Set>
				<Set Name="55">
					<Setting Name="__SourceName">Aura of Leadership</Setting>
					<Setting Name="Type">Buff</Setting>
				</Set>
				<Set Name="56">
					<Setting Name="__SourceName">Amends</Setting>
					<Setting Name="Target">@DPS1</Setting>
					<Setting Name="Type">Buff</Setting>
				</Set>
				<Set Name="57">
					<Setting Name="__SourceName">Battle Leadership</Setting>
					<Setting Name="Type">Buff</Setting>
				</Set>
				<Set Name="58">
					<Setting Name="__SourceName">Blessed Weapon</Setting>
					<Setting Name="Type">Buff</Setting>
				</Set>
				<Set Name="59">
					<Setting Name="__SourceName">Blessing of the Paladin</Setting>
					<Setting Name="Type">Buff</Setting>
				</Set>
				<Set Name="60">
					<Setting Name="__SourceName">Crusade</Setting>
					<Setting Name="Type">Buff</Setting>
				</Set>
				<Set Name="61">
					<Setting Name="__SourceName">Intrinsic Nature</Setting>
					<Setting Name="Type">Buff</Setting>
				</Set>
				<Set Name="62">
					<Setting Name="__SourceName">Divine Favor</Setting>
					<Setting Name="Type">Buff</Setting>
				</Set>
				<Set Name="63">
					<Setting Name="__SourceName">Divine Inspiration</Setting>
					<Setting Name="Type">Buff</Setting>
				</Set>
				<Set Name="64">
					<Setting Name="__SourceName">Guild Buff</Setting>
					<Setting Name="Type">NonCombatBuff</Setting>
				</Set>
				<Set Name="65">
					<Setting Name="__SourceName">Fearless Morale</Setting>
					<Setting Name="Type">Buff</Setting>
				</Set>
				<Set Name="66">
					<Setting Name="__SourceName">Knight's Stance</Setting>
					<Setting Name="Tag">Def-Stance</Setting>
					<Setting Name="Type">Buff</Setting>
				</Set>
				<Set Name="67">
					<Setting Name="__SourceName">Marr's Favor</Setting>
					<Setting Name="Type">Buff</Setting>
				</Set>
				<Set Name="68">
					<Setting Name="__SourceName">Raid Armament</Setting>
					<Setting Name="Type">Buff</Setting>
				</Set>
				<Set Name="69">
					<Setting Name="__Disabled">TRUE</Setting>
					<Setting Name="__SourceName">Pass Judgment</Setting>
					<Setting Name="Type">Buff</Setting>
				</Set>
				<Set Name="70">
					<Setting Name="__SourceName">Resolute Faith</Setting>
					<Setting Name="Target">@Healer1</Setting>
					<Setting Name="Type">Buff</Setting>
				</Set>
				<Set Name="71">
					<Setting Name="__Disabled">TRUE</Setting>
					<Setting Name="__SourceName">Wrath Stance</Setting>
					<Setting Name="Tag">OFF-Stance</Setting>
					<Setting Name="Type">Buff</Setting>
				</Set>
				<Set Name="72">
					<Setting Name="__SourceName">Takish'Hiz Peafowl</Setting>
					<Setting Name="Type">Buff</Setting>
				</Set>
				<Set Name="73">
					<Setting Name="__Disabled">TRUE</Setting>
					<Setting Name="__SourceName">-------------------------------------------------------------------------------</Setting>
					<Setting Name="Type">Buff</Setting>
				</Set>
			</Set>
			<Set Name="AbilityRotation">
				<Set Name="1">
					<Setting Name="+">30</Setting>
					<Setting Name="__SourceName">Chaos Cloud</Setting>
					<Setting Name="I">TRUE</Setting>
					<Setting Name="Me">TRUE</Setting>
				</Set>
			</Set>
			<Set Name="Assist">
				<Set Name="1">
					<Setting Name="__SourceName">*Tank2</Setting>
				</Set>
				<Set Name="2">
					<Setting Name="__SourceName">*Tank3</Setting>
				</Set>
			</Set>
			<Set Name="Loot">
				<Setting Name="checkbox_loot_ffaaccept">TRUE</Setting>
				<Setting Name="checkbox_loot_lottoaccept">TRUE</Setting>
				<Setting Name="checkbox_loot_nbgaccept">TRUE</Setting>
				<Setting Name="checkbox_loot_confirmnotrade">TRUE</Setting>
				<Setting Name="checkbox_loot_lo_enable">TRUE</Setting>
				<Setting Name="checkbox_loot_lo_adepts">TRUE</Setting>
				<Setting Name="checkbox_loot_lo_masters">TRUE</Setting>
				<Setting Name="checkbox_loot_lo_ancients">TRUE</Setting>
				<Setting Name="checkbox_loot_lo_illegiblescrolls">TRUE</Setting>
				<Setting Name="checkbox_loot_lo_loottradables">TRUE</Setting>
				<Setting Name="checkbox_loot_lo_looteverything">TRUE</Setting>
				<Setting Name="checkbox_loot_lo_smartassign">TRUE</Setting>
			</Set>
			<Set Name="OSA">
				<Setting Name="slider_osa_radius">149</Setting>
				<Setting Name="textentry_osa_radius">149</Setting>
				<Setting Name="checkbox_osa_targetsonly">TRUE</Setting>
			</Set>
			<Set Name="Announce">
				<Set Name="1">
					<Setting Name="__SourceName">Demoralizing Swipe</Setting>
					<Setting Name="Target">Raid</Setting>
					<Setting Name="Txt">Casting Demoralizing Swipe</Setting>
				</Set>
			</Set>
			<Set Name="AutoHunt">
				<Setting Name="checkbox_autohunt_autohunt">FALSE</Setting>
				<Setting Name="checkbox_autohunt_looppath">FALSE</Setting>
				<Setting Name="checkbox_autohunt_pullspell1">FALSE</Setting>
				<Setting Name="combobox_autohunt_pullspell1">Essence Siphon</Setting>
				<Setting Name="checkbox_autohunt_pullspell2">FALSE</Setting>
				<Setting Name="combobox_autohunt_pullspell2">Blasphemy</Setting>
				<Setting Name="checkbox_autohunt_pullspell3">FALSE</Setting>
				<Setting Name="combobox_autohunt_pullspell3">Death Cloud</Setting>
				<Setting Name="checkbox_autohunt_pullspell4">FALSE</Setting>
				<Setting Name="combobox_autohunt_pullspell4">Tap Veins</Setting>
				<Setting Name="checkbox_autohunt_pullspell5">FALSE</Setting>
				<Setting Name="combobox_autohunt_pullspell5">Lance</Setting>
				<Setting Name="checkbox_autohunt_movementonly">FALSE</Setting>
				<Setting Name="checkbox_autohunt_checkaggro">FALSE</Setting>
			</Set>
			<Set Name="AutoHunt_Path">
				<Set Name="1">
					<Setting Name="__SourceName">Start</Setting>
				</Set>
				<Set Name="2">
					<Setting Name="__SourceName">Second</Setting>
				</Set>
				<Set Name="3">
					<Setting Name="__SourceName">Third</Setting>
				</Set>
			</Set>
			<Set Name="Other">
				<Setting Name="combobox_other_curabledisable">Aura of the Crusader</Setting>
				<Setting Name="checkbox_other_curabledisable">TRUE</Setting>
				<Setting Name="checkbox_other_requestconfrontfearviauplink">FALSE</Setting>
				<Setting Name="checkbox_other_requestconfrontfearviagroup">FALSE</Setting>
				<Setting Name="textentry_other_requestconfrontfearviagroup">Need Confront Fear</Setting>
				<Setting Name="checkbox_other_rezanyone">TRUE</Setting>
			</Set>
			<Set Name="Debug">
				<Setting Name="checkbox_debug_casting">FALSE</Setting>
				<Setting Name="checkbox_debug_whatisthebotdoing">FALSE</Setting>
				<Setting Name="checkbox_debug_castingextras">FALSE</Setting>
				<Setting Name="checkbox_debug_castingdetails">FALSE</Setting>
				<Setting Name="checkbox_debug_castingcompleted">FALSE</Setting>
				<Setting Name="checkbox_debug_queuedcommands">FALSE</Setting>
			</Set>
			<Set Name="AutoTarget">
				<Setting Name="checkbox_autotarget_enabled">TRUE</Setting>
				<Setting Name="slider_autotarget_scanradius">100</Setting>
				<Setting Name="slider_autotarget_rescantime">1</Setting>
				<Setting Name="slider_autotarget_scanheight">50</Setting>
				<Setting Name="checkbox_autotarget_outofcombatscanning">TRUE</Setting>
			</Set>
			<Set Name="Load">
				<Setting Name="checkbox_load_radaroff">TRUE</Setting>
			</Set>
			<Set Name="LoadExecute">
				<Set Name="1">
					<Setting Name="__Disabled">TRUE</Setting>
					<Setting Name="__SourceName">run zrezmaster</Setting>
				</Set>
			</Set>
			<Set Name="EquipmentInfo">
				<Setting Name="combobox_equipmentinfo_charmoption1">Item:Replica of the Elddar Rudiments</Setting>
				<Setting Name="combobox_equipmentinfo_charmoption2">Item:The Price Paid</Setting>
			</Set>
			<Set Name="HUDs">
				<Setting Name="checkbox_hud_raid">FALSE</Setting>
				<Setting Name="checkbox_hud_npc">FALSE</Setting>
			</Set>
			<Set Name="OgreConsole">
				<Setting Name="checkbox_ogreconsole_neverautoopen">TRUE</Setting>
				<Setting Name="checkbox_ogreconsole_hideonload">TRUE</Setting>
				<Setting Name="checkbox_ogreconsole_connecttoirc">FALSE</Setting>
			</Set>
			<Set Name="ChatEvents">
				<Set Name="1">
					<Setting Name="__SourceName">TIME WARP 5s</Setting>
					<Setting Name="Code">timedcommand 70 OgreBotAPI:CastAbility[all,Heretic's Destruction]</Setting>
					<Setting Name="OC">TRUE</Setting>
				</Set>
				<Set Name="2">
					<Setting Name="__SourceName">No! While my power still holds, I WILL NOT FALL!</Setting>
					<Setting Name="Code">runscript BeamHandler</Setting>
					<Setting Name="OC">TRUE</Setting>
				</Set>
			</Set>
			<Set Name="Ascension">
				<Setting Name="checkbox_ascension_etherflash_preventport">TRUE</Setting>
			</Set>
			<Set Name="AscensionEmbargoList">
				<Set Name="1">
					<Setting Name="__SourceName">Ethershadow Assassin</Setting>
				</Set>
			</Set>
			<Set Name="Items">
				<Set Name="1">
					<Setting Name="__SourceName">_ADORN_Rune of Bloodbound Torment</Setting>
				</Set>
				<Set Name="2">
					<Setting Name="__SourceName">_EQUIPPED_Primary_01</Setting>
				</Set>
			</Set>
			<Set Name="Overseer">
				<Setting Name="checkbox_overseer_skip_mishap">FALSE</Setting>
				<Setting Name="checkbox_overseer_skip_treasured_quests">FALSE</Setting>
				<Setting Name="checkbox_overseer_threaded">TRUE</Setting>
			</Set>
			<Set Name="ConsumeItems">
				<Set Name="1">
					<Setting Name="__IsItem">TRUE</Setting>
					<Setting Name="__ItemName">Candied Needlite</Setting>
					<Setting Name="__SourceName">Item:Candied Needlite</Setting>
					<Setting Name="IC">TRUE</Setting>
				</Set>
			</Set>
			<Set Name="Tags_AddNew">
				<Set Name="1">
					<Setting Name="__SourceName">Chaos cloud</Setting>
				</Set>
				<Set Name="2">
					<Setting Name="__SourceName">CC- AE reset</Setting>
				</Set>
				<Set Name="3">
					<Setting Name="__SourceName">No-Touchies</Setting>
				</Set>
				<Set Name="4">
					<Setting Name="__SourceName">PreCastTag</Setting>
				</Set>
				<Set Name="5">
					<Setting Name="__SourceName">SquadAllow</Setting>
				</Set>
				<Set Name="6">
					<Setting Name="__SourceName">Torment</Setting>
				</Set>
				<Set Name="7">
					<Setting Name="__SourceName">Plague</Setting>
				</Set>
				<Set Name="8">
					<Setting Name="__SourceName">TW</Setting>
				</Set>
				<Set Name="9">
					<Setting Name="__SourceName">awshit</Setting>
				</Set>
				<Set Name="10">
					<Setting Name="__SourceName">fuckintag</Setting>
				</Set>
			</Set>
			<Set Name="Tags">
				<Set Name="1">
					<Setting Name="+">10</Setting>
					<Setting Name="__SourceName">No-Touchies</Setting>
					<Setting Name="I">TRUE</Setting>
					<Setting Name="Me">TRUE</Setting>
				</Set>
				<Set Name="2">
					<Setting Name="__SourceName">PreCastTag</Setting>
					<Setting Name="Dur">15</Setting>
				</Set>
				<Set Name="3">
					<Setting Name="__SourceName">SquadAllow</Setting>
					<Setting Name="Dur">15</Setting>
				</Set>
				<Set Name="4">
					<Setting Name="__SourceName">Torment</Setting>
					<Setting Name="Dur">10</Setting>
					<Setting Name="Me">TRUE</Setting>
				</Set>
				<Set Name="5">
					<Setting Name="__SourceName">Plague</Setting>
					<Setting Name="Dur">8</Setting>
				</Set>
				<Set Name="6">
					<Setting Name="__SourceName">TW</Setting>
					<Setting Name="Dur">5</Setting>
				</Set>
			</Set>
			<Set Name="AbilityTracker">
				<Set Name="1">
					<Setting Name="__SourceName">Elixir of Resuscitation</Setting>
				</Set>
				<Set Name="2">
					<Setting Name="__SourceName">Crusader's Faith</Setting>
				</Set>
				<Set Name="3">
					<Setting Name="__SourceName">Cure Spells</Setting>
				</Set>
				<Set Name="4">
					<Setting Name="__SourceName">Divine Aura</Setting>
				</Set>
				<Set Name="5">
					<Setting Name="__SourceName">Divine Favor</Setting>
				</Set>
				<Set Name="6">
					<Setting Name="__SourceName">Heretic's Destruction</Setting>
				</Set>
				<Set Name="7">
					<Setting Name="__SourceName">Call to Home</Setting>
				</Set>
				<Set Name="8">
					<Setting Name="__SourceName">Cure Spells</Setting>
				</Set>
				<Set Name="9">
					<Setting Name="__SourceName">Call to Guild Hall</Setting>
				</Set>
			</Set>
			<Set Name="ProfilePartsSettings">
				<Setting Name="checkbox_profileparts_settings_enable">TRUE</Setting>
			</Set>
			<Set Name="HOExcludes">
				<Set Name="1">
					<Setting Name="__SourceName">Subtle Strikes</Setting>
				</Set>
				<Set Name="2">
					<Setting Name="__SourceName">Reckless Aide</Setting>
				</Set>
				<Set Name="3">
					<Setting Name="__SourceName">Rescue</Setting>
				</Set>
				<Set Name="4">
					<Setting Name="__SourceName">Intercept</Setting>
				</Set>
				<Set Name="5">
					<Setting Name="__SourceName">Crusade</Setting>
				</Set>
				<Set Name="6">
					<Setting Name="__SourceName">Blessed Weapon</Setting>
				</Set>
				<Set Name="7">
					<Setting Name="__SourceName">Lay on Hands</Setting>
				</Set>
				<Set Name="8">
					<Setting Name="__SourceName">Amends</Setting>
				</Set>
				<Set Name="9">
					<Setting Name="__SourceName">Devout Sacrament</Setting>
				</Set>
				<Set Name="10">
					<Setting Name="__SourceName">Sigil of Heroism</Setting>
				</Set>
				<Set Name="11">
					<Setting Name="__SourceName">Resolute Faith</Setting>
				</Set>
				<Set Name="12">
					<Setting Name="__SourceName">Wrath Stance</Setting>
				</Set>
			</Set>
		</Set>
		<Set Name="Jimbo_DOV_SK_DPS">
			<Set Name="Settings">
				<Setting Name="checkbox_settings_buffs">TRUE</Setting>
				<Setting Name="checkbox_settings_combatarts">TRUE</Setting>
				<Setting Name="checkbox_settings_namedcombatarts">TRUE</Setting>
				<Setting Name="checkbox_settings_rangedattack">FALSE</Setting>
				<Setting Name="checkbox_settings_autoattacktiming">TRUE</Setting>
				<Setting Name="checkbox_settings_meleeattack">TRUE</Setting>
				<Setting Name="checkbox_settings_ignoretargettoattackhealthcheck">TRUE</Setting>
				<Setting Name="checkbox_settings_loot">TRUE</Setting>
				<Setting Name="checkbox_settings_acceptloot">TRUE</Setting>
				<Setting Name="checkbox_settings_acceptres">TRUE</Setting>
				<Setting Name="checkbox_settings_prioritytab">TRUE</Setting>
				<Setting Name="checkbox_settings_acceptinvites">TRUE</Setting>
				<Setting Name="checkbox_settings_enablealiases">TRUE</Setting>
				<Setting Name="checkbox_settings_enableogremcp">TRUE</Setting>
				<Setting Name="checkbox_settings_enableonscreenassistant">FALSE</Setting>
				<Setting Name="checkbox_settings_enableannouncetab">TRUE</Setting>
				<Setting Name="checkbox_settings_raidoptions">TRUE</Setting>
				<Setting Name="checkbox_settings_grindoptions">TRUE</Setting>
				<Setting Name="checkbox_settings_encountersmartnukes">TRUE</Setting>
				<Setting Name="checkbox_settings_aesmartnukes">TRUE</Setting>
				<Setting Name="checkbox_settings_autotargetwhenhated">TRUE</Setting>
				<Setting Name="checkbox_settings_mobpriestinfo">TRUE</Setting>
				<Setting Name="checkbox_settings_movetoarea">TRUE</Setting>
				<Setting Name="checkbox_settings_raidoptionslimited">FALSE</Setting>
				<Setting Name="checkbox_settings_ignoremovetoattackhealthcheck">FALSE</Setting>
				<Setting Name="checkbox_settings_facenpc">FALSE</Setting>
				<Setting Name="checkbox_settings_movemelee">FALSE</Setting>
				<Setting Name="checkbox_settings_acceptraidreadychecks">TRUE</Setting>
				<Setting Name="checkbox_settings_acceptdungeonfinderisready">TRUE</Setting>
				<Setting Name="checkbox_settings_assist">TRUE</Setting>
				<Setting Name="checkbox_settings_autofollow">TRUE</Setting>
				<Setting Name="checkbox_settings_doho">TRUE</Setting>
				<Setting Name="checkbox_settings_turnoffattack">TRUE</Setting>
				<Setting Name="checkbox_settings_forcenamedcatab">FALSE</Setting>
				<Setting Name="checkbox_settings_movebehind">FALSE</Setting>
				<Setting Name="checkbox_settings_enableitemsinabilitylists">TRUE</Setting>
				<Setting Name="checkbox_settings_cancelabilitiestogroupcure">TRUE</Setting>
				<Setting Name="checkbox_settings_crowdcontrol">FALSE</Setting>
				<Setting Name="checkbox_settings_moveinfront">FALSE</Setting>
				<Setting Name="checkbox_settings_skipcutscenes">TRUE</Setting>
				<Setting Name="checkbox_settings_no_overseer">TRUE</Setting>
				<Setting Name="checkbox_settings_autoshare_missions">TRUE</Setting>
				<Setting Name="checkbox_settings_disable_dbc_claim">TRUE</Setting>
				<Setting Name="checkbox_settings_enable_tag_embargo">TRUE</Setting>
				<Setting Name="checkbox_settings_enable_abilityrotate">TRUE</Setting>
				<Setting Name="checkbox_settings_enable_tag_allow">TRUE</Setting>
				<Setting Name="checkbox_settings_enable_itemrotate">TRUE</Setting>
				<Setting Name="checkbox_settings_acceptnochoicerewards">FALSE</Setting>
				<Setting Name="checkbox_settings_enable_chatevents">TRUE</Setting>
				<Setting Name="checkbox_settings_enable_spawnevents">TRUE</Setting>
				<Setting Name="checkbox_settings_enable_despawnevents">TRUE</Setting>
				<Setting Name="checkbox_settings_dov_raid_debuff">FALSE</Setting>
				<Setting Name="checkbox_settings_donotacceptquests">FALSE</Setting>
				<Setting Name="checkbox_settings_enablepvp">FALSE</Setting>
				<Setting Name="checkbox_settings_disablecaststack">FALSE</Setting>
				<Setting Name="checkbox_settings_ability_tracker">TRUE</Setting>
				<Setting Name="checkbox_settings_accept_zonein_confirmation">TRUE</Setting>
				<Setting Name="checkbox_settings_globally_mute_abilityrotation">TRUE</Setting>
				<Setting Name="checkbox_settings_loot_incombat">TRUE</Setting>
				<Setting Name="checkbox_settings_display_ethereal_mission_info">TRUE</Setting>
				<Setting Name="checkbox_settings_consumeitems">TRUE</Setting>
				<Setting Name="checkbox_settings_disable_bulwark_of_order">TRUE</Setting>
				<Setting Name="checkbox_settings_castwhilemoving">TRUE</Setting>
				<Setting Name="checkbox_settings_disableabilitycollisionchecks">FALSE</Setting>
				<Setting Name="checkbox_settings_x_abilities_to_auto_cure_potions">FALSE</Setting>
				<Setting Name="checkbox_settings_enable_curepotions">TRUE</Setting>
				<Setting Name="checkbox_settings_curepotion_arcane">TRUE</Setting>
				<Setting Name="checkbox_settings_curepotion_noxious">TRUE</Setting>
				<Setting Name="checkbox_settings_curepotion_elemental">TRUE</Setting>
				<Setting Name="checkbox_settings_curepotion_trauma">TRUE</Setting>
				<Setting Name="checkbox_settings_ho_start">FALSE</Setting>
				<Setting Name="checkbox_settings_ho_starter">FALSE</Setting>
				<Setting Name="checkbox_settings_ho_wheel">FALSE</Setting>
				<Setting Name="checkbox_settings_ho_wheel_offensive_only">FALSE</Setting>
			</Set>
			<Set Name="Setup">
				<Setting Name="textentry_setup_percenttoattack">99</Setting>
				<Setting Name="textentry_setup_moveintoattackrangehealthpercent">99</Setting>
				<Setting Name="textentry_setup_petpercenttoattack">99</Setting>
				<Setting Name="textentry_setup_powertousecas">1</Setting>
				<Setting Name="textentry_setup_healthtousecas">1</Setting>
				<Setting Name="textentry_setup_percenttousemanastone">10</Setting>
				<Setting Name="textentry_setup_percenttouseshards">10</Setting>
				<Setting Name="textentry_setup_reswaittimer">2</Setting>
				<Setting Name="checkbox_setup_broadcasttellstouplink">FALSE</Setting>
				<Setting Name="checkbox_setup_receivetellsfromuplink">FALSE</Setting>
				<Setting Name="textentry_setup_moveintomeleerangemaxdistance">140</Setting>
				<Setting Name="textentry_setup_autofollowmaxdistance">135</Setting>
				<Setting Name="checkbox_setup_playsoundonreceivetellsfromuplink">FALSE</Setting>
				<Setting Name="combobox_setup_autofollowname">NULL</Setting>
				<Setting Name="checkbox_setup_broadcastguildtouplink">FALSE</Setting>
				<Setting Name="textentry_setup_pbaetargets">2</Setting>
				<Setting Name="textentry_setup_encountertargets">2</Setting>
			</Set>
			<Set Name="Aliases">
				<Set Name="1">
					<Setting Name="__SourceName">Me</Setting>
					<Setting Name="For">EditMe</Setting>
				</Set>
				<Set Name="2">
					<Setting Name="__SourceName">*Priest1</Setting>
					<Setting Name="For">EditMe</Setting>
				</Set>
				<Set Name="3">
					<Setting Name="__SourceName">*DPS1</Setting>
					<Setting Name="For">EditMe</Setting>
				</Set>
				<Set Name="4">
					<Setting Name="__SourceName">*DPS2</Setting>
					<Setting Name="For">EditMe</Setting>
				</Set>
				<Set Name="5">
					<Setting Name="__SourceName">*Defiler1</Setting>
					<Setting Name="For">EditMe</Setting>
				</Set>
				<Set Name="6">
					<Setting Name="__SourceName">Tank2</Setting>
					<Setting Name="For">EditMe</Setting>
				</Set>
				<Set Name="7">
					<Setting Name="__SourceName">Tank3</Setting>
					<Setting Name="For">EditMe</Setting>
				</Set>
				<Set Name="8">
					<Setting Name="__SourceName">*Me</Setting>
					<Setting Name="For">EditMe</Setting>
				</Set>
			</Set>
			<Set Name="CastStack">
				<Set Name="1">
					<Setting Name="__SourceName">Aura of the Crusader</Setting>
					<Setting Name="Type">Cure</Setting>
				</Set>
				<Set Name="2">
					<Setting Name="__Disabled">TRUE</Setting>
					<Setting Name="__SourceName">-------------------------------------------------------------------------------</Setting>
					<Setting Name="Type">Buff</Setting>
				</Set>
				<Set Name="3">
					<Setting Name="__SourceName">Aura of Leadership</Setting>
					<Setting Name="Type">Buff</Setting>
				</Set>
				<Set Name="4">
					<Setting Name="__SourceName">Battle Leadership</Setting>
					<Setting Name="Type">Buff</Setting>
				</Set>
				<Set Name="5">
					<Setting Name="__SourceName">Bloodletter</Setting>
					<Setting Name="Type">Buff</Setting>
				</Set>
				<Set Name="6">
					<Setting Name="__SourceName">Dark Blade</Setting>
					<Setting Name="Type">Buff</Setting>
				</Set>
				<Set Name="7">
					<Setting Name="__SourceName">Fearless Morale</Setting>
					<Setting Name="Type">Buff</Setting>
				</Set>
				<Set Name="8">
					<Setting Name="__SourceName">Guild Buff</Setting>
					<Setting Name="Type">Buff</Setting>
				</Set>
				<Set Name="9">
					<Setting Name="__SourceName">Grim Harbinger</Setting>
					<Setting Name="Type">Buff</Setting>
				</Set>
				<Set Name="10">
					<Setting Name="__SourceName">Innoruuk's Caress</Setting>
					<Setting Name="Type">Buff</Setting>
				</Set>
				<Set Name="11">
					<Setting Name="__SourceName">Reaver</Setting>
					<Setting Name="Type">Buff</Setting>
				</Set>
				<Set Name="12">
					<Setting Name="__SourceName">Soulclaim</Setting>
					<Setting Name="Type">Buff</Setting>
				</Set>
				<Set Name="13">
					<Setting Name="__SourceName">Seething Hatred</Setting>
					<Setting Name="Type">Buff</Setting>
				</Set>
				<Set Name="14">
					<Setting Name="__SourceName">Devious Evasion</Setting>
					<Setting Name="Target">@DPS1</Setting>
					<Setting Name="Type">Buff</Setting>
				</Set>
				<Set Name="15">
					<Setting Name="__Disabled">TRUE</Setting>
					<Setting Name="__SourceName">Subtle Strikes</Setting>
					<Setting Name="Type">Buff</Setting>
				</Set>
				<Set Name="16">
					<Setting Name="__SourceName">Lucan's Pact</Setting>
					<Setting Name="Type">Buff</Setting>
				</Set>
				<Set Name="17">
					<Setting Name="__SourceName">Unholy Hunger</Setting>
					<Setting Name="Type">Buff</Setting>
				</Set>
				<Set Name="18">
					<Setting Name="__SourceName">Unholy Strength</Setting>
					<Setting Name="Type">Buff</Setting>
				</Set>
				<Set Name="19">
					<Setting Name="__Disabled">TRUE</Setting>
					<Setting Name="__SourceName">-------------------------------------------------------------------------------</Setting>
					<Setting Name="Type">Buff</Setting>
				</Set>
				<Set Name="20">
					<Setting Name="__SourceName">Touch of Death</Setting>
					<Setting Name="Aggro&lt;">90</Setting>
					<Setting Name="ID">TRUE</Setting>
					<Setting Name="Type">NamedCA</Setting>
				</Set>
				<Set Name="21">
					<Setting Name="__SourceName">Sneering Assault</Setting>
					<Setting Name="N_HP&lt;">90</Setting>
					<Setting Name="Type">NamedCA</Setting>
				</Set>
				<Set Name="22">
					<Setting Name="__SourceName">Rescue</Setting>
					<Setting Name="N_HP&lt;">95</Setting>
					<Setting Name="Type">NamedCA</Setting>
				</Set>
				<Set Name="23">
					<Setting Name="__Disabled">TRUE</Setting>
					<Setting Name="__SourceName">-------------------------------------------------------------------------------</Setting>
					<Setting Name="Type">Buff</Setting>
				</Set>
				<Set Name="24">
					<Setting Name="%">90</Setting>
					<Setting Name="__SourceName">Blood Siphon</Setting>
					<Setting Name="ID">TRUE</Setting>
					<Setting Name="Type">Heal</Setting>
				</Set>
				<Set Name="25">
					<Setting Name="%">80</Setting>
					<Setting Name="__SourceName">Crusader's Faith</Setting>
					<Setting Name="ID">TRUE</Setting>
					<Setting Name="Type">Heal</Setting>
				</Set>
				<Set Name="26">
					<Setting Name="%">45</Setting>
					<Setting Name="__SourceName">Hateful Respite</Setting>
					<Setting Name="ID">TRUE</Setting>
					<Setting Name="Tag">oopsie poopsie</Setting>
					<Setting Name="Type">Heal</Setting>
				</Set>
				<Set Name="27">
					<Setting Name="%">40</Setting>
					<Setting Name="__Disabled">TRUE</Setting>
					<Setting Name="__SourceName">Divine Aura</Setting>
					<Setting Name="ID">TRUE</Setting>
					<Setting Name="Type">Heal</Setting>
				</Set>
				<Set Name="28">
					<Setting Name="__Disabled">TRUE</Setting>
					<Setting Name="__SourceName">-------------------------------------------------------------------------------</Setting>
					<Setting Name="Type">Buff</Setting>
				</Set>
				<Set Name="29">
					<Setting Name="%">100</Setting>
					<Setting Name="__SourceName">Blood Siphon</Setting>
					<Setting Name="ATag">PreCastTag</Setting>
					<Setting Name="AType">Listen Only</Setting>
					<Setting Name="ID">TRUE</Setting>
					<Setting Name="Type">Heal</Setting>
				</Set>
				<Set Name="30">
					<Setting Name="%">100</Setting>
					<Setting Name="__SourceName">Unholy Blessing</Setting>
					<Setting Name="ATag">PreCastTag</Setting>
					<Setting Name="AType">Listen Only</Setting>
					<Setting Name="Target">@Me</Setting>
					<Setting Name="Type">Heal</Setting>
				</Set>
				<Set Name="31">
					<Setting Name="#">1</Setting>
					<Setting Name="%">100</Setting>
					<Setting Name="__SourceName">Death March</Setting>
					<Setting Name="ATag">PreCastTag</Setting>
					<Setting Name="AType">Listen Only</Setting>
					<Setting Name="Target">@Me</Setting>
					<Setting Name="Type">Heal</Setting>
				</Set>
				<Set Name="32">
					<Setting Name="%">30</Setting>
					<Setting Name="__SourceName">Intercept</Setting>
					<Setting Name="Target">@Group</Setting>
					<Setting Name="Type">Heal</Setting>
				</Set>
				<Set Name="33">
					<Setting Name="__Disabled">TRUE</Setting>
					<Setting Name="__SourceName">-------------------------------------------------------------------------------</Setting>
					<Setting Name="Type">Buff</Setting>
				</Set>
				<Set Name="34">
					<Setting Name="__SourceName">Death March</Setting>
					<Setting Name="ID">TRUE</Setting>
					<Setting Name="Target">@Me</Setting>
					<Setting Name="Type">Combat</Setting>
				</Set>
				<Set Name="35">
					<Setting Name="__SourceName">Shadowknight's Furor</Setting>
					<Setting Name="ID">TRUE</Setting>
					<Setting Name="Target">@Me</Setting>
					<Setting Name="Type">Combat</Setting>
				</Set>
				<Set Name="36">
					<Setting Name="#">1</Setting>
					<Setting Name="__SourceName">Zealous Smite</Setting>
					<Setting Name="Type">NamedCA</Setting>
				</Set>
				<Set Name="37">
					<Setting Name="#">2</Setting>
					<Setting Name="__SourceName">Zealous Smite</Setting>
					<Setting Name="Type">CA</Setting>
				</Set>
				<Set Name="38">
					<Setting Name="#">2</Setting>
					<Setting Name="__SourceName">Tap Veins</Setting>
					<Setting Name="HP&lt;">70</Setting>
					<Setting Name="Type">CA</Setting>
				</Set>
				<Set Name="39">
					<Setting Name="__SourceName">Siphon Strength</Setting>
					<Setting Name="Type">CA</Setting>
				</Set>
				<Set Name="40">
					<Setting Name="__SourceName">Harm Touch</Setting>
					<Setting Name="Type">NamedCA</Setting>
				</Set>
				<Set Name="41">
					<Setting Name="__SourceName">-------------------------------------------------------------------------------</Setting>
					<Setting Name="Type">Buff</Setting>
				</Set>
				<Set Name="42">
					<Setting Name="__SourceName">Pestilence</Setting>
					<Setting Name="Type">CA</Setting>
				</Set>
				<Set Name="43">
					<Setting Name="#">2</Setting>
					<Setting Name="__SourceName">Grave Sacrament</Setting>
					<Setting Name="ID">TRUE</Setting>
					<Setting Name="Type">CA</Setting>
				</Set>
				<Set Name="44">
					<Setting Name="#">2</Setting>
					<Setting Name="__SourceName">Unending Agony</Setting>
					<Setting Name="ID">TRUE</Setting>
					<Setting Name="Type">CA</Setting>
				</Set>
				<Set Name="45">
					<Setting Name="#">2</Setting>
					<Setting Name="__SourceName">Death Cloud</Setting>
					<Setting Name="ID">TRUE</Setting>
					<Setting Name="Type">CA</Setting>
				</Set>
				<Set Name="46">
					<Setting Name="#">2</Setting>
					<Setting Name="__SourceName">Doom Judgment</Setting>
					<Setting Name="ID">TRUE</Setting>
					<Setting Name="Type">CA</Setting>
				</Set>
				<Set Name="47">
					<Setting Name="#">2</Setting>
					<Setting Name="__SourceName">Tap Veins</Setting>
					<Setting Name="Type">CA</Setting>
				</Set>
				<Set Name="48">
					<Setting Name="#">2</Setting>
					<Setting Name="__SourceName">Hammer Ground</Setting>
					<Setting Name="Type">CA</Setting>
				</Set>
				<Set Name="49">
					<Setting Name="#">1</Setting>
					<Setting Name="__SourceName">Devouring Mist</Setting>
					<Setting Name="ID">TRUE</Setting>
					<Setting Name="Type">NamedCA</Setting>
				</Set>
				<Set Name="50">
					<Setting Name="#">1</Setting>
					<Setting Name="__SourceName">Blasphemy</Setting>
					<Setting Name="ID">TRUE</Setting>
					<Setting Name="Type">CA</Setting>
				</Set>
				<Set Name="51">
					<Setting Name="__SourceName">Insidious Whisper</Setting>
					<Setting Name="Aggro&lt;">95</Setting>
					<Setting Name="ID">TRUE</Setting>
					<Setting Name="Type">CA</Setting>
				</Set>
				<Set Name="52">
					<Setting Name="__SourceName">-------------------------------------------------------------------------------</Setting>
					<Setting Name="Type">Buff</Setting>
				</Set>
				<Set Name="53">
					<Setting Name="#">1</Setting>
					<Setting Name="__SourceName">Essence Siphon</Setting>
					<Setting Name="ID">TRUE</Setting>
					<Setting Name="Type">CA</Setting>
				</Set>
				<Set Name="54">
					<Setting Name="__SourceName">Malice</Setting>
					<Setting Name="Type">CA</Setting>
				</Set>
				<Set Name="55">
					<Setting Name="__SourceName">Shadow Coil</Setting>
					<Setting Name="ID">TRUE</Setting>
					<Setting Name="Type">CA</Setting>
				</Set>
				<Set Name="56">
					<Setting Name="__SourceName">Soulrend</Setting>
					<Setting Name="Type">CA</Setting>
				</Set>
				<Set Name="57">
					<Setting Name="__SourceName">Painbringer</Setting>
					<Setting Name="ID">TRUE</Setting>
					<Setting Name="Type">CA</Setting>
				</Set>
				<Set Name="58">
					<Setting Name="__SourceName">Cleave Flesh</Setting>
					<Setting Name="Type">CA</Setting>
				</Set>
				<Set Name="59">
					<Setting Name="__SourceName">Dreadful Wrath</Setting>
					<Setting Name="Type">CA</Setting>
				</Set>
				<Set Name="60">
					<Setting Name="__SourceName">Devour Vitae</Setting>
					<Setting Name="Type">CA</Setting>
				</Set>
				<Set Name="61">
					<Setting Name="__SourceName">Mana Sieve</Setting>
					<Setting Name="Type">CA</Setting>
				</Set>
				<Set Name="62">
					<Setting Name="__SourceName">Siphon Strike</Setting>
					<Setting Name="Type">CA</Setting>
				</Set>
				<Set Name="63">
					<Setting Name="__SourceName">Master's Rage</Setting>
					<Setting Name="ID">TRUE</Setting>
					<Setting Name="Type">CA</Setting>
				</Set>
				<Set Name="64">
					<Setting Name="__SourceName">Hateful Slam</Setting>
					<Setting Name="Type">CA</Setting>
				</Set>
				<Set Name="65">
					<Setting Name="__SourceName">Combat Leadership</Setting>
					<Setting Name="Target">@Me</Setting>
					<Setting Name="Type">Combat</Setting>
				</Set>
			</Set>
			<Set Name="Loot">
				<Setting Name="checkbox_loot_ffaaccept">TRUE</Setting>
				<Setting Name="checkbox_loot_lottoaccept">TRUE</Setting>
				<Setting Name="checkbox_loot_nbgaccept">TRUE</Setting>
				<Setting Name="checkbox_loot_confirmnotrade">TRUE</Setting>
				<Setting Name="checkbox_loot_lo_enable">TRUE</Setting>
				<Setting Name="checkbox_loot_lo_looteverything">TRUE</Setting>
				<Setting Name="checkbox_loot_lo_smartassign">TRUE</Setting>
			</Set>
			<Set Name="OSA">
				<Setting Name="slider_osa_radius">91</Setting>
				<Setting Name="textentry_osa_radius">91</Setting>
				<Setting Name="checkbox_osa_targetsonly">TRUE</Setting>
			</Set>
			<Set Name="Announce">
				<Set Name="1">
					<Setting Name="__SourceName">Demoralizing Swipe</Setting>
					<Setting Name="Target">Raid</Setting>
					<Setting Name="Txt">Casting Demoralizing Swipe</Setting>
				</Set>
				<Set Name="2">
					<Setting Name="__SourceName">Crusader's Faith</Setting>
					<Setting Name="Target">Group</Setting>
					<Setting Name="Txt">FAITH</Setting>
				</Set>
				<Set Name="3">
					<Setting Name="__SourceName">Death March</Setting>
					<Setting Name="Target">Group</Setting>
					<Setting Name="Txt">DEATH MARCH --------IN-----------</Setting>
				</Set>
			</Set>
			<Set Name="AutoHunt">
				<Setting Name="checkbox_autohunt_autohunt">FALSE</Setting>
				<Setting Name="checkbox_autohunt_looppath">FALSE</Setting>
				<Setting Name="checkbox_autohunt_pullspell1">FALSE</Setting>
				<Setting Name="combobox_autohunt_pullspell1">Essence Siphon</Setting>
				<Setting Name="checkbox_autohunt_pullspell2">FALSE</Setting>
				<Setting Name="combobox_autohunt_pullspell2">Blasphemy</Setting>
				<Setting Name="checkbox_autohunt_pullspell3">FALSE</Setting>
				<Setting Name="combobox_autohunt_pullspell3">Death Cloud</Setting>
				<Setting Name="checkbox_autohunt_pullspell4">FALSE</Setting>
				<Setting Name="combobox_autohunt_pullspell4">Tap Veins</Setting>
				<Setting Name="checkbox_autohunt_pullspell5">FALSE</Setting>
				<Setting Name="combobox_autohunt_pullspell5">Lance</Setting>
				<Setting Name="checkbox_autohunt_movementonly">FALSE</Setting>
				<Setting Name="checkbox_autohunt_checkaggro">FALSE</Setting>
				<Setting Name="textentry_autohunt_scanradius" />
			</Set>
			<Set Name="AutoHunt_Path">
				<Set Name="1">
					<Setting Name="__SourceName">Start</Setting>
				</Set>
				<Set Name="2">
					<Setting Name="__SourceName">Second</Setting>
				</Set>
				<Set Name="3">
					<Setting Name="__SourceName">Third</Setting>
				</Set>
			</Set>
			<Set Name="Other">
				<Setting Name="combobox_other_curabledisable">Aura of the Crusader</Setting>
				<Setting Name="checkbox_other_curabledisable">TRUE</Setting>
				<Setting Name="checkbox_other_requestconfrontfearviauplink">TRUE</Setting>
				<Setting Name="checkbox_other_requestconfrontfearviagroup">FALSE</Setting>
				<Setting Name="textentry_other_requestconfrontfearviagroup">Need Confront Fear</Setting>
			</Set>
			<Set Name="Debug">
				<Setting Name="checkbox_debug_casting">FALSE</Setting>
				<Setting Name="checkbox_debug_whatisthebotdoing">FALSE</Setting>
				<Setting Name="checkbox_debug_castingextras">FALSE</Setting>
				<Setting Name="checkbox_debug_castingdetails">FALSE</Setting>
				<Setting Name="checkbox_debug_queuedcommands">FALSE</Setting>
				<Setting Name="checkbox_debug_failedcasts">FALSE</Setting>
				<Setting Name="checkbox_debug_castingcompleted">FALSE</Setting>
			</Set>
			<Set Name="AutoTarget">
				<Setting Name="checkbox_autotarget_enabled">TRUE</Setting>
				<Setting Name="slider_autotarget_scanradius">25</Setting>
				<Setting Name="slider_autotarget_rescantime">1</Setting>
				<Setting Name="slider_autotarget_scanheight">15</Setting>
				<Setting Name="checkbox_autotarget_outofcombatscanning">FALSE</Setting>
			</Set>
			<Set Name="HUDs">
				<Setting Name="checkbox_hud_npc">FALSE</Setting>
				<Setting Name="checkbox_hud_pc">FALSE</Setting>
				<Setting Name="textentry_hud_pc_updateinterval">20</Setting>
				<Setting Name="checkbox_hud_pc_message_alerts">FALSE</Setting>
				<Setting Name="checkbox_hud_group">FALSE</Setting>
			</Set>
			<Set Name="OgreConsole">
				<Setting Name="checkbox_ogreconsole_connecttoirc">TRUE</Setting>
				<Setting Name="checkbox_ogreconsole_showonload">TRUE</Setting>
				<Setting Name="textentry_ogreconsole_x">2210</Setting>
				<Setting Name="textentry_ogreconsole_y">-15</Setting>
				<Setting Name="textentry_ogreconsole_width">680</Setting>
				<Setting Name="textentry_ogreconsole_height">250</Setting>
				<Setting Name="checkbox_ogreconsole_neverautoopen">TRUE</Setting>
				<Setting Name="checkbox_ogreconsole_hideonload">FALSE</Setting>
			</Set>
			<Set Name="Items">
				<Set Name="1">
					<Setting Name="__SourceName">Arcane Remedy</Setting>
				</Set>
				<Set Name="2">
					<Setting Name="__SourceName">Elemental Remedy</Setting>
				</Set>
				<Set Name="3">
					<Setting Name="__SourceName">Noxious Remedy</Setting>
				</Set>
				<Set Name="4">
					<Setting Name="__SourceName">Savant's Elixir of Fortitude</Setting>
				</Set>
				<Set Name="5">
					<Setting Name="__SourceName">Steward's Cloak of Eternity</Setting>
				</Set>
				<Set Name="6">
					<Setting Name="__SourceName">Totem of the Deadly Sabertooth</Setting>
				</Set>
				<Set Name="7">
					<Setting Name="__SourceName">Trauma Remedy</Setting>
				</Set>
			</Set>
			<Set Name="Overseer">
				<Setting Name="checkbox_overseer_no_overseer">TRUE</Setting>
				<Setting Name="checkbox_overseer_threaded">TRUE</Setting>
			</Set>
			<Set Name="Tags_AddNew">
				<Set Name="1">
					<Setting Name="__SourceName">PreCastTag</Setting>
				</Set>
				<Set Name="2">
					<Setting Name="__SourceName">AE-Embargo</Setting>
				</Set>
			</Set>
			<Set Name="Tags">
				<Set Name="1">
					<Setting Name="__SourceName">PreCastTag</Setting>
					<Setting Name="G">TRUE</Setting>
					<Setting Name="I">TRUE</Setting>
					<Setting Name="IRC">TRUE</Setting>
				</Set>
				<Set Name="2">
					<Setting Name="__SourceName">AE-Embargo</Setting>
					<Setting Name="Me">TRUE</Setting>
				</Set>
			</Set>
			<Set Name="AbilityTracker">
				<Set Name="1">
					<Setting Name="__SourceName">Wind Walker</Setting>
				</Set>
				<Set Name="2">
					<Setting Name="__SourceName">Grave Sacrament</Setting>
				</Set>
				<Set Name="3">
					<Setting Name="__SourceName">Harm Touch</Setting>
				</Set>
				<Set Name="4">
					<Setting Name="__SourceName">Tap Veins</Setting>
				</Set>
				<Set Name="5">
					<Setting Name="__SourceName">Divine Aura</Setting>
				</Set>
				<Set Name="6">
					<Setting Name="__SourceName">Shadowy Elusion</Setting>
				</Set>
			</Set>
			<Set Name="PackPony">
				<Setting Name="checkbox_packpony_enable">FALSE</Setting>
			</Set>
			<Set Name="HOExcludes">
				<Set Name="1">
					<Setting Name="__SourceName">Subtle Strikes</Setting>
				</Set>
				<Set Name="2">
					<Setting Name="__SourceName">Reckless Aide</Setting>
				</Set>
				<Set Name="3">
					<Setting Name="__SourceName">Rescue</Setting>
				</Set>
				<Set Name="4">
					<Setting Name="__SourceName">Intercept</Setting>
				</Set>
				<Set Name="5">
					<Setting Name="__SourceName">Mortal Embrace</Setting>
				</Set>
				<Set Name="6">
					<Setting Name="__SourceName">Shadowy Elusion</Setting>
				</Set>
			</Set>
		</Set>
	</Set>
</InnerSpaceSettings>
