<?xml version='1.0' encoding='UTF-8'?>
<!-- Generated by LavishSettings v2 -->
<InnerSpaceSettings>
	<Set Name="CastStack">
		<Set Name="1">
			<Setting Name="__SourceName">-------------------------------------------------------------------------------</Setting>
			<Setting Name="Type">Buff</Setting>
		</Set>
		<Set Name="2">
			<Setting Name="#">1</Setting>
			<Setting Name="%">100</Setting>
			<Setting Name="__SourceName">Sigil of Heroism</Setting>
			<Setting Name="ATag">PreCast</Setting>
			<Setting Name="AType">Listen Only</Setting>
			<Setting Name="ID">TRUE</Setting>
			<Setting Name="Target">@Group</Setting>
			<Setting Name="Type">Heal</Setting>
		</Set>
		<Set Name="3">
			<Setting Name="%">100</Setting>
			<Setting Name="__SourceName">Demonstration of Faith</Setting>
			<Setting Name="ATag">PreCast</Setting>
			<Setting Name="AType">Listen Only</Setting>
			<Setting Name="Target">@Me</Setting>
			<Setting Name="Type">Heal</Setting>
		</Set>
		<Set Name="4">
			<Setting Name="__SourceName">-------------------------------------------------------------------------------</Setting>
			<Setting Name="Type">Buff</Setting>
		</Set>
		<Set Name="5">
			<Setting Name="__SourceName">Knight's Stance</Setting>
			<Setting Name="Type">Buff</Setting>
		</Set>
		<Set Name="6">
			<Setting Name="__Disabled">TRUE</Setting>
			<Setting Name="__SourceName">Wrath Stance</Setting>
			<Setting Name="Type">Buff</Setting>
		</Set>
		<Set Name="7">
			<Setting Name="__SourceName">Resolute Faith</Setting>
			<Setting Name="Target">*RFaith</Setting>
			<Setting Name="Type">Buff</Setting>
		</Set>
		<Set Name="8">
			<Setting Name="__SourceName">Amends</Setting>
			<Setting Name="Target">*Amnds</Setting>
			<Setting Name="Type">Buff</Setting>
		</Set>
		<Set Name="9">
			<Setting Name="__SourceName">Blessing of the Paladin</Setting>
			<Setting Name="Type">Buff</Setting>
		</Set>
		<Set Name="10">
			<Setting Name="__SourceName">Blessed Weapon</Setting>
			<Setting Name="Type">Buff</Setting>
		</Set>
		<Set Name="11">
			<Setting Name="__SourceName">Crusade</Setting>
			<Setting Name="Type">Buff</Setting>
		</Set>
		<Set Name="12">
			<Setting Name="__SourceName">Divine Favor</Setting>
			<Setting Name="Type">Buff</Setting>
		</Set>
		<Set Name="13">
			<Setting Name="__SourceName">Divine Inspiration</Setting>
			<Setting Name="Type">Buff</Setting>
		</Set>
		<Set Name="14">
			<Setting Name="__SourceName">Battle Leadership</Setting>
			<Setting Name="Type">Buff</Setting>
		</Set>
		<Set Name="15">
			<Setting Name="__SourceName">Fearless Morale</Setting>
			<Setting Name="Type">Buff</Setting>
		</Set>
		<Set Name="16">
			<Setting Name="__SourceName">Aura of Leadership</Setting>
			<Setting Name="Type">Buff</Setting>
		</Set>
		<Set Name="17">
			<Setting Name="__SourceName">Commanding Presence</Setting>
			<Setting Name="Type">NonCombatBuff</Setting>
		</Set>
		<Set Name="18">
			<Setting Name="__SourceName">Takish'Hiz Peafowl</Setting>
			<Setting Name="Type">NonCombatBuff</Setting>
		</Set>
		<Set Name="19">
			<Setting Name="__SourceName">-------------------------------------------------------------------------------</Setting>
			<Setting Name="Type">Buff</Setting>
		</Set>
		<Set Name="20">
			<Setting Name="__IsItem">TRUE</Setting>
			<Setting Name="__ItemName">Exceptional Noxious Remedy</Setting>
			<Setting Name="__SourceName">Item:Exceptional Noxious Remedy</Setting>
			<Setting Name="Type">Cure</Setting>
		</Set>
		<Set Name="21">
			<Setting Name="__IsItem">TRUE</Setting>
			<Setting Name="__ItemName">Exceptional Arcane Remedy</Setting>
			<Setting Name="__SourceName">Item:Exceptional Arcane Remedy</Setting>
			<Setting Name="Type">Cure</Setting>
		</Set>
		<Set Name="22">
			<Setting Name="__IsItem">TRUE</Setting>
			<Setting Name="__ItemName">Exceptional Elemental Remedy</Setting>
			<Setting Name="__SourceName">Item:Exceptional Elemental Remedy</Setting>
			<Setting Name="Type">Cure</Setting>
			<Setting Name="__Disabled">TRUE</Setting>
		</Set>
		<Set Name="23">
			<Setting Name="__IsItem">TRUE</Setting>
			<Setting Name="__ItemName">Exceptional Trauma Remedy</Setting>
			<Setting Name="__SourceName">Item:Exceptional Trauma Remedy</Setting>
			<Setting Name="Type">Cure</Setting>
		</Set>
		<Set Name="24">
			<Setting Name="%">50</Setting>
			<Setting Name="__Disabled">TRUE</Setting>
			<Setting Name="__SourceName">Intercept</Setting>
			<Setting Name="Target">*Intercept</Setting>
			<Setting Name="Type">Heal</Setting>
		</Set>
		<Set Name="25">
			<Setting Name="%">30</Setting>
			<Setting Name="__Disabled">TRUE</Setting>
			<Setting Name="__IsItem">TRUE</Setting>
			<Setting Name="__ItemName">Greater Signet of Life</Setting>
			<Setting Name="__SourceName">Item:Greater Signet of Life</Setting>
			<Setting Name="Target">@Me</Setting>
			<Setting Name="Type">Heal</Setting>
		</Set>
		<Set Name="26">
			<Setting Name="%">30</Setting>
			<Setting Name="__IsItem">TRUE</Setting>
			<Setting Name="__ItemName">Greater Signet of Replenishment</Setting>
			<Setting Name="__SourceName">Item:Greater Signet of Replenishment</Setting>
			<Setting Name="Target">@Me</Setting>
			<Setting Name="Type">PowerHeal</Setting>
			<Setting Name="__Disabled">TRUE</Setting>
		</Set>
		<Set Name="27">
			<Setting Name="%">20</Setting>
			<Setting Name="__SourceName">Divine Aura</Setting>
			<Setting Name="Type">Heal</Setting>
		</Set>
		<Set Name="28">
			<Setting Name="%">25</Setting>
			<Setting Name="__SourceName">Lay on Hands</Setting>
			<Setting Name="Target">@Me</Setting>
			<Setting Name="Type">Heal</Setting>
		</Set>
		<Set Name="29">
			<Setting Name="%">75</Setting>
			<Setting Name="__SourceName">Devout Sacrament</Setting>
			<Setting Name="ID">TRUE</Setting>
			<Setting Name="Type">Heal</Setting>
		</Set>
		<Set Name="30">
			<Setting Name="%">85</Setting>
			<Setting Name="__SourceName">Holy Aid</Setting>
			<Setting Name="ID">TRUE</Setting>
			<Setting Name="Target">@Me</Setting>
			<Setting Name="Type">Heal</Setting>
		</Set>
		<Set Name="31">
			<Setting Name="__SourceName">Prayer of Healing</Setting>
			<Setting Name="Target">@Me</Setting>
			<Setting Name="Type">Heal</Setting>
			<Setting Name="#">2</Setting>
			<Setting Name="%">85</Setting>
		</Set>
		<Set Name="32">
			<Setting Name="__Disabled">TRUE</Setting>
			<Setting Name="__SourceName">-------------------------------------------------------------------------------</Setting>
			<Setting Name="Type">Buff</Setting>
		</Set>
		<Set Name="33">
			<Setting Name="__SourceName">Elixir of Resuscitation</Setting>
			<Setting Name="Target">@Bard</Setting>
			<Setting Name="Type">Res</Setting>
		</Set>
		<Set Name="34">
			<Setting Name="__IsItem">TRUE</Setting>
			<Setting Name="__ItemName">Grandmaster's Elixir of Second Sight</Setting>
			<Setting Name="__SourceName">Item:Grandmaster's Elixir of Second Sight</Setting>
			<Setting Name="Type">Buff</Setting>
		</Set>
		<Set Name="35">
			<Setting Name="__SourceName">-------------------------------------------------------------------------------</Setting>
			<Setting Name="Type">Buff</Setting>
		</Set>
		<Set Name="36">
			<Setting Name="__SourceName">Demonstration of Faith</Setting>
			<Setting Name="Target">@Me</Setting>
			<Setting Name="Type">Combat</Setting>
		</Set>
		<Set Name="37">
			<Setting Name="__SourceName">Sigil of Heroism</Setting>
			<Setting Name="Target">@Tank</Setting>
			<Setting Name="Type">Combat</Setting>
		</Set>
		<Set Name="38">
			<Setting Name="__SourceName">Legionnaire's Conviction</Setting>
			<Setting Name="Target">@Me</Setting>
			<Setting Name="Type">Combat</Setting>
		</Set>
		<Set Name="39">
			<Setting Name="__SourceName">Combat Leadership</Setting>
			<Setting Name="Target">@Me</Setting>
			<Setting Name="Type">Combat</Setting>
		</Set>
		<Set Name="40">
			<Setting Name="__SourceName">-------------------------------------------------------------------------------</Setting>
			<Setting Name="Type">Buff</Setting>
		</Set>
		<Set Name="41">
			<Setting Name="__SourceName">Clarion</Setting>
			<Setting Name="Type">CA</Setting>
		</Set>
		<Set Name="42">
			<Setting Name="#">2</Setting>
			<Setting Name="__SourceName">Righteousness</Setting>
			<Setting Name="IE">TRUE</Setting>
			<Setting Name="Type">CA</Setting>
		</Set>
		<Set Name="43">
			<Setting Name="__SourceName">Refusal of Atonement</Setting>
			<Setting Name="Type">CA</Setting>
		</Set>
		<Set Name="44">
			<Setting Name="__SourceName">-------------------------------------------------------------------------------</Setting>
			<Setting Name="Type">Buff</Setting>
		</Set>
		<Set Name="45">
			<Setting Name="#">3</Setting>
			<Setting Name="__SourceName">Consecrate</Setting>
			<Setting Name="Type">CA</Setting>
		</Set>
		<Set Name="46">
			<Setting Name="#">3</Setting>
			<Setting Name="__SourceName">Ancient Wrath</Setting>
			<Setting Name="Type">CA</Setting>
		</Set>
		<Set Name="47">
			<Setting Name="#">3</Setting>
			<Setting Name="__SourceName">Hammer Ground</Setting>
			<Setting Name="Type">CA</Setting>
		</Set>
		<Set Name="48">
			<Setting Name="#">3</Setting>
			<Setting Name="__SourceName">Doom Judgment</Setting>
			<Setting Name="Type">CA</Setting>
		</Set>
		<Set Name="49">
			<Setting Name="#">3</Setting>
			<Setting Name="__SourceName">Holy Circle</Setting>
			<Setting Name="IAE">TRUE</Setting>
			<Setting Name="Type">CA</Setting>
		</Set>
		<Set Name="50">
			<Setting Name="#">3</Setting>
			<Setting Name="__SourceName">Decree</Setting>
			<Setting Name="Type">CA</Setting>
		</Set>
		<Set Name="51">
			<Setting Name="#">3</Setting>
			<Setting Name="__SourceName">Castigate</Setting>
			<Setting Name="Type">CA</Setting>
		</Set>
		<Set Name="52">
			<Setting Name="__SourceName">-------------------------------------------------------------------------------</Setting>
			<Setting Name="Type">Buff</Setting>
		</Set>
		<Set Name="53">
			<Setting Name="__SourceName">Swift Attack</Setting>
			<Setting Name="Type">CA</Setting>
		</Set>
		<Set Name="54">
			<Setting Name="__SourceName">Holy Strike</Setting>
			<Setting Name="Type">CA</Setting>
		</Set>
		<Set Name="55">
			<Setting Name="__SourceName">Divine Vengeance</Setting>
			<Setting Name="Type">CA</Setting>
		</Set>
		<Set Name="56">
			<Setting Name="__SourceName">Judgment</Setting>
			<Setting Name="Type">CA</Setting>
		</Set>
		<Set Name="57">
			<Setting Name="__SourceName">Master's Rage</Setting>
			<Setting Name="Type">CA</Setting>
		</Set>
		<Set Name="58">
			<Setting Name="__SourceName">Power Cleave</Setting>
			<Setting Name="Type">CA</Setting>
		</Set>
		<Set Name="59">
			<Setting Name="__SourceName">Penitent Kick</Setting>
			<Setting Name="Type">CA</Setting>
		</Set>
		<Set Name="60">
			<Setting Name="__SourceName">Faith Strike</Setting>
			<Setting Name="Type">CA</Setting>
		</Set>
		<Set Name="61">
			<Setting Name="__SourceName">Heroic Dash</Setting>
			<Setting Name="Type">CA</Setting>
		</Set>
	</Set>
</InnerSpaceSettings>
