<?xml version='1.0' encoding='UTF-8'?>
<!-- Generated by LavishSettings v2 -->
<InnerSpaceSettings>
	<Set Name="CastStack">
		<Set Name="1">
			<Setting Name="%">100</Setting>
			<Setting Name="__SourceName">Lightning Palm</Setting>
			<Setting Name="ATag">PreCast</Setting>
			<Setting Name="AType">Listen Only</Setting>
			<Setting Name="Type">Heal</Setting>
		</Set>
		<Set Name="2">
			<Setting Name="%">100</Setting>
			<Setting Name="__SourceName">Chi</Setting>
			<Setting Name="ATag">PreCast</Setting>
			<Setting Name="AType">Listen Only</Setting>
			<Setting Name="ID">TRUE</Setting>
			<Setting Name="Type">Heal</Setting>
		</Set>
		<Set Name="3">
			<Setting Name="__Disabled">TRUE</Setting>
			<Setting Name="__SourceName">-------------------------------------------------------------------------------</Setting>
			<Setting Name="Type">Buff</Setting>
		</Set>
		<Set Name="4">
			<Setting Name="__IsItem">TRUE</Setting>
			<Setting Name="__ItemName">Grandmaster's Elixir of Second Sight</Setting>
			<Setting Name="__SourceName">Item:Grandmaster's Elixir of Second Sight</Setting>
			<Setting Name="Type">Buff</Setting>
		</Set>
		<Set Name="5">
			<Setting Name="__SourceName">Tranquil Vision</Setting>
			<Setting Name="Target">*MT</Setting>
			<Setting Name="Type">Buff</Setting>
		</Set>
		<Set Name="6">
			<Setting Name="__SourceName">Flow Like Wind</Setting>
			<Setting Name="Type">Buff</Setting>
		</Set>
		<Set Name="7">
			<Setting Name="__Disabled">TRUE</Setting>
			<Setting Name="__SourceName">Crouching Tiger</Setting>
			<Setting Name="Type">Buff</Setting>
		</Set>
		<Set Name="8">
			<Setting Name="__SourceName">Calm Tranquility</Setting>
			<Setting Name="Type">Buff</Setting>
		</Set>
		<Set Name="9">
			<Setting Name="__SourceName">Crane Twirl</Setting>
			<Setting Name="Type">Buff</Setting>
		</Set>
		<Set Name="10">
			<Setting Name="__SourceName">Dragon Rage</Setting>
			<Setting Name="Type">Buff</Setting>
		</Set>
		<Set Name="11">
			<Setting Name="__SourceName">Everburning Flame</Setting>
			<Setting Name="Type">Buff</Setting>
		</Set>
		<Set Name="12">
			<Setting Name="__SourceName">Inner Calm</Setting>
			<Setting Name="Type">Buff</Setting>
		</Set>
		<Set Name="13">
			<Setting Name="__SourceName">Commanding Presence</Setting>
			<Setting Name="Type">NonCombatBuff</Setting>
		</Set>
		<Set Name="14">
			<Setting Name="__Disabled">TRUE</Setting>
			<Setting Name="__SourceName">-------------------------------------------------------------------------------</Setting>
			<Setting Name="Type">Buff</Setting>
		</Set>
		<Set Name="15">
			<Setting Name="__SourceName">Will of the Heavens</Setting>
			<Setting Name="Type">Cure</Setting>
		</Set>
		<Set Name="16">
			<Setting Name="%">35</Setting>
			<Setting Name="__SourceName">Mend</Setting>
			<Setting Name="Target">@Me</Setting>
			<Setting Name="Type">Heal</Setting>
		</Set>
		<Set Name="17">
			<Setting Name="%">50</Setting>
			<Setting Name="__SourceName">Tsunami</Setting>
			<Setting Name="Type">Heal</Setting>
		</Set>
		<Set Name="18">
			<Setting Name="%">50</Setting>
			<Setting Name="__Disabled">TRUE</Setting>
			<Setting Name="__SourceName">Intercept</Setting>
			<Setting Name="Target">*MT</Setting>
			<Setting Name="Type">Heal</Setting>
		</Set>
		<Set Name="19">
			<Setting Name="%">80</Setting>
			<Setting Name="__Disabled">TRUE</Setting>
			<Setting Name="__SourceName">Mountain Stance</Setting>
			<Setting Name="Type">Heal</Setting>
		</Set>
		<Set Name="20">
			<Setting Name="__Disabled">TRUE</Setting>
			<Setting Name="__SourceName">-------------------------------------------------------------------------------</Setting>
			<Setting Name="Type">Buff</Setting>
		</Set>
		<Set Name="21">
			<Setting Name="__SourceName">Outward Calm</Setting>
			<Setting Name="Target">@Me</Setting>
			<Setting Name="Type">Combat</Setting>
		</Set>
		<Set Name="22">
			<Setting Name="__SourceName">Lightning Palm</Setting>
			<Setting Name="Target">@Me</Setting>
			<Setting Name="Type">Combat</Setting>
		</Set>
		<Set Name="23">
			<Setting Name="__SourceName">Chi</Setting>
			<Setting Name="Target">@Me</Setting>
			<Setting Name="Type">Combat</Setting>
		</Set>
		<Set Name="24">
			<Setting Name="__SourceName">Mantis Star</Setting>
			<Setting Name="ID">TRUE</Setting>
			<Setting Name="Type">CA</Setting>
		</Set>
		<Set Name="25">
			<Setting Name="__SourceName">Silent Threat</Setting>
			<Setting Name="Type">CA</Setting>
		</Set>
		<Set Name="26">
			<Setting Name="#">1</Setting>
			<Setting Name="__SourceName">Dragonfire</Setting>
			<Setting Name="ID">TRUE</Setting>
			<Setting Name="Type">CA</Setting>
		</Set>
		<Set Name="27">
			<Setting Name="#">3</Setting>
			<Setting Name="__SourceName">Crescent Strike</Setting>
			<Setting Name="IAE">TRUE</Setting>
			<Setting Name="Type">CA</Setting>
		</Set>
		<Set Name="28">
			<Setting Name="__SourceName">Baton Flurry</Setting>
			<Setting Name="Type">CA</Setting>
		</Set>
		<Set Name="29">
			<Setting Name="__SourceName">Devastation Fist</Setting>
			<Setting Name="Type">CA</Setting>
		</Set>
		<Set Name="30">
			<Setting Name="__SourceName">Master's Rage</Setting>
			<Setting Name="Type">CA</Setting>
		</Set>
		<Set Name="31">
			<Setting Name="__SourceName">Rising Dragon</Setting>
			<Setting Name="Type">CA</Setting>
		</Set>
		<Set Name="32">
			<Setting Name="__SourceName">Five Rings</Setting>
			<Setting Name="Type">CA</Setting>
		</Set>
		<Set Name="33">
			<Setting Name="__SourceName">Striking Cobra</Setting>
			<Setting Name="Type">CA</Setting>
		</Set>
		<Set Name="34">
			<Setting Name="__SourceName">Rising Phoenix</Setting>
			<Setting Name="Type">CA</Setting>
		</Set>
		<Set Name="35">
			<Setting Name="__SourceName">Arctic Talon</Setting>
			<Setting Name="Type">CA</Setting>
		</Set>
		<Set Name="36">
			<Setting Name="__SourceName">Frozen Palm</Setting>
			<Setting Name="Type">CA</Setting>
		</Set>
		<Set Name="37">
			<Setting Name="__SourceName">Pressure Point</Setting>
			<Setting Name="Type">CA</Setting>
		</Set>
		<Set Name="38">
			<Setting Name="__SourceName">Silent Palm</Setting>
			<Setting Name="Type">CA</Setting>
		</Set>
		<Set Name="39">
			<Setting Name="__SourceName">Crescent Strike</Setting>
			<Setting Name="Type">CA</Setting>
		</Set>
		<Set Name="40">
			<Setting Name="__SourceName">Roundhouse Kick</Setting>
			<Setting Name="Type">CA</Setting>
		</Set>
		<Set Name="41">
			<Setting Name="__SourceName">Charging Tiger</Setting>
			<Setting Name="Type">CA</Setting>
		</Set>
		<Set Name="42">
			<Setting Name="__SourceName">Waking Dragon</Setting>
			<Setting Name="Type">CA</Setting>
		</Set>
		<Set Name="43">
			<Setting Name="#">1</Setting>
			<Setting Name="__SourceName">Crescent Strike</Setting>
			<Setting Name="IAE">TRUE</Setting>
			<Setting Name="Type">CA</Setting>
		</Set>
		<Set Name="44">
			<Setting Name="__Disabled">TRUE</Setting>
			<Setting Name="__SourceName">-------------------------------------------------------------------------------</Setting>
			<Setting Name="Type">Buff</Setting>
		</Set>
	</Set>
</InnerSpaceSettings>
