﻿<?xml version='1.0' encoding='UTF-8'?>
<!-- Generated by LavishSettings v2 -->
<InnerSpaceSettings>
	<Set Name="Profiles">
		<Setting Name="DefaultProfiles">Jiimbo_AOD_OT-ZERK</Setting>
		<Set Name="Jiimbo_AOD_OT-ZERK">
			<Set Name="Settings">
				<Setting Name="checkbox_settings_buffs">TRUE</Setting>
				<Setting Name="checkbox_settings_combatarts">TRUE</Setting>
				<Setting Name="checkbox_settings_namedcombatarts">TRUE</Setting>
				<Setting Name="checkbox_settings_rangedattack">FALSE</Setting>
				<Setting Name="checkbox_settings_autoattacktiming">TRUE</Setting>
				<Setting Name="checkbox_settings_meleeattack">TRUE</Setting>
				<Setting Name="checkbox_settings_ignoretargettoattackhealthcheck">TRUE</Setting>
				<Setting Name="checkbox_settings_loot">TRUE</Setting>
				<Setting Name="checkbox_settings_acceptloot">TRUE</Setting>
				<Setting Name="checkbox_settings_acceptres">TRUE</Setting>
				<Setting Name="checkbox_settings_prioritytab">TRUE</Setting>
				<Setting Name="checkbox_settings_acceptinvites">TRUE</Setting>
				<Setting Name="checkbox_settings_enablealiases">TRUE</Setting>
				<Setting Name="checkbox_settings_enableogremcp">TRUE</Setting>
				<Setting Name="checkbox_settings_enableonscreenassistant">FALSE</Setting>
				<Setting Name="checkbox_settings_enableannouncetab">TRUE</Setting>
				<Setting Name="checkbox_settings_raidoptions">FALSE</Setting>
				<Setting Name="checkbox_settings_grindoptions">FALSE</Setting>
				<Setting Name="checkbox_settings_encountersmartnukes">TRUE</Setting>
				<Setting Name="checkbox_settings_aesmartnukes">TRUE</Setting>
				<Setting Name="checkbox_settings_autotargetwhenhated">TRUE</Setting>
				<Setting Name="checkbox_settings_mobpriestinfo">TRUE</Setting>
				<Setting Name="checkbox_settings_turnoffattack">TRUE</Setting>
				<Setting Name="checkbox_settings_movemelee">FALSE</Setting>
				<Setting Name="checkbox_settings_moveinfront">FALSE</Setting>
				<Setting Name="checkbox_settings_facenpc">FALSE</Setting>
				<Setting Name="checkbox_settings_movebehind">FALSE</Setting>
				<Setting Name="checkbox_settings_ignoremovetoattackhealthcheck">TRUE</Setting>
				<Setting Name="checkbox_settings_autofollow">TRUE</Setting>
				<Setting Name="checkbox_settings_assist">TRUE</Setting>
				<Setting Name="checkbox_settings_movetoarea">TRUE</Setting>
				<Setting Name="checkbox_settings_forcenamedcatab">TRUE</Setting>
				<Setting Name="checkbox_settings_raidoptionslimited">FALSE</Setting>
				<Setting Name="checkbox_settings_ignorerangeoncas">TRUE</Setting>
				<Setting Name="checkbox_settings_no_overseer">TRUE</Setting>
				<Setting Name="checkbox_settings_acceptnochoicerewards">TRUE</Setting>
				<Setting Name="checkbox_settings_crowdcontrol">FALSE</Setting>
				<Setting Name="checkbox_settings_doho">TRUE</Setting>
				<Setting Name="checkbox_settings_accept_zonein_confirmation">TRUE</Setting>
				<Setting Name="checkbox_settings_enable_tag_embargo">TRUE</Setting>
				<Setting Name="checkbox_settings_enable_abilityrotate">TRUE</Setting>
				<Setting Name="checkbox_settings_enable_tag_allow">TRUE</Setting>
				<Setting Name="checkbox_settings_enable_itemrotate">TRUE</Setting>
				<Setting Name="checkbox_settings_enable_chatevents">TRUE</Setting>
				<Setting Name="checkbox_settings_enable_spawnevents">TRUE</Setting>
				<Setting Name="checkbox_settings_disablecaststack">FALSE</Setting>
				<Setting Name="checkbox_settings_disable_dbc_claim">TRUE</Setting>
				<Setting Name="checkbox_settings_ho_wheel">FALSE</Setting>
				<Setting Name="checkbox_settings_ability_tracker">TRUE</Setting>
				<Setting Name="checkbox_settings_globally_mute_abilityrotation">TRUE</Setting>
				<Setting Name="checkbox_settings_autoshare_missions">TRUE</Setting>
				<Setting Name="checkbox_settings_loot_incombat">TRUE</Setting>
				<Setting Name="checkbox_settings_ho_starter">FALSE</Setting>
				<Setting Name="checkbox_settings_enable_despawnevents">TRUE</Setting>
				<Setting Name="checkbox_settings_npc_cast_monitoring">TRUE</Setting>
				<Setting Name="checkbox_settings_do_not_auto_level_mercenary">TRUE</Setting>
				<Setting Name="checkbox_settings_consumeitems">TRUE</Setting>
				<Setting Name="checkbox_settings_castwhilemoving">TRUE</Setting>
				<Setting Name="checkbox_settings_disablecaststack_res">TRUE</Setting>
				<Setting Name="checkbox_settings_enable_curepotions">TRUE</Setting>
				<Setting Name="checkbox_settings_curepotion_arcane">TRUE</Setting>
				<Setting Name="checkbox_settings_curepotion_elemental">TRUE</Setting>
				<Setting Name="checkbox_settings_curepotion_noxious">TRUE</Setting>
				<Setting Name="checkbox_settings_curepotion_trauma">TRUE</Setting>
				<Setting Name="checkbox_settings_dov_raid_debuff">TRUE</Setting>
				<Setting Name="checkbox_settings_disablecaststack_cure">FALSE</Setting>
				<Setting Name="checkbox_settings_disablecaststack_ca">FALSE</Setting>
				<Setting Name="checkbox_settings_disableabilitycollisionchecks">TRUE</Setting>
				<Setting Name="checkbox_settings_spew_subscription_status">TRUE</Setting>
				<Setting Name="checkbox_settings_use_reduced_stun_checks">TRUE</Setting>
				<Setting Name="checkbox_settings_allow_specials_to_be_targets">TRUE</Setting>
				<Setting Name="checkbox_settings_cancelinvisaftercombat">TRUE</Setting>
				<Setting Name="checkbox_settings_ho_allow_unknown_target">TRUE</Setting>
				<Setting Name="checkbox_settings_ho_change_target">TRUE</Setting>
				<Setting Name="checkbox_settings_ho_wheel_offensive_only">TRUE</Setting>
				<Setting Name="checkbox_settings_display_ethereal_mission_info">TRUE</Setting>
				<Setting Name="checkbox_settings_acceptraidreadychecks">TRUE</Setting>
				<Setting Name="checkbox_settings_acceptdungeonfinderisready">TRUE</Setting>
				<Setting Name="checkbox_settings_skipcutscenes">TRUE</Setting>
				<Setting Name="checkbox_settings_no_threatincreases">FALSE</Setting>
				<Setting Name="checkbox_settings_no_threatpositionincreases">FALSE</Setting>
				<Setting Name="checkbox_settings_no_threatpositiondecreases">FALSE</Setting>
				<Setting Name="checkbox_settings_enablequestcompare">FALSE</Setting>
				<Setting Name="checkbox_settings_no_forcetargets">FALSE</Setting>
				<Setting Name="checkbox_settings_no_threatdecreases">FALSE</Setting>
				<Setting Name="checkbox_settings_nostuns">FALSE</Setting>
				<Setting Name="checkbox_settings_disablecaststack_curecurse">FALSE</Setting>
			</Set>
			<Set Name="Setup">
				<Setting Name="textentry_setup_percenttoattack">99</Setting>
				<Setting Name="textentry_setup_moveintoattackrangehealthpercent">99</Setting>
				<Setting Name="textentry_setup_petpercenttoattack">97</Setting>
				<Setting Name="textentry_setup_powertousecas">1</Setting>
				<Setting Name="textentry_setup_healthtousecas">1</Setting>
				<Setting Name="textentry_setup_percenttousemanastone">10</Setting>
				<Setting Name="textentry_setup_percenttouseshards">10</Setting>
				<Setting Name="textentry_setup_reswaittimer">2</Setting>
				<Setting Name="checkbox_setup_broadcasttellstouplink">FALSE</Setting>
				<Setting Name="checkbox_setup_receivetellsfromuplink">TRUE</Setting>
				<Setting Name="textentry_setup_moveintomeleerangemaxdistance">400</Setting>
				<Setting Name="textentry_setup_autofollowmaxdistance">35</Setting>
				<Setting Name="combobox_setup_autofollowname">NULL</Setting>
				<Setting Name="textentry_setup_pbaetargets">2</Setting>
				<Setting Name="textentry_setup_encountertargets">2</Setting>
				<Setting Name="textentry_setup_turbo">600</Setting>
			</Set>
			<Set Name="CastStack">
				<Set Name="1">
					<Setting Name="%">30</Setting>
					<Setting Name="__SourceName">Unyielding Will</Setting>
					<Setting Name="ID">TRUE</Setting>
					<Setting Name="Type">Heal</Setting>
				</Set>
				<Set Name="2">
					<Setting Name="__SourceName">Battle Frenzy</Setting>
					<Setting Name="ID">TRUE</Setting>
					<Setting Name="Target">@Me</Setting>
					<Setting Name="Type">Combat</Setting>
				</Set>
				<Set Name="3">
					<Setting Name="__SourceName">Buffs--------------------------------------------------------------------------------------------------------------------</Setting>
					<Setting Name="Type">CA</Setting>
				</Set>
				<Set Name="4">
					<Setting Name="__Disabled">TRUE</Setting>
					<Setting Name="__SourceName">Abandoned Fury</Setting>
					<Setting Name="Type">Buff</Setting>
				</Set>
				<Set Name="5">
					<Setting Name="__SourceName">Aggressive Defense</Setting>
					<Setting Name="Type">Buff</Setting>
				</Set>
				<Set Name="6">
					<Setting Name="__SourceName">Berserk Rage</Setting>
					<Setting Name="Type">NonCombatBuff</Setting>
				</Set>
				<Set Name="7">
					<Setting Name="__SourceName">Bloodlust</Setting>
					<Setting Name="Type">NonCombatBuff</Setting>
				</Set>
				<Set Name="8">
					<Setting Name="__SourceName">Blood Rage</Setting>
					<Setting Name="Type">NonCombatBuff</Setting>
				</Set>
				<Set Name="9">
					<Setting Name="__SourceName">Destructive Rage</Setting>
					<Setting Name="Type">NonCombatBuff</Setting>
				</Set>
				<Set Name="10">
					<Setting Name="__Disabled">TRUE</Setting>
					<Setting Name="__SourceName">Commanding Presence</Setting>
					<Setting Name="Type">NonCombatBuff</Setting>
				</Set>
				<Set Name="11">
					<Setting Name="__SourceName">Guild Buff</Setting>
					<Setting Name="Type">Buff</Setting>
				</Set>
				<Set Name="12">
					<Setting Name="__SourceName">Summon: The Tribunal's Bailiff</Setting>
					<Setting Name="Type">Buff</Setting>
				</Set>
				<Set Name="13">
					<Setting Name="__SourceName">Perseverance</Setting>
					<Setting Name="Type">Buff</Setting>
				</Set>
				<Set Name="14">
					<Setting Name="__SourceName">Reckless Aide</Setting>
					<Setting Name="Target">@Healer1</Setting>
					<Setting Name="Type">NonCombatBuff</Setting>
				</Set>
				<Set Name="15">
					<Setting Name="__Disabled">TRUE</Setting>
					<Setting Name="__SourceName">Subtle Strikes</Setting>
					<Setting Name="Type">NonCombatBuff</Setting>
				</Set>
				<Set Name="16">
					<Setting Name="__SourceName">Unflinching Will</Setting>
					<Setting Name="Type">Buff</Setting>
				</Set>
				<Set Name="17">
					<Setting Name="__SourceName">Vision of Madness</Setting>
					<Setting Name="Type">Buff</Setting>
				</Set>
				<Set Name="18">
					<Setting Name="__SourceName">War Cry</Setting>
					<Setting Name="Type">NonCombatBuff</Setting>
				</Set>
				<Set Name="19">
					<Setting Name="__SourceName">Wall of Hatred</Setting>
					<Setting Name="Type">Buff</Setting>
				</Set>
				<Set Name="20">
					<Setting Name="__SourceName">Whirlwind</Setting>
					<Setting Name="Type">Buff</Setting>
				</Set>
				<Set Name="21">
					<Setting Name="__SourceName">Wroughtlands Smasher</Setting>
					<Setting Name="Type">NonCombatBuff</Setting>
				</Set>
				<Set Name="22">
					<Setting Name="__Disabled">TRUE</Setting>
					<Setting Name="__SourceName">-------------------------------------------------------------------------------</Setting>
					<Setting Name="Type">Buff</Setting>
				</Set>
				<Set Name="23">
					<Setting Name="%">70</Setting>
					<Setting Name="__SourceName">Wall of Force</Setting>
					<Setting Name="ID">TRUE</Setting>
					<Setting Name="Type">Heal</Setting>
				</Set>
				<Set Name="24">
					<Setting Name="%">75</Setting>
					<Setting Name="__SourceName">Controlled Rage</Setting>
					<Setting Name="ID">TRUE</Setting>
					<Setting Name="Type">Heal</Setting>
				</Set>
				<Set Name="25">
					<Setting Name="%">90</Setting>
					<Setting Name="__SourceName">Wall of Rage</Setting>
					<Setting Name="ID">TRUE</Setting>
					<Setting Name="Type">Heal</Setting>
				</Set>
				<Set Name="26">
					<Setting Name="#">1</Setting>
					<Setting Name="%">95</Setting>
					<Setting Name="__SourceName">Chaos</Setting>
					<Setting Name="ID">TRUE</Setting>
					<Setting Name="Target">@Me</Setting>
					<Setting Name="Type">Heal</Setting>
				</Set>
				<Set Name="27">
					<Setting Name="%">98</Setting>
					<Setting Name="__SourceName">Wall of Rage</Setting>
					<Setting Name="ID">TRUE</Setting>
					<Setting Name="Type">Heal</Setting>
				</Set>
				<Set Name="28">
					<Setting Name="__Disabled">TRUE</Setting>
					<Setting Name="__SourceName">PreCast-----------------------------------------------------------------------------------------------------------------------------</Setting>
					<Setting Name="Type">CA</Setting>
				</Set>
				<Set Name="29">
					<Setting Name="%">100</Setting>
					<Setting Name="__SourceName">Adrenaline</Setting>
					<Setting Name="ATag">PreCastTag</Setting>
					<Setting Name="AType">Listen Only</Setting>
					<Setting Name="ID">TRUE</Setting>
					<Setting Name="Type">Heal</Setting>
				</Set>
				<Set Name="30">
					<Setting Name="%">100</Setting>
					<Setting Name="__SourceName">Wall of Rage</Setting>
					<Setting Name="ATag">PreCastTag</Setting>
					<Setting Name="AType">Listen Only</Setting>
					<Setting Name="ID">TRUE</Setting>
					<Setting Name="Type">Heal</Setting>
				</Set>
				<Set Name="31">
					<Setting Name="%">100</Setting>
					<Setting Name="__SourceName">Rampage</Setting>
					<Setting Name="ATag">PreCastTag</Setting>
					<Setting Name="AType">Listen Only</Setting>
					<Setting Name="ID">TRUE</Setting>
					<Setting Name="Type">Heal</Setting>
				</Set>
				<Set Name="32">
					<Setting Name="%">100</Setting>
					<Setting Name="__SourceName">Weapon Counter</Setting>
					<Setting Name="ATag">PreCastTag</Setting>
					<Setting Name="AType">Listen Only</Setting>
					<Setting Name="ID">TRUE</Setting>
					<Setting Name="Type">Heal</Setting>
				</Set>
				<Set Name="33">
					<Setting Name="#">1</Setting>
					<Setting Name="%">100</Setting>
					<Setting Name="__SourceName">Forced Berserk</Setting>
					<Setting Name="ATag">PreCastTag</Setting>
					<Setting Name="AType">Listen Only</Setting>
					<Setting Name="ID">TRUE</Setting>
					<Setting Name="Target">@Me</Setting>
					<Setting Name="Type">Heal</Setting>
				</Set>
				<Set Name="34">
					<Setting Name="%">100</Setting>
					<Setting Name="__SourceName">Juggernaut</Setting>
					<Setting Name="ATag">PreCastTag</Setting>
					<Setting Name="AType">Listen Only</Setting>
					<Setting Name="ID">TRUE</Setting>
					<Setting Name="Type">Heal</Setting>
				</Set>
				<Set Name="35">
					<Setting Name="__Disabled">TRUE</Setting>
					<Setting Name="__SourceName">-------------------------------------------------------------------------------</Setting>
					<Setting Name="Type">Buff</Setting>
				</Set>
				<Set Name="36">
					<Setting Name="__SourceName">Forced Berserk</Setting>
					<Setting Name="ID">TRUE</Setting>
					<Setting Name="Target">@Me</Setting>
					<Setting Name="Type">Combat</Setting>
				</Set>
				<Set Name="37">
					<Setting Name="__SourceName">Juggernaut</Setting>
					<Setting Name="ID">TRUE</Setting>
					<Setting Name="Target">@Me</Setting>
					<Setting Name="Type">Combat</Setting>
				</Set>
				<Set Name="38">
					<Setting Name="__SourceName">Adrenaline</Setting>
					<Setting Name="ID">TRUE</Setting>
					<Setting Name="Target">@Me</Setting>
					<Setting Name="Type">Combat</Setting>
				</Set>
				<Set Name="39">
					<Setting Name="__SourceName">Weapon Counter</Setting>
					<Setting Name="ID">TRUE</Setting>
					<Setting Name="Target">@Me</Setting>
					<Setting Name="Type">Combat</Setting>
				</Set>
				<Set Name="40">
					<Setting Name="__SourceName">Rampage</Setting>
					<Setting Name="ID">TRUE</Setting>
					<Setting Name="Target">@Me</Setting>
					<Setting Name="Type">Combat</Setting>
				</Set>
				<Set Name="41">
					<Setting Name="__SourceName">Unshakable Grip</Setting>
					<Setting Name="ID">TRUE</Setting>
					<Setting Name="Target">@Me</Setting>
					<Setting Name="Type">Combat</Setting>
				</Set>
				<Set Name="42">
					<Setting Name="__Disabled">TRUE</Setting>
					<Setting Name="__SourceName">-------------------------------------------------------------------------------</Setting>
					<Setting Name="Type">Buff</Setting>
				</Set>
				<Set Name="43">
					<Setting Name="__SourceName">Belly Smash</Setting>
					<Setting Name="ATag">Belly-Smash</Setting>
					<Setting Name="AType">Listen Only</Setting>
					<Setting Name="ID">TRUE</Setting>
					<Setting Name="Type">NamedCA</Setting>
				</Set>
				<Set Name="44">
					<Setting Name="__Disabled">TRUE</Setting>
					<Setting Name="__SourceName">-------------------------------------------------------------------------------</Setting>
					<Setting Name="Type">Buff</Setting>
				</Set>
				<Set Name="45">
					<Setting Name="#">3</Setting>
					<Setting Name="__SourceName">Open Wounds</Setting>
					<Setting Name="ID">TRUE</Setting>
					<Setting Name="Type">CA</Setting>
				</Set>
				<Set Name="46">
					<Setting Name="#">1</Setting>
					<Setting Name="__SourceName">Open Wounds</Setting>
					<Setting Name="ID">TRUE</Setting>
					<Setting Name="Type">NamedCA</Setting>
				</Set>
				<Set Name="47">
					<Setting Name="__SourceName">Executioner's Fury</Setting>
					<Setting Name="ID">TRUE</Setting>
					<Setting Name="Type">CA</Setting>
				</Set>
				<Set Name="48">
					<Setting Name="#">3</Setting>
					<Setting Name="__SourceName">Partisan Cleave</Setting>
					<Setting Name="Type">CA</Setting>
				</Set>
				<Set Name="49">
					<Setting Name="#">1</Setting>
					<Setting Name="__SourceName">Partisan Cleave</Setting>
					<Setting Name="Type">NamedCA</Setting>
				</Set>
				<Set Name="50">
					<Setting Name="#">2</Setting>
					<Setting Name="__SourceName">Utter Destruction</Setting>
					<Setting Name="ID">TRUE</Setting>
					<Setting Name="Type">CA</Setting>
				</Set>
				<Set Name="51">
					<Setting Name="#">2</Setting>
					<Setting Name="__SourceName">Insolence</Setting>
					<Setting Name="ID">TRUE</Setting>
					<Setting Name="Type">CA</Setting>
				</Set>
				<Set Name="52">
					<Setting Name="#">2</Setting>
					<Setting Name="__SourceName">Jeering Onslaught</Setting>
					<Setting Name="Type">CA</Setting>
				</Set>
				<Set Name="53">
					<Setting Name="__SourceName">Acceleration Strike</Setting>
					<Setting Name="ID">TRUE</Setting>
					<Setting Name="Type">CA</Setting>
				</Set>
				<Set Name="54">
					<Setting Name="#">2</Setting>
					<Setting Name="__SourceName">Berserker Onslaught</Setting>
					<Setting Name="Type">CA</Setting>
				</Set>
				<Set Name="55">
					<Setting Name="#">2</Setting>
					<Setting Name="__SourceName">Bloodbath</Setting>
					<Setting Name="Type">CA</Setting>
				</Set>
				<Set Name="56">
					<Setting Name="#">2</Setting>
					<Setting Name="__SourceName">Dragoon Spin</Setting>
					<Setting Name="Type">CA</Setting>
				</Set>
				<Set Name="57">
					<Setting Name="#">1</Setting>
					<Setting Name="__SourceName">Stunning Roar</Setting>
					<Setting Name="ID">TRUE</Setting>
					<Setting Name="Type">CA</Setting>
				</Set>
				<Set Name="58">
					<Setting Name="__Disabled">TRUE</Setting>
					<Setting Name="__SourceName">-------------------------------------------------------------------------------</Setting>
					<Setting Name="Type">Buff</Setting>
				</Set>
				<Set Name="59">
					<Setting Name="__SourceName">Experienced Insight</Setting>
					<Setting Name="ID">TRUE</Setting>
					<Setting Name="Target">@Me</Setting>
					<Setting Name="Type">Combat</Setting>
				</Set>
				<Set Name="60">
					<Setting Name="__Disabled">TRUE</Setting>
					<Setting Name="__SourceName">------------------------------------------------------------------------------------------------------------------------------------</Setting>
					<Setting Name="Type">CA</Setting>
				</Set>
				<Set Name="61">
					<Setting Name="__SourceName">Mock</Setting>
					<Setting Name="Aggro&lt;">99</Setting>
					<Setting Name="Type">CA</Setting>
				</Set>
				<Set Name="62">
					<Setting Name="#">1</Setting>
					<Setting Name="__SourceName">Enrage</Setting>
					<Setting Name="Aggro&lt;">96</Setting>
					<Setting Name="Type">CA</Setting>
				</Set>
				<Set Name="63">
					<Setting Name="__Disabled">TRUE</Setting>
					<Setting Name="__SourceName">Sneering Assault</Setting>
					<Setting Name="Aggro&lt;">90</Setting>
					<Setting Name="Type">NamedCA</Setting>
				</Set>
				<Set Name="64">
					<Setting Name="__SourceName">Rescue</Setting>
					<Setting Name="Aggro&lt;">95</Setting>
					<Setting Name="Type">NamedCA</Setting>
				</Set>
				<Set Name="65">
					<Setting Name="__Disabled">TRUE</Setting>
					<Setting Name="__SourceName">-------------------------------------------------------------------------------</Setting>
					<Setting Name="Type">Buff</Setting>
				</Set>
				<Set Name="66">
					<Setting Name="__SourceName">Frenzy</Setting>
					<Setting Name="Type">CA</Setting>
				</Set>
				<Set Name="67">
					<Setting Name="__SourceName">Master's Rage</Setting>
					<Setting Name="Type">NamedCA</Setting>
				</Set>
				<Set Name="68">
					<Setting Name="__Disabled">TRUE</Setting>
					<Setting Name="__SourceName">Filler-----------------------------------------------------------------------------------------------------------------------------------</Setting>
					<Setting Name="Type">CA</Setting>
				</Set>
				<Set Name="69">
					<Setting Name="__SourceName">Raging Blow</Setting>
					<Setting Name="Type">CA</Setting>
				</Set>
				<Set Name="70">
					<Setting Name="__SourceName">Demolish</Setting>
					<Setting Name="Type">CA</Setting>
				</Set>
				<Set Name="71">
					<Setting Name="__SourceName">Body Check</Setting>
					<Setting Name="ATag">Belly-Smash</Setting>
					<Setting Name="AType">Trigger Only</Setting>
					<Setting Name="ID">TRUE</Setting>
					<Setting Name="Type">CA</Setting>
				</Set>
				<Set Name="72">
					<Setting Name="__SourceName">Maul</Setting>
					<Setting Name="ID">TRUE</Setting>
					<Setting Name="Type">CA</Setting>
				</Set>
				<Set Name="73">
					<Setting Name="__SourceName">Knee Break</Setting>
					<Setting Name="Type">CA</Setting>
				</Set>
				<Set Name="74">
					<Setting Name="__SourceName">Rupture</Setting>
					<Setting Name="Type">CA</Setting>
				</Set>
				<Set Name="75">
					<Setting Name="#">1</Setting>
					<Setting Name="__SourceName">Mutilate</Setting>
					<Setting Name="ID">TRUE</Setting>
					<Setting Name="Type">CA</Setting>
				</Set>
				<Set Name="76">
					<Setting Name="__SourceName">Head Crush</Setting>
					<Setting Name="Type">CA</Setting>
				</Set>
				<Set Name="77">
					<Setting Name="__Disabled">TRUE</Setting>
					<Setting Name="__SourceName">------------------------------------------------------------------------------------------------------------------------------------</Setting>
					<Setting Name="Type">CA</Setting>
				</Set>
			</Set>
			<Set Name="Precast">
				<Set Name="1">
					<Setting Name="__SourceName">Executioner's Wrath</Setting>
					<Setting Name="On">Insolence</Setting>
				</Set>
			</Set>
			<Set Name="Postcast">
				<Set Name="1">
					<Setting Name="__SourceName">Chaos</Setting>
					<Setting Name="After">Battle Frenzy</Setting>
				</Set>
			</Set>
			<Set Name="Loot">
				<Setting Name="checkbox_loot_ffaaccept">TRUE</Setting>
				<Setting Name="checkbox_loot_confirmnotrade">TRUE</Setting>
				<Setting Name="checkbox_loot_lo_enable">TRUE</Setting>
				<Setting Name="checkbox_loot_lo_looteverything">TRUE</Setting>
				<Setting Name="checkbox_loot_lo_smartassign">TRUE</Setting>
			</Set>
			<Set Name="OSA">
				<Setting Name="slider_osa_radius">149</Setting>
				<Setting Name="textentry_osa_radius">149</Setting>
				<Setting Name="checkbox_osa_targetsonly">TRUE</Setting>
			</Set>
			<Set Name="Announce">
				<Set Name="1">
					<Setting Name="__SourceName">Demoralizing Swipe</Setting>
					<Setting Name="Target">Raid</Setting>
					<Setting Name="Txt">Casting Demoralizing Swipe</Setting>
				</Set>
				<Set Name="2">
					<Setting Name="__SourceName">Unshakable Grip</Setting>
					<Setting Name="Target">Group</Setting>
					<Setting Name="Txt">UNSHAKEABLE</Setting>
				</Set>
			</Set>
			<Set Name="AutoHunt">
				<Setting Name="checkbox_autohunt_checkaggro">FALSE</Setting>
				<Setting Name="textentry_autohunt_scanradius">10</Setting>
				<Setting Name="checkbox_autohunt_ignoregreen">FALSE</Setting>
				<Setting Name="checkbox_autohunt_ignoregray">FALSE</Setting>
				<Setting Name="checkbox_autohunt_ignorered">FALSE</Setting>
				<Setting Name="checkbox_autohunt_autohunt">FALSE</Setting>
				<Setting Name="checkbox_autohunt_movementonly">FALSE</Setting>
				<Setting Name="checkbox_autohunt_looppath">FALSE</Setting>
				<Setting Name="checkbox_autohunt_checkmana">FALSE</Setting>
				<Setting Name="checkbox_autohunt_checkhp">FALSE</Setting>
				<Setting Name="textentry_autohunt_checkhp">50</Setting>
				<Setting Name="checkbox_autohunt_checkdead">FALSE</Setting>
				<Setting Name="combobox_autohunt_pullspell1">Insolence</Setting>
				<Setting Name="checkbox_autohunt_pullspell1">TRUE</Setting>
				<Setting Name="combobox_autohunt_pullspell2">Bloodbath</Setting>
				<Setting Name="checkbox_autohunt_pullspell2">TRUE</Setting>
				<Setting Name="combobox_autohunt_pullspell3">Stunning Roar</Setting>
				<Setting Name="checkbox_autohunt_pullspell3">TRUE</Setting>
				<Setting Name="combobox_autohunt_pullspell4">Mock</Setting>
				<Setting Name="checkbox_autohunt_pullspell4">TRUE</Setting>
				<Setting Name="combobox_autohunt_pullspell5">Maul</Setting>
				<Setting Name="checkbox_autohunt_pullspell5">TRUE</Setting>
				<Setting Name="checkbox_autohunt_csjoji">FALSE</Setting>
				<Setting Name="textentry_autohunt_checkmana">50</Setting>
				<Setting Name="checkbox_autohunt_campspot">FALSE</Setting>
				<Setting Name="checkbox_autohunt_delayaftercombat">FALSE</Setting>
			</Set>
			<Set Name="AutoHunt_Path">
				<Set Name="1">
					<Setting Name="__IndexID_combobox_autohunt_pullspell2">8</Setting>
					<Setting Name="__IndexID_combobox_autohunt_pullspell3">44</Setting>
					<Setting Name="__IndexID_combobox_autohunt_pullspell4">34</Setting>
					<Setting Name="__IndexID_combobox_autohunt_pullspell5">32</Setting>
					<Setting Name="checkbox_autohunt_campspot">TRUE</Setting>
					<Setting Name="checkbox_autohunt_delayaftercombat">TRUE</Setting>
					<Setting Name="checkbox_autohunt_pullspell1">TRUE</Setting>
					<Setting Name="checkbox_autohunt_pullspell2">TRUE</Setting>
					<Setting Name="checkbox_autohunt_pullspell3">TRUE</Setting>
					<Setting Name="checkbox_autohunt_pullspell4">TRUE</Setting>
					<Setting Name="checkbox_autohunt_pullspell5">TRUE</Setting>
					<Setting Name="combobox_autohunt_pullspell1">Insolence</Setting>
					<Setting Name="combobox_autohunt_pullspell2">Bloodbath</Setting>
					<Setting Name="combobox_autohunt_pullspell3">Stunning Roar</Setting>
					<Setting Name="combobox_autohunt_pullspell4">Mock</Setting>
					<Setting Name="combobox_autohunt_pullspell5">Maul</Setting>
					<Setting Name="textentry_autohunt_checkhp">50</Setting>
					<Setting Name="textentry_autohunt_checkmana">50</Setting>
					<Setting Name="textentry_autohunt_scanradius">100</Setting>
				</Set>
				<Set Name="2">
					<Setting Name="__IndexID_combobox_autohunt_pullspell2">8</Setting>
					<Setting Name="__IndexID_combobox_autohunt_pullspell3">44</Setting>
					<Setting Name="__IndexID_combobox_autohunt_pullspell4">34</Setting>
					<Setting Name="__IndexID_combobox_autohunt_pullspell5">32</Setting>
					<Setting Name="checkbox_autohunt_campspot">TRUE</Setting>
					<Setting Name="checkbox_autohunt_delayaftercombat">TRUE</Setting>
					<Setting Name="checkbox_autohunt_pullspell1">TRUE</Setting>
					<Setting Name="checkbox_autohunt_pullspell2">TRUE</Setting>
					<Setting Name="checkbox_autohunt_pullspell3">TRUE</Setting>
					<Setting Name="checkbox_autohunt_pullspell4">TRUE</Setting>
					<Setting Name="checkbox_autohunt_pullspell5">TRUE</Setting>
					<Setting Name="combobox_autohunt_pullspell1">Insolence</Setting>
					<Setting Name="combobox_autohunt_pullspell2">Bloodbath</Setting>
					<Setting Name="combobox_autohunt_pullspell3">Stunning Roar</Setting>
					<Setting Name="combobox_autohunt_pullspell4">Mock</Setting>
					<Setting Name="combobox_autohunt_pullspell5">Maul</Setting>
					<Setting Name="textentry_autohunt_checkhp">50</Setting>
					<Setting Name="textentry_autohunt_checkmana">50</Setting>
					<Setting Name="textentry_autohunt_scanradius">100</Setting>
				</Set>
			</Set>
			<Set Name="Other">
				<Setting Name="combobox_other_curabledisable">Impenetrable Will</Setting>
				<Setting Name="checkbox_other_curabledisable">TRUE</Setting>
				<Setting Name="checkbox_other_rezanyone">TRUE</Setting>
			</Set>
			<Set Name="Inquisitor">
				<Setting Name="checkbox_inquisitor_verdictheroicnamedonly">TRUE</Setting>
				<Setting Name="checkbox_inquisitor_verdictheroics">TRUE</Setting>
			</Set>
			<Set Name="AutoTarget">
				<Setting Name="checkbox_autotarget_enabled">TRUE</Setting>
				<Setting Name="slider_autotarget_scanradius">20</Setting>
				<Setting Name="slider_autotarget_rescantime">1</Setting>
				<Setting Name="slider_autotarget_scanheight">15</Setting>
				<Setting Name="checkbox_autotarget_outofcombatscanning">TRUE</Setting>
			</Set>
			<Set Name="LoadExecute">
				<Set Name="1">
					<Setting Name="__SourceName">relay all eq2ex cl_mkt_price_confirmation -1</Setting>
				</Set>
				<Set Name="2">
					<Setting Name="__Disabled">TRUE</Setting>
					<Setting Name="__SourceName">run shitgraphics</Setting>
				</Set>
				<Set Name="3">
					<Setting Name="__Disabled">TRUE</Setting>
					<Setting Name="__SourceName">relay all OgreBotAPI:Force_MountOn</Setting>
				</Set>
			</Set>
			<Set Name="HUDs">
				<Setting Name="checkbox_hud_raid">TRUE</Setting>
				<Setting Name="textentry_hud_raid_updateinterval">1</Setting>
				<Setting Name="textentry_hud_raid_xpos">255</Setting>
				<Setting Name="textentry_hud_raid_ypos">420</Setting>
				<Setting Name="textentry_hud_raid_yposinc">17</Setting>
				<Setting Name="checkbox_hud_raidoptions_test">FALSE</Setting>
				<Setting Name="textentry_hud_raidoptions_updateinterval">1</Setting>
				<Setting Name="textentry_hud_raidoptions_xpos">900</Setting>
				<Setting Name="textentry_hud_raidoptions_ypos">1250</Setting>
				<Setting Name="textentry_hud_raidoptions_yposinc">25</Setting>
			</Set>
			<Set Name="OgreConsole">
				<Setting Name="checkbox_ogreconsole_neverautoopen">FALSE</Setting>
				<Setting Name="checkbox_ogreconsole_hideonload">TRUE</Setting>
				<Setting Name="checkbox_ogreconsole_showonload">FALSE</Setting>
				<Setting Name="textentry_ogreconsole_x">1023</Setting>
				<Setting Name="textentry_ogreconsole_y">8</Setting>
				<Setting Name="textentry_ogreconsole_width">631</Setting>
				<Setting Name="textentry_ogreconsole_height">190</Setting>
				<Setting Name="checkbox_ogreconsole_connecttoirc">TRUE</Setting>
			</Set>
			<Set Name="ChatEvents">
				<Set Name="1">
					<Setting Name="__SourceName">The storms will heal our wounds!</Setting>
					<Setting Name="Code">runscript switches</Setting>
					<Setting Name="OC">TRUE</Setting>
				</Set>
				<Set Name="2">
					<Setting Name="__SourceName">The storms will heal our wounds!</Setting>
					<Setting Name="Code">runscript switches</Setting>
					<Setting Name="OC">TRUE</Setting>
				</Set>
				<Set Name="3">
					<Setting Name="__SourceName">The storms will heal our wounds!</Setting>
					<Setting Name="Code">runscript switches</Setting>
					<Setting Name="OC">TRUE</Setting>
				</Set>
				<Set Name="4">
					<Setting Name="__SourceName">The storms will heal our wounds!</Setting>
					<Setting Name="Code">runscript switches</Setting>
					<Setting Name="OC">TRUE</Setting>
				</Set>
				<Set Name="5">
					<Setting Name="__SourceName">The storms will heal our wounds!</Setting>
					<Setting Name="Code">runscript switches</Setting>
					<Setting Name="OC">TRUE</Setting>
				</Set>
				<Set Name="6">
					<Setting Name="__SourceName">The storms will heal our wounds!</Setting>
					<Setting Name="Code">runscript switches</Setting>
					<Setting Name="OC">TRUE</Setting>
				</Set>
			</Set>
			<Set Name="Items">
				<Set Name="1">
					<Setting Name="__SourceName">Draconic Effigy</Setting>
				</Set>
				<Set Name="2">
					<Setting Name="__SourceName">_EQUIPPED_Waist_19</Setting>
				</Set>
			</Set>
			<Set Name="Overseer">
				<Setting Name="checkbox_overseer_no_overseer">TRUE</Setting>
				<Setting Name="checkbox_overseer_threaded">TRUE</Setting>
			</Set>
			<Set Name="Tags_AddNew">
				<Set Name="1">
					<Setting Name="__SourceName">PreCastTag</Setting>
				</Set>
				<Set Name="2">
					<Setting Name="__SourceName">Belly-Smash</Setting>
				</Set>
			</Set>
			<Set Name="Tags">
				<Set Name="1">
					<Setting Name="__SourceName">PreCastTag</Setting>
					<Setting Name="IRC">TRUE</Setting>
					<Setting Name="Me">TRUE</Setting>
				</Set>
				<Set Name="2">
					<Setting Name="__SourceName">Belly-Smash</Setting>
					<Setting Name="Dur">5</Setting>
					<Setting Name="Me">TRUE</Setting>
				</Set>
			</Set>
			<Set Name="AbilityTracker">
				<Set Name="1">
					<Setting Name="__SourceName">Battle Frenzy</Setting>
				</Set>
				<Set Name="2">
					<Setting Name="__SourceName">Chaos</Setting>
				</Set>
				<Set Name="3">
					<Setting Name="__SourceName">Impenetrable Will</Setting>
				</Set>
				<Set Name="4">
					<Setting Name="__SourceName">Insolence</Setting>
				</Set>
				<Set Name="5">
					<Setting Name="__SourceName">Open Wounds</Setting>
				</Set>
				<Set Name="6">
					<Setting Name="__SourceName">Rescue</Setting>
				</Set>
				<Set Name="7">
					<Setting Name="__SourceName">Jeering Onslaught</Setting>
				</Set>
				<Set Name="8">
					<Setting Name="__SourceName">Unyielding Will</Setting>
				</Set>
				<Set Name="9">
					<Setting Name="__SourceName">Vision of Madness</Setting>
				</Set>
				<Set Name="10">
					<Setting Name="__SourceName">Wind Walker</Setting>
				</Set>
				<Set Name="11">
					<Setting Name="__SourceName">Call to Guild Hall</Setting>
				</Set>
				<Set Name="12">
					<Setting Name="__SourceName">Call to Home</Setting>
				</Set>
				<Set Name="13">
					<Setting Name="__SourceName">Demoralizing Swipe</Setting>
				</Set>
			</Set>
			<Set Name="PackPony">
				<Setting Name="checkbox_packpony_enable">FALSE</Setting>
				<Setting Name="checkbox_packpony_conversation1_2">TRUE</Setting>
				<Setting Name="checkbox_packpony_conversation2_3">TRUE</Setting>
			</Set>
			<Set Name="HOExcludes">
				<Set Name="1">
					<Setting Name="__SourceName">Reckless Aide</Setting>
				</Set>
				<Set Name="2">
					<Setting Name="__SourceName">Rescue</Setting>
				</Set>
				<Set Name="3">
					<Setting Name="__SourceName">Intercept</Setting>
				</Set>
			</Set>
		</Set>
	</Set>
</InnerSpaceSettings>
