﻿<?xml version='1.0' encoding='UTF-8'?>
<!-- Generated by LavishSettings v2 -->
<InnerSpaceSettings>
	<Set Name="Profiles">
		<Setting Name="DefaultProfiles">Jiimbo_EOF_Conj</Setting>
		<Set Name="Jiimbo_EOF_Conj">
			<Set Name="Settings">
				<Setting Name="checkbox_settings_buffs">TRUE</Setting>
				<Setting Name="checkbox_settings_enablealiases">TRUE</Setting>
				<Setting Name="checkbox_settings_loot">FALSE</Setting>
				<Setting Name="checkbox_settings_turnoffattack">TRUE</Setting>
				<Setting Name="checkbox_settings_movebehind">FALSE</Setting>
				<Setting Name="checkbox_settings_facenpc">TRUE</Setting>
				<Setting Name="checkbox_settings_combatarts">TRUE</Setting>
				<Setting Name="checkbox_settings_manastone">FALSE</Setting>
				<Setting Name="checkbox_settings_shards">TRUE</Setting>
				<Setting Name="checkbox_settings_acceptres">TRUE</Setting>
				<Setting Name="checkbox_settings_prioritytab">TRUE</Setting>
				<Setting Name="checkbox_settings_doho">FALSE</Setting>
				<Setting Name="checkbox_settings_movetoarea">TRUE</Setting>
				<Setting Name="checkbox_settings_acceptloot">TRUE</Setting>
				<Setting Name="checkbox_settings_dopowerheals">TRUE</Setting>
				<Setting Name="checkbox_settings_assist">TRUE</Setting>
				<Setting Name="checkbox_settings_autofollow">TRUE</Setting>
				<Setting Name="checkbox_settings_enableannouncetab">TRUE</Setting>
				<Setting Name="checkbox_settings_raidoptions">TRUE</Setting>
				<Setting Name="checkbox_settings_acceptraidreadychecks">TRUE</Setting>
				<Setting Name="checkbox_settings_acceptdungeonfinderisready">TRUE</Setting>
				<Setting Name="checkbox_settings_encountersmartnukes">TRUE</Setting>
				<Setting Name="checkbox_settings_aesmartnukes">TRUE</Setting>
				<Setting Name="checkbox_settings_autotargetwhenhated">FALSE</Setting>
				<Setting Name="checkbox_settings_ignoremovetoattackhealthcheck">FALSE</Setting>
				<Setting Name="checkbox_settings_ignoretargettoattackhealthcheck">TRUE</Setting>
				<Setting Name="checkbox_settings_chaintab">FALSE</Setting>
				<Setting Name="checkbox_settings_enablepetsindropdowns">TRUE</Setting>
				<Setting Name="checkbox_settings_meleeattack">TRUE</Setting>
				<Setting Name="checkbox_settings_movemelee">FALSE</Setting>
				<Setting Name="checkbox_settings_rangedattack">FALSE</Setting>
				<Setting Name="checkbox_settings_res">FALSE</Setting>
				<Setting Name="checkbox_settings_acceptinvites">TRUE</Setting>
				<Setting Name="checkbox_settings_namedcombatarts">TRUE</Setting>
				<Setting Name="checkbox_settings_crowdcontrol">FALSE</Setting>
				<Setting Name="checkbox_settings_grindoptions">TRUE</Setting>
				<Setting Name="checkbox_settings_raidoptionslimited">FALSE</Setting>
				<Setting Name="checkbox_settings_mobpriestinfo">FALSE</Setting>
				<Setting Name="checkbox_settings_moveinfront">FALSE</Setting>
				<Setting Name="checkbox_settings_autoshare_missions">TRUE</Setting>
				<Setting Name="checkbox_settings_enable_tag_embargo">TRUE</Setting>
				<Setting Name="checkbox_settings_enable_abilityrotate">TRUE</Setting>
				<Setting Name="checkbox_settings_enable_tag_allow">TRUE</Setting>
				<Setting Name="checkbox_settings_enable_itemrotate">TRUE</Setting>
				<Setting Name="checkbox_settings_accept_zonein_confirmation">TRUE</Setting>
				<Setting Name="checkbox_settings_ability_tracker">TRUE</Setting>
				<Setting Name="checkbox_settings_disable_dbc_claim">TRUE</Setting>
				<Setting Name="checkbox_settings_consumeitems">TRUE</Setting>
				<Setting Name="checkbox_settings_cancelabilitiestogroupcure">TRUE</Setting>
				<Setting Name="checkbox_settings_auto_use_temporary_familiar_experience">TRUE</Setting>
				<Setting Name="checkbox_settings_auto_use_temporary_research_reduction">TRUE</Setting>
				<Setting Name="checkbox_settings_auto_use_temporary_mount_reduction">TRUE</Setting>
				<Setting Name="checkbox_settings_no_overseer">TRUE</Setting>
				<Setting Name="checkbox_settings_summon_familiar">FALSE</Setting>
				<Setting Name="checkbox_settings_enable_chatevents">TRUE</Setting>
				<Setting Name="checkbox_settings_enable_spawnevents">TRUE</Setting>
				<Setting Name="checkbox_settings_enable_despawnevents">TRUE</Setting>
				<Setting Name="checkbox_settings_disablemercsupport">TRUE</Setting>
				<Setting Name="checkbox_settings_enablequestcompare">FALSE</Setting>
				<Setting Name="checkbox_settings_castwhilemoving">TRUE</Setting>
				<Setting Name="checkbox_settings_skipcutscenes">TRUE</Setting>
				<Setting Name="checkbox_settings_enable_curepotions">TRUE</Setting>
				<Setting Name="checkbox_settings_curepotion_arcane">TRUE</Setting>
				<Setting Name="checkbox_settings_curepotion_noxious">TRUE</Setting>
				<Setting Name="checkbox_settings_curepotion_trauma">TRUE</Setting>
				<Setting Name="checkbox_settings_curepotion_elemental">TRUE</Setting>
				<Setting Name="checkbox_settings_acceptnochoicerewards">TRUE</Setting>
				<Setting Name="checkbox_settings_globally_mute_abilityrotation">TRUE</Setting>
			</Set>
			<Set Name="Setup">
				<Setting Name="textentry_setup_percenttoattack">99</Setting>
				<Setting Name="textentry_setup_moveintoattackrangehealthpercent">99</Setting>
				<Setting Name="textentry_setup_petpercenttoattack">99</Setting>
				<Setting Name="textentry_setup_powertousecas">1</Setting>
				<Setting Name="textentry_setup_healthtousecas">1</Setting>
				<Setting Name="textentry_setup_percenttousemanastone" />
				<Setting Name="textentry_setup_percenttouseshards">20</Setting>
				<Setting Name="combobox_setup_shardcaster">Conj</Setting>
				<Setting Name="textentry_setup_moveintomeleerangemaxdistance">40</Setting>
				<Setting Name="textentry_setup_autofollowmaxdistance">35</Setting>
				<Setting Name="combobox_setup_autofollowname">@Tank</Setting>
				<Setting Name="textentry_setup_turbo" />
				<Setting Name="checkbox_setup_broadcasttellstouplink">TRUE</Setting>
				<Setting Name="textentry_setup_reswaittimer">5</Setting>
				<Setting Name="textentry_setup_pbaetargets">3</Setting>
				<Setting Name="textentry_setup_encountertargets">3</Setting>
				<Setting Name="textentry_setup_spellrangeextender">5</Setting>
				<Setting Name="combobox_setup_heartcaster">Necro</Setting>
			</Set>
			<Set Name="Aliases">
				<Set Name="1">
					<Setting Name="__SourceName">*MT</Setting>
					<Setting Name="For">EditMe</Setting>
				</Set>
				<Set Name="2">
					<Setting Name="__SourceName">*MA</Setting>
					<Setting Name="For">EditMe</Setting>
				</Set>
				<Set Name="3">
					<Setting Name="__SourceName">*OT1</Setting>
					<Setting Name="For">EditMe</Setting>
				</Set>
				<Set Name="4">
					<Setting Name="__SourceName">*OT2</Setting>
					<Setting Name="For">EditMe</Setting>
				</Set>
				<Set Name="5">
					<Setting Name="__SourceName">*OT3</Setting>
					<Setting Name="For">EditMe</Setting>
				</Set>
				<Set Name="6">
					<Setting Name="__SourceName">*FShld</Setting>
					<Setting Name="For">EditMe</Setting>
				</Set>
				<Set Name="7">
					<Setting Name="__SourceName">*FShld</Setting>
					<Setting Name="For">EditMe</Setting>
				</Set>
				<Set Name="8">
					<Setting Name="__SourceName">*FSeed1</Setting>
					<Setting Name="For">EditMe</Setting>
				</Set>
				<Set Name="9">
					<Setting Name="__SourceName">*FSeed1</Setting>
					<Setting Name="For">EditMe</Setting>
				</Set>
				<Set Name="10">
					<Setting Name="__SourceName">*FSeed2</Setting>
					<Setting Name="For">EditMe</Setting>
				</Set>
				<Set Name="11">
					<Setting Name="__SourceName">*CrossCure</Setting>
					<Setting Name="For">EditMe</Setting>
				</Set>
				<Set Name="12">
					<Setting Name="__SourceName">*Conj</Setting>
					<Setting Name="For">EditMe</Setting>
				</Set>
				<Set Name="13">
					<Setting Name="__SourceName">*Necro</Setting>
					<Setting Name="For">EditMe</Setting>
				</Set>
			</Set>
			<Set Name="CastStack">
				<Set Name="1">
					<Setting Name="__Disabled">TRUE</Setting>
					<Setting Name="__SourceName">-------------------------------------------------------------------------------</Setting>
					<Setting Name="Type">Buff</Setting>
				</Set>
				<Set Name="2">
					<Setting Name="__SourceName">Aery Hunter</Setting>
					<Setting Name="Type">Buff</Setting>
				</Set>
				<Set Name="3">
					<Setting Name="__SourceName">Antagonize</Setting>
					<Setting Name="Type">Buff</Setting>
				</Set>
				<Set Name="4">
					<Setting Name="__SourceName">Cabalistic Conservation</Setting>
					<Setting Name="Type">NonCombatBuff</Setting>
				</Set>
				<Set Name="5">
					<Setting Name="__SourceName">Conjuror's Pact</Setting>
					<Setting Name="Type">NonCombatBuff</Setting>
				</Set>
				<Set Name="6">
					<Setting Name="__SourceName">Elemental Aspect</Setting>
					<Setting Name="Type">NonCombatBuff</Setting>
				</Set>
				<Set Name="7">
					<Setting Name="__SourceName">Geotic Rune</Setting>
					<Setting Name="Type">Buff</Setting>
				</Set>
				<Set Name="8">
					<Setting Name="__SourceName">Guild Buff</Setting>
					<Setting Name="Type">Buff</Setting>
				</Set>
				<Set Name="9">
					<Setting Name="__SourceName">Magi's Shielding</Setting>
					<Setting Name="Type">NonCombatBuff</Setting>
				</Set>
				<Set Name="10">
					<Setting Name="__Disabled">TRUE</Setting>
					<Setting Name="__SourceName">Flameshield</Setting>
					<Setting Name="Target">*FShld</Setting>
					<Setting Name="Type">Buff</Setting>
				</Set>
				<Set Name="11">
					<Setting Name="__SourceName">Fire Seed</Setting>
					<Setting Name="Target">@Me</Setting>
					<Setting Name="Type">Buff</Setting>
				</Set>
				<Set Name="12">
					<Setting Name="__SourceName">Fire Seed</Setting>
					<Setting Name="Target">*FSeed2</Setting>
					<Setting Name="Type">Buff</Setting>
				</Set>
				<Set Name="13">
					<Setting Name="__SourceName">Shrink Servant</Setting>
					<Setting Name="Type">NonCombatBuff</Setting>
				</Set>
				<Set Name="14">
					<Setting Name="__SourceName">Summon: Imp of Ro</Setting>
					<Setting Name="Type">Buff</Setting>
				</Set>
				<Set Name="15">
					<Setting Name="__Disabled">TRUE</Setting>
					<Setting Name="__SourceName">-------------------------------------------------------------------------------</Setting>
					<Setting Name="Type">Buff</Setting>
				</Set>
				<Set Name="16">
					<Setting Name="%">50</Setting>
					<Setting Name="__Disabled">TRUE</Setting>
					<Setting Name="__IsItem">TRUE</Setting>
					<Setting Name="__ItemName">Dark Heart (Master)</Setting>
					<Setting Name="__SourceName">Item:Dark Heart (Master)</Setting>
					<Setting Name="Type">PowerHeal</Setting>
				</Set>
				<Set Name="17">
					<Setting Name="%">50</Setting>
					<Setting Name="__Disabled">TRUE</Setting>
					<Setting Name="__IsItem">TRUE</Setting>
					<Setting Name="__ItemName">Shard of Essence (Master)</Setting>
					<Setting Name="__SourceName">Item:Shard of Essence (Master)</Setting>
					<Setting Name="Type">PowerHeal</Setting>
				</Set>
				<Set Name="18">
					<Setting Name="%">50</Setting>
					<Setting Name="__Disabled">TRUE</Setting>
					<Setting Name="__IsItem">TRUE</Setting>
					<Setting Name="__ItemName">Manastone</Setting>
					<Setting Name="__SourceName">Item:Manastone</Setting>
					<Setting Name="Type">PowerHeal</Setting>
				</Set>
				<Set Name="19">
					<Setting Name="__Disabled">TRUE</Setting>
					<Setting Name="__SourceName">-------------------------------------------------------------------------------</Setting>
					<Setting Name="Type">Buff</Setting>
				</Set>
				<Set Name="20">
					<Setting Name="__SourceName">Cure Magic</Setting>
					<Setting Name="Target">*CrossCure</Setting>
					<Setting Name="Type">Cure</Setting>
				</Set>
				<Set Name="21">
					<Setting Name="__Disabled">TRUE</Setting>
					<Setting Name="__SourceName">-------------------------------------------------------------------------------</Setting>
					<Setting Name="Type">Buff</Setting>
				</Set>
				<Set Name="22">
					<Setting Name="%">100</Setting>
					<Setting Name="__SourceName">Blazing Avatar</Setting>
					<Setting Name="ATag">PreCastTag</Setting>
					<Setting Name="AType">Listen Only</Setting>
					<Setting Name="Type">Heal</Setting>
				</Set>
				<Set Name="23">
					<Setting Name="%">100</Setting>
					<Setting Name="__SourceName">Elemental Unity</Setting>
					<Setting Name="ATag">PreCastTag</Setting>
					<Setting Name="AType">Listen Only</Setting>
					<Setting Name="Type">Heal</Setting>
				</Set>
				<Set Name="24">
					<Setting Name="__Disabled">TRUE</Setting>
					<Setting Name="__SourceName">-------------------------------------------------------------------------------</Setting>
					<Setting Name="Type">Buff</Setting>
				</Set>
				<Set Name="25">
					<Setting Name="%">10</Setting>
					<Setting Name="__SourceName">Sacrifice</Setting>
					<Setting Name="ID">TRUE</Setting>
					<Setting Name="Type">Heal</Setting>
				</Set>
				<Set Name="26">
					<Setting Name="%">50</Setting>
					<Setting Name="__SourceName">Stoneskin</Setting>
					<Setting Name="ID">TRUE</Setting>
					<Setting Name="Type">Heal</Setting>
				</Set>
				<Set Name="27">
					<Setting Name="%">15</Setting>
					<Setting Name="__Disabled">TRUE</Setting>
					<Setting Name="__SourceName">Master's Intervention</Setting>
					<Setting Name="Type">Heal</Setting>
				</Set>
				<Set Name="28">
					<Setting Name="%">25</Setting>
					<Setting Name="__Disabled">TRUE</Setting>
					<Setting Name="__SourceName">Heal Servant</Setting>
					<Setting Name="Type">Heal</Setting>
				</Set>
				<Set Name="29">
					<Setting Name="%">75</Setting>
					<Setting Name="__Disabled">TRUE</Setting>
					<Setting Name="__SourceName">Vehement Skin</Setting>
					<Setting Name="Type">Heal</Setting>
				</Set>
				<Set Name="30">
					<Setting Name="__Disabled">TRUE</Setting>
					<Setting Name="__SourceName">-------------------------------------------------------------------------------</Setting>
					<Setting Name="Type">Buff</Setting>
				</Set>
				<Set Name="31">
					<Setting Name="#">2</Setting>
					<Setting Name="__SourceName">Theurgist's Detonation</Setting>
					<Setting Name="Type">CA</Setting>
				</Set>
				<Set Name="32">
					<Setting Name="#">2</Setting>
					<Setting Name="__SourceName">Earthquake</Setting>
					<Setting Name="Type">CA</Setting>
				</Set>
				<Set Name="33">
					<Setting Name="#">2</Setting>
					<Setting Name="__SourceName">Shattered Earth</Setting>
					<Setting Name="ID">TRUE</Setting>
					<Setting Name="Type">CA</Setting>
				</Set>
				<Set Name="34">
					<Setting Name="#">4</Setting>
					<Setting Name="__SourceName">Ice Storm</Setting>
					<Setting Name="ID">TRUE</Setting>
					<Setting Name="Type">CA</Setting>
				</Set>
				<Set Name="35">
					<Setting Name="__Disabled">TRUE</Setting>
					<Setting Name="__SourceName">-------------------------------------------------------------------------------</Setting>
					<Setting Name="Type">Buff</Setting>
				</Set>
				<Set Name="36">
					<Setting Name="__SourceName">Elemental Unity</Setting>
					<Setting Name="ID">TRUE</Setting>
					<Setting Name="Type">NamedCA</Setting>
				</Set>
				<Set Name="37">
					<Setting Name="__SourceName">Aqueous Swarm</Setting>
					<Setting Name="ID">TRUE</Setting>
					<Setting Name="Type">NamedCA</Setting>
				</Set>
				<Set Name="38">
					<Setting Name="#">1</Setting>
					<Setting Name="__SourceName">Roaring Flames</Setting>
					<Setting Name="ID">TRUE</Setting>
					<Setting Name="Type">NamedCA</Setting>
				</Set>
				<Set Name="39">
					<Setting Name="__Disabled">TRUE</Setting>
					<Setting Name="__SourceName">-------------------------------------------------------------------------------</Setting>
					<Setting Name="Type">Buff</Setting>
				</Set>
				<Set Name="40">
					<Setting Name="__SourceName">Shockwave</Setting>
					<Setting Name="Type">CA</Setting>
					<Setting Name="ID">TRUE</Setting>
				</Set>
				<Set Name="41">
					<Setting Name="__SourceName">Shadowstep</Setting>
					<Setting Name="Type">NamedCA</Setting>
				</Set>
				<Set Name="42">
					<Setting Name="__SourceName">Plane Shift</Setting>
					<Setting Name="Type">NamedCA</Setting>
				</Set>
				<Set Name="43">
					<Setting Name="__SourceName">Blazing Avatar</Setting>
					<Setting Name="ID">TRUE</Setting>
					<Setting Name="Type">CA</Setting>
				</Set>
				<Set Name="44">
					<Setting Name="__SourceName">Theurgist's Detonation</Setting>
					<Setting Name="IAE">TRUE</Setting>
					<Setting Name="Type">NamedCA</Setting>
				</Set>
				<Set Name="45">
					<Setting Name="__SourceName">Fiery Annihilation</Setting>
					<Setting Name="ID">TRUE</Setting>
					<Setting Name="Type">CA</Setting>
				</Set>
				<Set Name="46">
					<Setting Name="__SourceName">Winds of Velious</Setting>
					<Setting Name="Type">CA</Setting>
				</Set>
				<Set Name="47">
					<Setting Name="#">1</Setting>
					<Setting Name="__SourceName">Shattered Earth</Setting>
					<Setting Name="IE">TRUE</Setting>
					<Setting Name="Type">CA</Setting>
				</Set>
				<Set Name="48">
					<Setting Name="#">1</Setting>
					<Setting Name="__SourceName">Earthquake</Setting>
					<Setting Name="IAE">TRUE</Setting>
					<Setting Name="Type">CA</Setting>
				</Set>
				<Set Name="49">
					<Setting Name="__SourceName">Petrify</Setting>
					<Setting Name="Type">CA</Setting>
				</Set>
				<Set Name="50">
					<Setting Name="__SourceName">Crystal Blast</Setting>
					<Setting Name="Type">CA</Setting>
				</Set>
				<Set Name="51">
					<Setting Name="__SourceName">Ice Storm</Setting>
					<Setting Name="IE">TRUE</Setting>
					<Setting Name="Type">CA</Setting>
				</Set>
				<Set Name="52">
					<Setting Name="__SourceName">Animated Dagger</Setting>
					<Setting Name="Type">CA</Setting>
				</Set>
				<Set Name="53">
					<Setting Name="__Disabled">TRUE</Setting>
					<Setting Name="__SourceName">-------------------------------------------------------------------------------</Setting>
					<Setting Name="Type">Buff</Setting>
				</Set>
			</Set>
			<Set Name="Assist">
				<Set Name="1">
					<Setting Name="__SourceName">*MA</Setting>
				</Set>
				<Set Name="2">
					<Setting Name="__SourceName">*MT</Setting>
				</Set>
				<Set Name="3">
					<Setting Name="__SourceName">*OT1</Setting>
				</Set>
				<Set Name="4">
					<Setting Name="__SourceName">*OT2</Setting>
				</Set>
				<Set Name="5">
					<Setting Name="__SourceName">*OT3</Setting>
				</Set>
			</Set>
			<Set Name="Precast">
				<Set Name="1">
					<Setting Name="__SourceName">Call Servant</Setting>
					<Setting Name="On">Blazing Avatar</Setting>
				</Set>
				<Set Name="2">
					<Setting Name="__SourceName">Elemental Toxicity</Setting>
					<Setting Name="On">Ice Storm</Setting>
				</Set>
			</Set>
			<Set Name="Loot">
				<Setting Name="checkbox_loot_confirmnotrade">TRUE</Setting>
				<Setting Name="checkbox_loot_nbggreed">TRUE</Setting>
				<Setting Name="checkbox_loot_lottoaccept">TRUE</Setting>
				<Setting Name="checkbox_loot_ffaaccept">TRUE</Setting>
				<Setting Name="checkbox_loot_nbgdecline">FALSE</Setting>
				<Setting Name="checkbox_loot_lottodecline">FALSE</Setting>
			</Set>
			<Set Name="OSA">
				<Setting Name="slider_osa_radius">149</Setting>
				<Setting Name="textentry_osa_radius">149</Setting>
			</Set>
			<Set Name="Announce">
				<Set Name="1">
					<Setting Name="__SourceName">Najena's Essence Summoning</Setting>
					<Setting Name="Target">Group</Setting>
					<Setting Name="Txt">Shards of Essence for everyone!</Setting>
				</Set>
				<Set Name="2">
					<Setting Name="__SourceName">Najena's Essence Summoning</Setting>
					<Setting Name="Target">Raid</Setting>
					<Setting Name="Txt">Shards of Essence for everyone!</Setting>
				</Set>
				<Set Name="3">
					<Setting Name="__SourceName">Pall of the Elements</Setting>
					<Setting Name="Target">Raid</Setting>
					<Setting Name="Txt">Pall of the Elements!</Setting>
				</Set>
				<Set Name="4">
					<Setting Name="__SourceName">Pall of the Elements</Setting>
					<Setting Name="Target">Group</Setting>
					<Setting Name="Txt">Pall of the Elements!</Setting>
				</Set>
				<Set Name="5">
					<Setting Name="__SourceName">Elemental Toxicity</Setting>
					<Setting Name="Target">Group</Setting>
					<Setting Name="Txt">Elemental Toxicity!</Setting>
				</Set>
				<Set Name="6">
					<Setting Name="__SourceName">Soulburn</Setting>
					<Setting Name="Target">Group</Setting>
					<Setting Name="Txt">Soulburn!</Setting>
				</Set>
			</Set>
			<Set Name="AutoHunt">
				<Setting Name="checkbox_autohunt_ignoreorange">TRUE</Setting>
				<Setting Name="checkbox_autohunt_autohunt">FALSE</Setting>
				<Setting Name="checkbox_autohunt_pullspell1">TRUE</Setting>
				<Setting Name="combobox_autohunt_pullspell1">Crystal Blast</Setting>
				<Setting Name="checkbox_autohunt_checkhp">FALSE</Setting>
				<Setting Name="checkbox_autohunt_checkaggro">TRUE</Setting>
				<Setting Name="checkbox_autohunt_looppath">FALSE</Setting>
			</Set>
			<Set Name="AutoHunt_Path">
				<Set Name="1">
					<Setting Name="__SourceName">RPoEStart</Setting>
				</Set>
				<Set Name="2">
					<Setting Name="__SourceName">RPoENW</Setting>
				</Set>
				<Set Name="3">
					<Setting Name="__SourceName">RPoESouth</Setting>
				</Set>
			</Set>
			<Set Name="Other">
				<Setting Name="checkbox_other_requestconfrontfearviauplink">TRUE</Setting>
				<Setting Name="checkbox_other_requestconfrontfearviagroup">FALSE</Setting>
				<Setting Name="checkbox_other_requestconfrontfearviaraid">FALSE</Setting>
				<Setting Name="textentry_other_requestconfrontfearviagroup">sick cure</Setting>
				<Setting Name="textentry_other_requestconfrontfearviaraid">sick cure</Setting>
			</Set>
			<Set Name="Debug">
				<Setting Name="checkbox_debug_casting">TRUE</Setting>
				<Setting Name="checkbox_debug_castingdetails">FALSE</Setting>
				<Setting Name="checkbox_debug_whatisthebotdoing">FALSE</Setting>
			</Set>
			<Set Name="Crowd_Control">
				<Set Name="1">
					<Setting Name="__Disabled">TRUE</Setting>
					<Setting Name="__SourceName">Aqueous Swarm</Setting>
				</Set>
				<Set Name="2">
					<Setting Name="__Disabled">TRUE</Setting>
					<Setting Name="__SourceName">Roaring Flames</Setting>
				</Set>
				<Set Name="3">
					<Setting Name="__SourceName">Quicksand</Setting>
				</Set>
			</Set>
			<Set Name="Conjuror">
				<Setting Name="checkbox_conjuror_dimstorage">TRUE</Setting>
				<Setting Name="checkbox_conjuror_crystallinedestruction">TRUE</Setting>
			</Set>
			<Set Name="AutoTarget">
				<Setting Name="slider_autotarget_scanheight">5</Setting>
				<Setting Name="slider_autotarget_scanradius">10</Setting>
				<Setting Name="slider_autotarget_rescantime">1</Setting>
			</Set>
			<Set Name="OgreConsole">
				<Setting Name="checkbox_ogreconsole_hideonload">TRUE</Setting>
				<Setting Name="checkbox_ogreconsole_neverautoopen">TRUE</Setting>
			</Set>
			<Set Name="Items">
				<Set Name="1">
					<Setting Name="__SourceName">Bogstrutter Walking Stick</Setting>
				</Set>
				<Set Name="2">
					<Setting Name="__SourceName">Brock's Thermal Shocker</Setting>
				</Set>
				<Set Name="3">
					<Setting Name="__SourceName">Dark Heart (Master)</Setting>
				</Set>
				<Set Name="4">
					<Setting Name="__SourceName">Manastone</Setting>
				</Set>
				<Set Name="5">
					<Setting Name="__SourceName">Shard of Essence (Master)</Setting>
				</Set>
			</Set>
			<Set Name="Overseer">
				<Setting Name="checkbox_overseer_threaded">TRUE</Setting>
			</Set>
			<Set Name="Tags_AddNew">
				<Set Name="1">
					<Setting Name="__SourceName">PreCastTag</Setting>
				</Set>
			</Set>
			<Set Name="Tags">
				<Set Name="1">
					<Setting Name="__SourceName">PreCastTag</Setting>
					<Setting Name="Dur">20</Setting>
				</Set>
			</Set>
			<Set Name="AbilityTracker">
				<Set Name="1">
					<Setting Name="__SourceName">Plane Shift</Setting>
				</Set>
				<Set Name="2">
					<Setting Name="__SourceName">Stoneskin</Setting>
				</Set>
				<Set Name="3">
					<Setting Name="__SourceName">Stoneskins</Setting>
				</Set>
			</Set>
		</Set>
	</Set>
</InnerSpaceSettings>
