﻿<?xml version='1.0' encoding='UTF-8'?>
<!-- Generated by LavishSettings v2 -->
<InnerSpaceSettings>
	<Set Name="Profiles">
		<Setting Name="DefaultProfiles">Jiimbo_ROK_Inq_DPS</Setting>
		<Set Name="Jiimbo_ROK_Inq_DPS">
			<Set Name="Settings">
				<Setting Name="checkbox_settings_buffs">TRUE</Setting>
				<Setting Name="checkbox_settings_combatarts">TRUE</Setting>
				<Setting Name="checkbox_settings_namedcombatarts">TRUE</Setting>
				<Setting Name="checkbox_settings_rangedattack">FALSE</Setting>
				<Setting Name="checkbox_settings_autoattacktiming">FALSE</Setting>
				<Setting Name="checkbox_settings_meleeattack">TRUE</Setting>
				<Setting Name="checkbox_settings_ignoretargettoattackhealthcheck">TRUE</Setting>
				<Setting Name="checkbox_settings_loot">FALSE</Setting>
				<Setting Name="checkbox_settings_acceptloot">TRUE</Setting>
				<Setting Name="checkbox_settings_acceptres">TRUE</Setting>
				<Setting Name="checkbox_settings_prioritytab">TRUE</Setting>
				<Setting Name="checkbox_settings_acceptinvites">TRUE</Setting>
				<Setting Name="checkbox_settings_enablealiases">TRUE</Setting>
				<Setting Name="checkbox_settings_enableogremcp">FALSE</Setting>
				<Setting Name="checkbox_settings_enableonscreenassistant">FALSE</Setting>
				<Setting Name="checkbox_settings_enableannouncetab">TRUE</Setting>
				<Setting Name="checkbox_settings_raidoptions">TRUE</Setting>
				<Setting Name="checkbox_settings_grindoptions">TRUE</Setting>
				<Setting Name="checkbox_settings_encountersmartnukes">FALSE</Setting>
				<Setting Name="checkbox_settings_aesmartnukes">TRUE</Setting>
				<Setting Name="checkbox_settings_autotargetwhenhated">TRUE</Setting>
				<Setting Name="checkbox_settings_res">TRUE</Setting>
				<Setting Name="checkbox_settings_dopowerheals">FALSE</Setting>
				<Setting Name="checkbox_settings_assist">TRUE</Setting>
				<Setting Name="checkbox_settings_autofollow">TRUE</Setting>
				<Setting Name="checkbox_settings_chaintab">FALSE</Setting>
				<Setting Name="checkbox_settings_movetoarea">TRUE</Setting>
				<Setting Name="checkbox_settings_doho">TRUE</Setting>
				<Setting Name="checkbox_settings_facenpc">FALSE</Setting>
				<Setting Name="checkbox_settings_turnoffattack">TRUE</Setting>
				<Setting Name="checkbox_settings_cancelabilitiestogroupcure">TRUE</Setting>
				<Setting Name="checkbox_settings_acceptraidreadychecks">TRUE</Setting>
				<Setting Name="checkbox_settings_acceptdungeonfinderisready">TRUE</Setting>
				<Setting Name="checkbox_settings_forcenamedcatab">TRUE</Setting>
				<Setting Name="checkbox_settings_no_overseer">TRUE</Setting>
				<Setting Name="checkbox_settings_accept_zonein_confirmation">TRUE</Setting>
				<Setting Name="checkbox_settings_enable_itemrotate">TRUE</Setting>
				<Setting Name="checkbox_settings_enable_tag_allow">TRUE</Setting>
				<Setting Name="checkbox_settings_enable_tag_embargo">TRUE</Setting>
				<Setting Name="checkbox_settings_enable_abilityrotate">TRUE</Setting>
				<Setting Name="checkbox_settings_enable_chatevents">TRUE</Setting>
				<Setting Name="checkbox_settings_enable_spawnevents">TRUE</Setting>
				<Setting Name="checkbox_settings_autoshare_missions">TRUE</Setting>
				<Setting Name="checkbox_settings_acceptnochoicerewards">TRUE</Setting>
				<Setting Name="checkbox_settings_disableabilitycollisionchecks">TRUE</Setting>
				<Setting Name="checkbox_settings_globally_mute_abilityrotation">TRUE</Setting>
				<Setting Name="checkbox_settings_disablecaststack">FALSE</Setting>
				<Setting Name="checkbox_settings_disable_dbc_claim">TRUE</Setting>
				<Setting Name="checkbox_settings_ignoremovetoattackhealthcheck">TRUE</Setting>
				<Setting Name="checkbox_settings_ho_wheel">FALSE</Setting>
				<Setting Name="checkbox_settings_ability_tracker">TRUE</Setting>
				<Setting Name="checkbox_settings_consumeitems">TRUE</Setting>
				<Setting Name="checkbox_settings_disablecaststack_res">FALSE</Setting>
				<Setting Name="checkbox_settings_castwhilemoving">TRUE</Setting>
				<Setting Name="checkbox_settings_enablepetsindropdowns">TRUE</Setting>
			</Set>
			<Set Name="Setup">
				<Setting Name="textentry_setup_percenttoattack">99</Setting>
				<Setting Name="textentry_setup_moveintoattackrangehealthpercent">99</Setting>
				<Setting Name="textentry_setup_petpercenttoattack">97</Setting>
				<Setting Name="textentry_setup_powertousecas">50</Setting>
				<Setting Name="textentry_setup_healthtousecas">25</Setting>
				<Setting Name="textentry_setup_percenttousemanastone">10</Setting>
				<Setting Name="textentry_setup_percenttouseshards">10</Setting>
				<Setting Name="textentry_setup_reswaittimer">1</Setting>
				<Setting Name="checkbox_setup_broadcasttellstouplink">TRUE</Setting>
				<Setting Name="checkbox_setup_receivetellsfromuplink">FALSE</Setting>
				<Setting Name="combobox_setup_autofollowname">*Tank</Setting>
				<Setting Name="textentry_setup_moveintomeleerangemaxdistance">40</Setting>
				<Setting Name="textentry_setup_autofollowmaxdistance">40</Setting>
				<Setting Name="textentry_setup_turbo">650</Setting>
			</Set>
			<Set Name="Aliases">
				<Set Name="1">
					<Setting Name="__SourceName">*Enchanter</Setting>
					<Setting Name="For">EditMe</Setting>
				</Set>
				<Set Name="2">
					<Setting Name="__SourceName">*Enchanter</Setting>
					<Setting Name="For">EditMe</Setting>
				</Set>
				<Set Name="3">
					<Setting Name="__SourceName">*Tank</Setting>
					<Setting Name="For">EditMe</Setting>
				</Set>
				<Set Name="4">
					<Setting Name="__SourceName">*Tank</Setting>
					<Setting Name="For">EditMe</Setting>
				</Set>
				<Set Name="5">
					<Setting Name="__SourceName">*DPS1</Setting>
					<Setting Name="For">EditMe</Setting>
				</Set>
				<Set Name="6">
					<Setting Name="__SourceName">*DPS1</Setting>
					<Setting Name="For">EditMe</Setting>
				</Set>
				<Set Name="7">
					<Setting Name="__SourceName">*Priest1</Setting>
					<Setting Name="For">EditMe</Setting>
				</Set>
				<Set Name="8">
					<Setting Name="__SourceName">*Priest1</Setting>
					<Setting Name="For">EditMe</Setting>
				</Set>
			</Set>
			<Set Name="CastStack">
				<Set Name="1">
					<Setting Name="__SourceName">Divine Recovery</Setting>
					<Setting Name="ID">TRUE</Setting>
					<Setting Name="Target">@Me</Setting>
					<Setting Name="Type">Combat</Setting>
				</Set>
				<Set Name="2">
					<Setting Name="__Disabled">TRUE</Setting>
					<Setting Name="__SourceName">-------------------------------------------------------------------------------</Setting>
					<Setting Name="Type">Buff</Setting>
				</Set>
				<Set Name="3">
					<Setting Name="#">1</Setting>
					<Setting Name="%">100</Setting>
					<Setting Name="__SourceName">Malevolent Diatribe</Setting>
					<Setting Name="ATag">PreCastTag</Setting>
					<Setting Name="AType">Listen Only</Setting>
					<Setting Name="Target">@Me</Setting>
					<Setting Name="Type">Heal</Setting>
				</Set>
				<Set Name="4">
					<Setting Name="%">100</Setting>
					<Setting Name="__SourceName">Penance</Setting>
					<Setting Name="ATag">PreCastTag</Setting>
					<Setting Name="AType">Listen Only</Setting>
					<Setting Name="Target">@Tank</Setting>
					<Setting Name="Type">Heal</Setting>
				</Set>
				<Set Name="5">
					<Setting Name="#">1</Setting>
					<Setting Name="%">100</Setting>
					<Setting Name="__SourceName">Divine Recovery</Setting>
					<Setting Name="ATag">PreCastTag</Setting>
					<Setting Name="AType">Listen Only</Setting>
					<Setting Name="Target">@Me</Setting>
					<Setting Name="Type">Heal</Setting>
				</Set>
				<Set Name="6">
					<Setting Name="__SourceName">-------------------------------------------------------------------------------</Setting>
					<Setting Name="Type">Buff</Setting>
					<Setting Name="__Disabled">TRUE</Setting>
				</Set>
				<Set Name="7">
					<Setting Name="__SourceName">Reforming Soul</Setting>
					<Setting Name="Target">@Group</Setting>
					<Setting Name="Type">Res</Setting>
				</Set>
				<Set Name="8">
					<Setting Name="__SourceName">Conversion of the Soul</Setting>
					<Setting Name="Target">@Healer2</Setting>
					<Setting Name="Type">Res</Setting>
				</Set>
				<Set Name="9">
					<Setting Name="__SourceName">Conversion of the Soul</Setting>
					<Setting Name="Target">@Group</Setting>
					<Setting Name="Type">Res</Setting>
				</Set>
				<Set Name="10">
					<Setting Name="#">2</Setting>
					<Setting Name="__SourceName">Resurgence</Setting>
					<Setting Name="Target">@Group</Setting>
					<Setting Name="Type">Res</Setting>
				</Set>
				<Set Name="11">
					<Setting Name="__SourceName">Reforming Soul</Setting>
					<Setting Name="Target">@Raid</Setting>
					<Setting Name="Type">Res</Setting>
				</Set>
				<Set Name="12">
					<Setting Name="__SourceName">Reforming Soul</Setting>
					<Setting Name="Target">@Tank</Setting>
					<Setting Name="Type">Res</Setting>
				</Set>
				<Set Name="13">
					<Setting Name="__SourceName">Conversion of the Soul</Setting>
					<Setting Name="Target">@Raid</Setting>
					<Setting Name="Type">Res</Setting>
				</Set>
				<Set Name="14">
					<Setting Name="__SourceName">-------------------------------------------------------------------------------</Setting>
					<Setting Name="Type">Buff</Setting>
					<Setting Name="__Disabled">TRUE</Setting>
				</Set>
				<Set Name="15">
					<Setting Name="__Disabled">TRUE</Setting>
					<Setting Name="__SourceName">Cure Curse</Setting>
					<Setting Name="Target">@Group</Setting>
					<Setting Name="Type">CureCurse</Setting>
				</Set>
				<Set Name="16">
					<Setting Name="#">1</Setting>
					<Setting Name="__SourceName">Cleansing of the Soul</Setting>
					<Setting Name="Type">Cure</Setting>
					<Setting Name="__Disabled">TRUE</Setting>
				</Set>
				<Set Name="17">
					<Setting Name="__SourceName">Cure</Setting>
					<Setting Name="Target">@Group</Setting>
					<Setting Name="Type">Cure</Setting>
				</Set>
				<Set Name="18">
					<Setting Name="#">2</Setting>
					<Setting Name="__SourceName">Resolute Flagellant</Setting>
					<Setting Name="Type">Cure</Setting>
				</Set>
				<Set Name="19">
					<Setting Name="__SourceName">Fervent Faith</Setting>
					<Setting Name="Type">Cure</Setting>
				</Set>
				<Set Name="20">
					<Setting Name="__SourceName">-------------------------------------------------------------------------------</Setting>
					<Setting Name="Type">Buff</Setting>
					<Setting Name="__Disabled">TRUE</Setting>
				</Set>
				<Set Name="21">
					<Setting Name="%">10</Setting>
					<Setting Name="__SourceName">Sacrifice</Setting>
					<Setting Name="Target">@Tank</Setting>
					<Setting Name="Type">Heal</Setting>
					<Setting Name="__Disabled">TRUE</Setting>
				</Set>
				<Set Name="22">
					<Setting Name="%">30</Setting>
					<Setting Name="__SourceName">Divine Guidance</Setting>
					<Setting Name="Target">@Group</Setting>
					<Setting Name="Type">Heal</Setting>
					<Setting Name="__Disabled">TRUE</Setting>
				</Set>
				<Set Name="23">
					<Setting Name="%">20</Setting>
					<Setting Name="__SourceName">Redemption</Setting>
					<Setting Name="ID">TRUE</Setting>
					<Setting Name="Target">@Tank</Setting>
					<Setting Name="Type">Heal</Setting>
				</Set>
				<Set Name="24">
					<Setting Name="%">30</Setting>
					<Setting Name="__SourceName">Fanatical Healing</Setting>
					<Setting Name="Target">@Tank</Setting>
					<Setting Name="Type">Heal</Setting>
				</Set>
				<Set Name="25">
					<Setting Name="%">35</Setting>
					<Setting Name="__SourceName">Radiance</Setting>
					<Setting Name="ID">TRUE</Setting>
					<Setting Name="Target">@Tank</Setting>
					<Setting Name="Type">Heal</Setting>
				</Set>
				<Set Name="26">
					<Setting Name="#">1</Setting>
					<Setting Name="%">50</Setting>
					<Setting Name="__SourceName">Evidence of Faith</Setting>
					<Setting Name="ID">TRUE</Setting>
					<Setting Name="Target">@Group</Setting>
					<Setting Name="Type">Heal</Setting>
				</Set>
				<Set Name="27">
					<Setting Name="%">80</Setting>
					<Setting Name="__SourceName">Ministration</Setting>
					<Setting Name="Target">@Tank</Setting>
					<Setting Name="Type">Heal</Setting>
				</Set>
				<Set Name="28">
					<Setting Name="%">85</Setting>
					<Setting Name="__SourceName">Inquisition</Setting>
					<Setting Name="ID">TRUE</Setting>
					<Setting Name="Type">Heal</Setting>
				</Set>
				<Set Name="29">
					<Setting Name="__SourceName">Penance</Setting>
					<Setting Name="Target">@Tank</Setting>
					<Setting Name="Type">Heal</Setting>
					<Setting Name="%">95</Setting>
					<Setting Name="ID">TRUE</Setting>
				</Set>
				<Set Name="30">
					<Setting Name="__SourceName">Alleviation</Setting>
					<Setting Name="Target">@Me</Setting>
					<Setting Name="Type">Heal</Setting>
					<Setting Name="#">1</Setting>
					<Setting Name="%">90</Setting>
				</Set>
				<Set Name="31">
					<Setting Name="__SourceName">-------------------------------------------------------------------------------</Setting>
					<Setting Name="Type">Buff</Setting>
					<Setting Name="__Disabled">TRUE</Setting>
				</Set>
				<Set Name="32">
					<Setting Name="#">2</Setting>
					<Setting Name="__SourceName">Heresy</Setting>
					<Setting Name="ID">TRUE</Setting>
					<Setting Name="Type">CA</Setting>
				</Set>
				<Set Name="33">
					<Setting Name="#">2</Setting>
					<Setting Name="__SourceName">Heretic's Doom</Setting>
					<Setting Name="Type">CA</Setting>
				</Set>
				<Set Name="34">
					<Setting Name="#">2</Setting>
					<Setting Name="__SourceName">Litany Circle</Setting>
					<Setting Name="Type">CA</Setting>
				</Set>
				<Set Name="35">
					<Setting Name="#">2</Setting>
					<Setting Name="__SourceName">Divine Demonstration</Setting>
					<Setting Name="Type">CA</Setting>
				</Set>
				<Set Name="36">
					<Setting Name="__SourceName">-------------------------------------------------------------------------------</Setting>
					<Setting Name="Type">Buff</Setting>
					<Setting Name="__Disabled">TRUE</Setting>
				</Set>
				<Set Name="37">
					<Setting Name="__SourceName">Condemn</Setting>
					<Setting Name="Type">NamedCA</Setting>
				</Set>
				<Set Name="38">
					<Setting Name="__SourceName">Repentance</Setting>
					<Setting Name="ID">TRUE</Setting>
					<Setting Name="Type">CA</Setting>
				</Set>
				<Set Name="39">
					<Setting Name="__SourceName">Vengeance</Setting>
					<Setting Name="ID">TRUE</Setting>
					<Setting Name="Type">CA</Setting>
				</Set>
				<Set Name="40">
					<Setting Name="__SourceName">Strike of Flames</Setting>
					<Setting Name="ID">TRUE</Setting>
					<Setting Name="Type">NamedCA</Setting>
				</Set>
				<Set Name="41">
					<Setting Name="#">1</Setting>
					<Setting Name="__SourceName">Heresy</Setting>
					<Setting Name="ID">TRUE</Setting>
					<Setting Name="Type">CA</Setting>
				</Set>
				<Set Name="42">
					<Setting Name="__SourceName">Writhing Strike</Setting>
					<Setting Name="Type">NamedCA</Setting>
				</Set>
				<Set Name="43">
					<Setting Name="__SourceName">-------------------------------------------------------------------------------</Setting>
					<Setting Name="Type">Buff</Setting>
					<Setting Name="__Disabled">TRUE</Setting>
				</Set>
				<Set Name="44">
					<Setting Name="__SourceName">Malevolent Diatribe</Setting>
					<Setting Name="ID">TRUE</Setting>
					<Setting Name="Target">@Me</Setting>
					<Setting Name="Type">Combat</Setting>
				</Set>
				<Set Name="45">
					<Setting Name="__SourceName">Master's Smite</Setting>
					<Setting Name="ID">TRUE</Setting>
					<Setting Name="Type">NamedCA</Setting>
				</Set>
				<Set Name="46">
					<Setting Name="__SourceName">Invocation Strike</Setting>
					<Setting Name="Type">NamedCA</Setting>
				</Set>
				<Set Name="47">
					<Setting Name="__SourceName">-------------------------------------------------------------------------------</Setting>
					<Setting Name="Type">Buff</Setting>
					<Setting Name="__Disabled">TRUE</Setting>
				</Set>
				<Set Name="48">
					<Setting Name="__SourceName">Divine Castigation</Setting>
					<Setting Name="Type">NamedCA</Setting>
				</Set>
				<Set Name="49">
					<Setting Name="__Disabled">TRUE</Setting>
					<Setting Name="__SourceName">-------------------------------------------------------------------------------</Setting>
					<Setting Name="Type">Buff</Setting>
				</Set>
				<Set Name="50">
					<Setting Name="__SourceName">Act of War</Setting>
					<Setting Name="Type">Buff</Setting>
				</Set>
				<Set Name="51">
					<Setting Name="__SourceName">Absolution</Setting>
					<Setting Name="Type">Buff</Setting>
					<Setting Name="__Disabled">TRUE</Setting>
				</Set>
				<Set Name="52">
					<Setting Name="__SourceName">Battle Prowess</Setting>
					<Setting Name="Type">Buff</Setting>
					<Setting Name="__Disabled">TRUE</Setting>
				</Set>
				<Set Name="53">
					<Setting Name="__SourceName">Dogma</Setting>
					<Setting Name="Type">Buff</Setting>
				</Set>
				<Set Name="54">
					<Setting Name="__SourceName">Divine Armor</Setting>
					<Setting Name="Target">@Tank</Setting>
					<Setting Name="Type">Buff</Setting>
					<Setting Name="__Disabled">TRUE</Setting>
				</Set>
				<Set Name="55">
					<Setting Name="__SourceName">Guild Buff</Setting>
					<Setting Name="Type">Buff</Setting>
				</Set>
				<Set Name="56">
					<Setting Name="__SourceName">Exorcise</Setting>
					<Setting Name="Type">Buff</Setting>
					<Setting Name="__Disabled">TRUE</Setting>
				</Set>
				<Set Name="57">
					<Setting Name="__SourceName">Fanaticism</Setting>
					<Setting Name="Type">Buff</Setting>
				</Set>
				<Set Name="58">
					<Setting Name="__SourceName">Fanatic's Faith</Setting>
					<Setting Name="Type">Buff</Setting>
				</Set>
				<Set Name="59">
					<Setting Name="__SourceName">Inquest</Setting>
					<Setting Name="Target">@DPS1</Setting>
					<Setting Name="Type">Buff</Setting>
				</Set>
				<Set Name="60">
					<Setting Name="__SourceName">Tenacity</Setting>
					<Setting Name="Target">@DPS1</Setting>
					<Setting Name="Type">Buff</Setting>
				</Set>
				<Set Name="61">
					<Setting Name="__SourceName">Tenacity</Setting>
					<Setting Name="Target">@Tank</Setting>
					<Setting Name="Type">Buff</Setting>
				</Set>
				<Set Name="62">
					<Setting Name="__SourceName">Persecution</Setting>
					<Setting Name="Type">Buff</Setting>
					<Setting Name="__Disabled">TRUE</Setting>
				</Set>
				<Set Name="63">
					<Setting Name="__SourceName">Sacred Armor</Setting>
					<Setting Name="Type">Buff</Setting>
				</Set>
				<Set Name="64">
					<Setting Name="__SourceName">Swill</Setting>
					<Setting Name="Type">Buff</Setting>
				</Set>
				<Set Name="65">
					<Setting Name="__Disabled">TRUE</Setting>
					<Setting Name="__SourceName">-------------------------------------------------------------------------------</Setting>
					<Setting Name="Type">Buff</Setting>
				</Set>
			</Set>
			<Set Name="Assist">
				<Set Name="1">
					<Setting Name="__SourceName">*Tank</Setting>
				</Set>
			</Set>
			<Set Name="Loot">
				<Setting Name="checkbox_loot_ffaaccept">TRUE</Setting>
				<Setting Name="checkbox_loot_confirmnotrade">TRUE</Setting>
			</Set>
			<Set Name="OSA">
				<Setting Name="slider_osa_radius">53</Setting>
				<Setting Name="textentry_osa_radius">53</Setting>
				<Setting Name="checkbox_osa_targetsonly">TRUE</Setting>
			</Set>
			<Set Name="Announce">
				<Set Name="1">
					<Setting Name="__SourceName">Cure Curse</Setting>
					<Setting Name="Target">Group</Setting>
					<Setting Name="Txt">Cure Curse on *Target*</Setting>
				</Set>
				<Set Name="2">
					<Setting Name="__SourceName">Divine Despair</Setting>
					<Setting Name="Target">Raid</Setting>
					<Setting Name="Txt">Casting Divine Despair</Setting>
				</Set>
				<Set Name="3">
					<Setting Name="__SourceName">Redemption</Setting>
					<Setting Name="Target">Group</Setting>
					<Setting Name="Txt">Death Save on *Target*</Setting>
				</Set>
				<Set Name="4">
					<Setting Name="__SourceName">Redemption</Setting>
					<Setting Name="Target">Raid</Setting>
					<Setting Name="Txt">Death Save on *Target*</Setting>
				</Set>
				<Set Name="5">
					<Setting Name="__SourceName">Holy Shield</Setting>
					<Setting Name="Target">Group</Setting>
					<Setting Name="Txt">Holy Shield on *Target*</Setting>
				</Set>
				<Set Name="6">
					<Setting Name="__SourceName">Holy Shield</Setting>
					<Setting Name="Target">Raid</Setting>
					<Setting Name="Txt">Holy Shield on *Target*</Setting>
				</Set>
				<Set Name="7">
					<Setting Name="__SourceName">Equilibrium</Setting>
					<Setting Name="Target">Raid</Setting>
					<Setting Name="Txt">Casting Equilibrium</Setting>
				</Set>
				<Set Name="8">
					<Setting Name="__SourceName">Equilibrium</Setting>
					<Setting Name="Target">Group</Setting>
					<Setting Name="Txt">Casting Equilibrium</Setting>
				</Set>
				<Set Name="9">
					<Setting Name="__SourceName">Divine Guidance</Setting>
					<Setting Name="Target">Group</Setting>
					<Setting Name="Txt">DG is IN</Setting>
				</Set>
				<Set Name="10">
					<Setting Name="__SourceName">Verdict</Setting>
					<Setting Name="Target">Raid</Setting>
					<Setting Name="Txt">Verdict is in Bois</Setting>
				</Set>
				<Set Name="11">
					<Setting Name="__SourceName">Verdict</Setting>
					<Setting Name="Target">Group</Setting>
					<Setting Name="Txt">Verdict is in Bois</Setting>
				</Set>
				<Set Name="12">
					<Setting Name="__SourceName">Divine Recovery</Setting>
					<Setting Name="Target">Group</Setting>
					<Setting Name="Txt">Divine Recovery IN</Setting>
				</Set>
			</Set>
			<Set Name="Other">
				<Setting Name="combobox_other_curabledisable">Fervent Faith</Setting>
				<Setting Name="checkbox_other_curabledisable">TRUE</Setting>
				<Setting Name="checkbox_other_requestconfrontfearviauplink">TRUE</Setting>
				<Setting Name="checkbox_other_requestconfrontfearviaraid">TRUE</Setting>
				<Setting Name="textentry_other_requestconfrontfearviaraid">Need a confront fear</Setting>
			</Set>
			<Set Name="Warlock">
				<Setting Name="checkbox_warlock_myth">TRUE</Setting>
			</Set>
			<Set Name="Inquisitor">
				<Setting Name="checkbox_inquisitor_verdictepicnamedonly">TRUE</Setting>
				<Setting Name="checkbox_inquisitor_verdictheroicnamedonly">TRUE</Setting>
				<Setting Name="textentry_inquisitor_verdictepicnamedonlypercent">4</Setting>
				<Setting Name="textentry_inquisitor_verdictheroicnamedonlypercent">15</Setting>
				<Setting Name="checkbox_inquisitor_verdictepics">TRUE</Setting>
				<Setting Name="textentry_inquisitor_verdictepicspercent">3</Setting>
				<Setting Name="checkbox_inquisitor_verdictheroics">TRUE</Setting>
				<Setting Name="textentry_inquisitor_verdictheroicspercent">12</Setting>
			</Set>
			<Set Name="Debug">
				<Setting Name="checkbox_debug_casting">TRUE</Setting>
			</Set>
			<Set Name="AutoTarget">
				<Setting Name="slider_autotarget_scanheight">5</Setting>
				<Setting Name="slider_autotarget_scanradius">15</Setting>
				<Setting Name="slider_autotarget_rescantime">1</Setting>
				<Setting Name="checkbox_autotarget_outofcombatscanning">FALSE</Setting>
			</Set>
			<Set Name="Load">
				<Setting Name="checkbox_load_radaroff">TRUE</Setting>
				<Setting Name="checkbox_load_ogreirc">FALSE</Setting>
			</Set>
			<Set Name="LoadExecute">
				<Set Name="1">
					<Setting Name="__SourceName">eq2execute ics_playercombatautoface 0</Setting>
				</Set>
				<Set Name="2">
					<Setting Name="__SourceName">run InqMythClicky</Setting>
				</Set>
			</Set>
			<Set Name="ChatEvents">
				<Set Name="1">
					<Setting Name="__SourceName">PFT</Setting>
					<Setting Name="Code">OgreBotAPI:CastAbilityOnPlayer|Divine Recovery|Emanuelle</Setting>
					<Setting Name="OC">TRUE</Setting>
				</Set>
			</Set>
			<Set Name="AbilityResearch">
				<Set Name="1">
					<Setting Name="__SourceName">Deny IV</Setting>
					<Setting Name="Master">TRUE</Setting>
				</Set>
			</Set>
			<Set Name="Overseer">
				<Setting Name="checkbox_overseer_threaded">TRUE</Setting>
			</Set>
			<Set Name="Tags_AddNew">
				<Set Name="1">
					<Setting Name="__SourceName">PreCastTag</Setting>
				</Set>
			</Set>
			<Set Name="Tags">
				<Set Name="1">
					<Setting Name="__SourceName">PreCastTag</Setting>
					<Setting Name="Dur">13</Setting>
					<Setting Name="IRC">TRUE</Setting>
				</Set>
			</Set>
			<Set Name="AbilityTracker">
				<Set Name="1">
					<Setting Name="__SourceName">Conversion of the Soul</Setting>
				</Set>
				<Set Name="2">
					<Setting Name="__SourceName">Revive</Setting>
				</Set>
				<Set Name="3">
					<Setting Name="__SourceName">Reforming Soul</Setting>
				</Set>
			</Set>
			<Set Name="HOExcludes">
				<Set Name="1">
					<Setting Name="__SourceName">Litany Circle</Setting>
				</Set>
			</Set>
		</Set>
	</Set>
</InnerSpaceSettings>
