﻿<?xml version='1.0' encoding='UTF-8'?>
<!-- Generated by LavishSettings v2 -->
<InnerSpaceSettings>
	<Set Name="Profiles">
		<Setting Name="DefaultProfiles">Jiimbo_TOV_Feral_BL</Setting>
		<Set Name="Jiimbo_AOD_SpiritualStance">
			<Set Name="Settings">
				<Setting Name="checkbox_settings_buffs">TRUE</Setting>
				<Setting Name="checkbox_settings_combatarts">TRUE</Setting>
				<Setting Name="checkbox_settings_namedcombatarts">TRUE</Setting>
				<Setting Name="checkbox_settings_rangedattack">FALSE</Setting>
				<Setting Name="checkbox_settings_autoattacktiming">FALSE</Setting>
				<Setting Name="checkbox_settings_meleeattack">TRUE</Setting>
				<Setting Name="checkbox_settings_ignoretargettoattackhealthcheck">TRUE</Setting>
				<Setting Name="checkbox_settings_loot">FALSE</Setting>
				<Setting Name="checkbox_settings_acceptloot">TRUE</Setting>
				<Setting Name="checkbox_settings_acceptres">TRUE</Setting>
				<Setting Name="checkbox_settings_prioritytab">TRUE</Setting>
				<Setting Name="checkbox_settings_acceptinvites">TRUE</Setting>
				<Setting Name="checkbox_settings_enablealiases">TRUE</Setting>
				<Setting Name="checkbox_settings_enableogremcp">FALSE</Setting>
				<Setting Name="checkbox_settings_enableonscreenassistant">FALSE</Setting>
				<Setting Name="checkbox_settings_enableannouncetab">TRUE</Setting>
				<Setting Name="checkbox_settings_raidoptions">TRUE</Setting>
				<Setting Name="checkbox_settings_grindoptions">TRUE</Setting>
				<Setting Name="checkbox_settings_encountersmartnukes">TRUE</Setting>
				<Setting Name="checkbox_settings_aesmartnukes">TRUE</Setting>
				<Setting Name="checkbox_settings_autotargetwhenhated">TRUE</Setting>
				<Setting Name="checkbox_settings_res">FALSE</Setting>
				<Setting Name="checkbox_settings_dopowerheals">FALSE</Setting>
				<Setting Name="checkbox_settings_assist">TRUE</Setting>
				<Setting Name="checkbox_settings_autofollow">TRUE</Setting>
				<Setting Name="checkbox_settings_chaintab">TRUE</Setting>
				<Setting Name="checkbox_settings_movetoarea">TRUE</Setting>
				<Setting Name="checkbox_settings_doho">FALSE</Setting>
				<Setting Name="checkbox_settings_facenpc">TRUE</Setting>
				<Setting Name="checkbox_settings_turnoffattack">TRUE</Setting>
				<Setting Name="checkbox_settings_movemelee">FALSE</Setting>
				<Setting Name="checkbox_settings_movebehind">FALSE</Setting>
				<Setting Name="checkbox_settings_cancelinvisaftercombat">TRUE</Setting>
				<Setting Name="checkbox_settings_acceptdungeonfinderisready">TRUE</Setting>
				<Setting Name="checkbox_settings_raidoptionslimited">FALSE</Setting>
				<Setting Name="checkbox_settings_enablepetsindropdowns">TRUE</Setting>
				<Setting Name="checkbox_settings_forcenamedcatab">TRUE</Setting>
				<Setting Name="checkbox_settings_enableitemsinabilitylists">TRUE</Setting>
				<Setting Name="checkbox_settings_globally_mute_abilityrotation">TRUE</Setting>
				<Setting Name="checkbox_settings_no_overseer">TRUE</Setting>
				<Setting Name="checkbox_settings_auto_use_temporary_familiar_experience">TRUE</Setting>
				<Setting Name="checkbox_settings_auto_use_temporary_research_reduction">TRUE</Setting>
				<Setting Name="checkbox_settings_auto_use_temporary_mount_reduction">TRUE</Setting>
				<Setting Name="checkbox_settings_accept_zonein_confirmation">TRUE</Setting>
				<Setting Name="checkbox_settings_acceptnochoicerewards">TRUE</Setting>
				<Setting Name="checkbox_settings_autoshare_missions">TRUE</Setting>
				<Setting Name="checkbox_settings_summon_familiar">FALSE</Setting>
				<Setting Name="checkbox_settings_disablecaststack_buffs">FALSE</Setting>
				<Setting Name="checkbox_settings_disablecaststack_cure">FALSE</Setting>
				<Setting Name="checkbox_settings_disablecaststack_items">FALSE</Setting>
				<Setting Name="checkbox_settings_donotsendpettoattack">FALSE</Setting>
				<Setting Name="checkbox_settings_disable_dbc_claim">TRUE</Setting>
				<Setting Name="checkbox_settings_enable_abilityrotate">TRUE</Setting>
				<Setting Name="checkbox_settings_enable_tag_embargo">TRUE</Setting>
				<Setting Name="checkbox_settings_enable_tag_allow">TRUE</Setting>
				<Setting Name="checkbox_settings_enable_itemrotate">TRUE</Setting>
				<Setting Name="checkbox_settings_enable_chatevents">TRUE</Setting>
				<Setting Name="checkbox_settings_enable_spawnevents">TRUE</Setting>
				<Setting Name="checkbox_settings_consumeitems">TRUE</Setting>
				<Setting Name="checkbox_settings_ignoremovetoattackhealthcheck">TRUE</Setting>
				<Setting Name="checkbox_settings_castwhilemoving">TRUE</Setting>
				<Setting Name="checkbox_settings_npc_cast_monitoring">TRUE</Setting>
				<Setting Name="checkbox_settings_do_not_show_revision_history">TRUE</Setting>
				<Setting Name="checkbox_settings_do_not_show_available_setups">FALSE</Setting>
				<Setting Name="checkbox_settings_disablecaststack">FALSE</Setting>
				<Setting Name="checkbox_settings_ho_starter">FALSE</Setting>
				<Setting Name="checkbox_settings_ho_wheel">FALSE</Setting>
				<Setting Name="checkbox_settings_ho_start">FALSE</Setting>
				<Setting Name="checkbox_settings_disablecaststack_curecurse">FALSE</Setting>
				<Setting Name="checkbox_settings_handle_hq_earring">FALSE</Setting>
				<Setting Name="checkbox_settings_enable_despawnevents">TRUE</Setting>
				<Setting Name="checkbox_settings_ability_tracker">TRUE</Setting>
				<Setting Name="checkbox_settings_allow_specials_to_be_targets">TRUE</Setting>
				<Setting Name="checkbox_settings_use_reduced_stun_checks">TRUE</Setting>
				<Setting Name="checkbox_settings_donotcheckresearchonload">TRUE</Setting>
				<Setting Name="checkbox_settings_donotcheckmounttrainingonload">TRUE</Setting>
				<Setting Name="checkbox_settings_spew_subscription_status">TRUE</Setting>
				<Setting Name="checkbox_settings_crowdcontrol">TRUE</Setting>
				<Setting Name="checkbox_settings_skipcutscenes">TRUE</Setting>
				<Setting Name="checkbox_settings_acceptraidreadychecks">TRUE</Setting>
				<Setting Name="checkbox_settings_no_los_on_movebehind">TRUE</Setting>
				<Setting Name="checkbox_settings_dov_raid_debuff">TRUE</Setting>
				<Setting Name="checkbox_settings_disableabilitycollisionchecks">TRUE</Setting>
				<Setting Name="checkbox_settings_ho_change_target">TRUE</Setting>
				<Setting Name="checkbox_settings_ho_wheel_offensive_only">TRUE</Setting>
				<Setting Name="checkbox_settings_ho_allow_unknown_target">TRUE</Setting>
			</Set>
			<Set Name="Setup">
				<Setting Name="textentry_setup_percenttoattack">99</Setting>
				<Setting Name="textentry_setup_moveintoattackrangehealthpercent">99</Setting>
				<Setting Name="textentry_setup_petpercenttoattack">99</Setting>
				<Setting Name="textentry_setup_powertousecas">1</Setting>
				<Setting Name="textentry_setup_healthtousecas">1</Setting>
				<Setting Name="textentry_setup_percenttousemanastone">10</Setting>
				<Setting Name="textentry_setup_percenttouseshards">10</Setting>
				<Setting Name="textentry_setup_reswaittimer">5</Setting>
				<Setting Name="checkbox_setup_broadcasttellstouplink">TRUE</Setting>
				<Setting Name="checkbox_setup_receivetellsfromuplink">FALSE</Setting>
				<Setting Name="combobox_setup_autofollowname">@Tank</Setting>
				<Setting Name="combobox_setup_shardcaster">Disabled</Setting>
				<Setting Name="combobox_setup_heartcaster">Disabled</Setting>
				<Setting Name="textentry_setup_spellrangeextender">0</Setting>
				<Setting Name="textentry_setup_moveintomeleerangemaxdistance">80</Setting>
				<Setting Name="textentry_setup_autofollowmaxdistance">50</Setting>
				<Setting Name="textentry_setup_pbaetargets">2</Setting>
				<Setting Name="textentry_setup_encountertargets">2</Setting>
			</Set>
			<Set Name="SetupInvis">
				<Set Name="1">
					<Setting Name="__SourceName">Blindside</Setting>
				</Set>
			</Set>
			<Set Name="CastStack">
				<Set Name="1">
					<Setting Name="__SourceName">Chilling Claws</Setting>
					<Setting Name="Type">Buff</Setting>
				</Set>
				<Set Name="2">
					<Setting Name="__SourceName">Guild Buff</Setting>
					<Setting Name="Type">Buff</Setting>
				</Set>
				<Set Name="3">
					<Setting Name="__SourceName">Iceclad Tundra Fox</Setting>
					<Setting Name="Type">Buff</Setting>
				</Set>
				<Set Name="4">
					<Setting Name="__SourceName">Spiritual Stance</Setting>
					<Setting Name="Tag">Spirit. Stance</Setting>
					<Setting Name="Type">Buff</Setting>
				</Set>
				<Set Name="5">
					<Setting Name="__Disabled">TRUE</Setting>
					<Setting Name="__SourceName">Master of Beasts</Setting>
					<Setting Name="Type">Buff</Setting>
				</Set>
				<Set Name="6">
					<Setting Name="__SourceName">Savage Ruin</Setting>
					<Setting Name="Type">Buff</Setting>
				</Set>
				<Set Name="7">
					<Setting Name="__SourceName">Shrink Warder</Setting>
					<Setting Name="Type">Buff</Setting>
				</Set>
				<Set Name="8">
					<Setting Name="__Disabled">TRUE</Setting>
					<Setting Name="__SourceName">Summon: Beloved of Bristlebane</Setting>
					<Setting Name="Type">Buff</Setting>
				</Set>
				<Set Name="9">
					<Setting Name="__Disabled">TRUE</Setting>
					<Setting Name="__SourceName">-------------------------------------------------------------------------------</Setting>
					<Setting Name="Type">Buff</Setting>
				</Set>
				<Set Name="10">
					<Setting Name="__Disabled">TRUE</Setting>
					<Setting Name="__SourceName">Summon Warder: Dire</Setting>
					<Setting Name="Tag">ST_FERAL</Setting>
					<Setting Name="Type">Buff</Setting>
				</Set>
				<Set Name="11">
					<Setting Name="__SourceName">Summon Warder: Reptile</Setting>
					<Setting Name="Tag">Encounter_Feral</Setting>
					<Setting Name="Type">Buff</Setting>
				</Set>
				<Set Name="12">
					<Setting Name="__Disabled">TRUE</Setting>
					<Setting Name="__SourceName">-------------------------------------------------------------------------------</Setting>
					<Setting Name="Type">Buff</Setting>
				</Set>
				<Set Name="13">
					<Setting Name="%">100</Setting>
					<Setting Name="__SourceName">Savage Blaze</Setting>
					<Setting Name="ATag">PreCastTag</Setting>
					<Setting Name="AType">Listen Only</Setting>
					<Setting Name="ID">TRUE</Setting>
					<Setting Name="Type">Heal</Setting>
				</Set>
				<Set Name="14">
					<Setting Name="__Disabled">TRUE</Setting>
					<Setting Name="__SourceName">-------------------------------------------------------------------------------</Setting>
					<Setting Name="Type">Buff</Setting>
				</Set>
				<Set Name="15">
					<Setting Name="__SourceName">Savage Blaze</Setting>
					<Setting Name="ID">TRUE</Setting>
					<Setting Name="Target">@Me</Setting>
					<Setting Name="Type">Combat</Setting>
				</Set>
				<Set Name="16">
					<Setting Name="__SourceName">Unchained Ferocity</Setting>
					<Setting Name="ETag">primals</Setting>
					<Setting Name="EType">Listen Only</Setting>
					<Setting Name="ID">TRUE</Setting>
					<Setting Name="Tag">Sav Build</Setting>
					<Setting Name="Target">@Me</Setting>
					<Setting Name="Type">Combat</Setting>
				</Set>
				<Set Name="17">
					<Setting Name="__Disabled">TRUE</Setting>
					<Setting Name="__SourceName">-------------------------------------------------------------------------------</Setting>
					<Setting Name="Type">Buff</Setting>
				</Set>
				<Set Name="18">
					<Setting Name="#">1</Setting>
					<Setting Name="__SourceName">Astral Ravaging</Setting>
					<Setting Name="Type">CA</Setting>
				</Set>
				<Set Name="19">
					<Setting Name="#">1</Setting>
					<Setting Name="__SourceName">Savage Resilience</Setting>
					<Setting Name="ID">TRUE</Setting>
					<Setting Name="Type">CA</Setting>
				</Set>
				<Set Name="20">
					<Setting Name="__Disabled">TRUE</Setting>
					<Setting Name="__SourceName">-------------------------------------------------------------------------------</Setting>
					<Setting Name="Type">Buff</Setting>
				</Set>
				<Set Name="21">
					<Setting Name="#">2</Setting>
					<Setting Name="__Disabled">TRUE</Setting>
					<Setting Name="__SourceName">Glacial Roar</Setting>
					<Setting Name="Type">CA</Setting>
				</Set>
				<Set Name="22">
					<Setting Name="__SourceName">Evasive Maneuvers</Setting>
					<Setting Name="Aggro&gt;">90</Setting>
					<Setting Name="Type">CA</Setting>
				</Set>
				<Set Name="23">
					<Setting Name="__SourceName">Evade</Setting>
					<Setting Name="Aggro&lt;">80</Setting>
					<Setting Name="Type">CA</Setting>
				</Set>
				<Set Name="24">
					<Setting Name="__Disabled">TRUE</Setting>
					<Setting Name="__SourceName">-------------------------------------------------------------------------------</Setting>
					<Setting Name="Type">Buff</Setting>
				</Set>
				<Set Name="25">
					<Setting Name="__SourceName">Vine Net</Setting>
					<Setting Name="Type">NamedCA</Setting>
				</Set>
				<Set Name="26">
					<Setting Name="__SourceName">Spinechiller Blood</Setting>
					<Setting Name="ETag">primals</Setting>
					<Setting Name="EType">Listen Only</Setting>
					<Setting Name="ID">TRUE</Setting>
					<Setting Name="Type">NamedCA</Setting>
				</Set>
				<Set Name="27">
					<Setting Name="__Disabled">TRUE</Setting>
					<Setting Name="__SourceName">----------------------------AE------------------------------------------------------------</Setting>
				</Set>
				<Set Name="28">
					<Setting Name="#">1</Setting>
					<Setting Name="__SourceName">Savage Howl</Setting>
					<Setting Name="ATag">primals</Setting>
					<Setting Name="AType">Listen Only</Setting>
					<Setting Name="Type">CA</Setting>
				</Set>
				<Set Name="29">
					<Setting Name="#">2</Setting>
					<Setting Name="__SourceName">U'lla's Spinning Bite</Setting>
					<Setting Name="ID">TRUE</Setting>
					<Setting Name="Tag">cb buff</Setting>
					<Setting Name="Type">CA</Setting>
				</Set>
				<Set Name="30">
					<Setting Name="__Disabled">TRUE</Setting>
					<Setting Name="__SourceName">-----------------------------------------------------------------------------------------</Setting>
				</Set>
				<Set Name="31">
					<Setting Name="__SourceName">Ralissk's Insight</Setting>
					<Setting Name="ATag">primals</Setting>
					<Setting Name="AType">Listen Only</Setting>
					<Setting Name="ID">TRUE</Setting>
					<Setting Name="Type">NamedCA</Setting>
				</Set>
				<Set Name="32">
					<Setting Name="#">2</Setting>
					<Setting Name="__Disabled">TRUE</Setting>
					<Setting Name="__SourceName">Luclin's Pain</Setting>
					<Setting Name="ATag">primals</Setting>
					<Setting Name="AType">Trigger Only</Setting>
					<Setting Name="Sav">6</Setting>
					<Setting Name="Type">CA</Setting>
				</Set>
				<Set Name="33">
					<Setting Name="__SourceName">Primal Assault</Setting>
					<Setting Name="ID">TRUE</Setting>
					<Setting Name="Sav">6</Setting>
					<Setting Name="Type">NamedCA</Setting>
				</Set>
				<Set Name="34">
					<Setting Name="__Disabled">TRUE</Setting>
					<Setting Name="__SourceName">----------------------------Primal-Dump--------------------------------------------------</Setting>
				</Set>
				<Set Name="35">
					<Setting Name="__SourceName">Primal Assault</Setting>
					<Setting Name="ATag">primals</Setting>
					<Setting Name="AType">Listen Only</Setting>
					<Setting Name="ID">TRUE</Setting>
					<Setting Name="Sav">6</Setting>
					<Setting Name="Type">NamedCA</Setting>
				</Set>
				<Set Name="36">
					<Setting Name="__Disabled">TRUE</Setting>
					<Setting Name="__SourceName">-------------------------------------------------------------------------------</Setting>
					<Setting Name="Type">Buff</Setting>
				</Set>
				<Set Name="37">
					<Setting Name="__Disabled">TRUE</Setting>
					<Setting Name="__SourceName">Claw of Khati Sha</Setting>
					<Setting Name="ATag">primals</Setting>
					<Setting Name="AType">Listen Only</Setting>
					<Setting Name="Sav">6</Setting>
					<Setting Name="Tag">slot 1</Setting>
					<Setting Name="Type">NamedCA</Setting>
				</Set>
				<Set Name="38">
					<Setting Name="#">1</Setting>
					<Setting Name="__SourceName">Restoration of Marisha Kur</Setting>
					<Setting Name="ATag">primals</Setting>
					<Setting Name="AType">Listen Only</Setting>
					<Setting Name="Sav">6</Setting>
					<Setting Name="Tag">slot 1</Setting>
					<Setting Name="Type">CA</Setting>
				</Set>
				<Set Name="39">
					<Setting Name="__SourceName">Chillbarrier</Setting>
					<Setting Name="ATag">primals</Setting>
					<Setting Name="AType">Listen Only</Setting>
					<Setting Name="ID">TRUE</Setting>
					<Setting Name="Sav">6</Setting>
					<Setting Name="Tag">S2 , Resets S1</Setting>
					<Setting Name="Type">CA</Setting>
				</Set>
				<Set Name="40">
					<Setting Name="#">1</Setting>
					<Setting Name="__SourceName">Astral Ravaging</Setting>
					<Setting Name="ATag">primals</Setting>
					<Setting Name="AType">Listen Only</Setting>
					<Setting Name="Sav">6</Setting>
					<Setting Name="Tag">SLOT 6</Setting>
					<Setting Name="Type">CA</Setting>
				</Set>
				<Set Name="41">
					<Setting Name="__SourceName">Enchanted Barrier</Setting>
					<Setting Name="ATag">primals</Setting>
					<Setting Name="AType">Listen Only</Setting>
					<Setting Name="ID">TRUE</Setting>
					<Setting Name="Sav">6</Setting>
					<Setting Name="Type">CA</Setting>
				</Set>
				<Set Name="42">
					<Setting Name="#">1</Setting>
					<Setting Name="__SourceName">U'lla's Resolution</Setting>
					<Setting Name="ATag">primals</Setting>
					<Setting Name="AType">Listen Only</Setting>
					<Setting Name="ID">TRUE</Setting>
					<Setting Name="Sav">6</Setting>
					<Setting Name="Type">CA</Setting>
				</Set>
				<Set Name="43">
					<Setting Name="__Disabled">TRUE</Setting>
					<Setting Name="__SourceName">-------------------------------------------------------------------------------</Setting>
					<Setting Name="Type">Buff</Setting>
				</Set>
				<Set Name="44">
					<Setting Name="__SourceName">Savagery Freeze</Setting>
					<Setting Name="ATag">primals</Setting>
					<Setting Name="AType">Listen Only</Setting>
					<Setting Name="ETag">primals</Setting>
					<Setting Name="EType">Trigger Only</Setting>
					<Setting Name="ID">TRUE</Setting>
					<Setting Name="Sav">6</Setting>
					<Setting Name="Type">NamedCA</Setting>
				</Set>
				<Set Name="45">
					<Setting Name="__SourceName">Lucky Break</Setting>
					<Setting Name="ATag">primals</Setting>
					<Setting Name="AType">Trigger Only</Setting>
					<Setting Name="ETag">primals</Setting>
					<Setting Name="EType">Listen Only</Setting>
					<Setting Name="Sav">6</Setting>
					<Setting Name="Target">@Me</Setting>
					<Setting Name="Type">Combat</Setting>
				</Set>
				<Set Name="46">
					<Setting Name="__Disabled">TRUE</Setting>
					<Setting Name="__SourceName">----------------------------Filler---------------------------------------------------------</Setting>
				</Set>
				<Set Name="47">
					<Setting Name="#">1</Setting>
					<Setting Name="__SourceName">Savage Howl</Setting>
					<Setting Name="ETag">primals</Setting>
					<Setting Name="EType">Listen Only</Setting>
					<Setting Name="Type">NamedCA</Setting>
				</Set>
				<Set Name="48">
					<Setting Name="__SourceName">Primal Consumption</Setting>
					<Setting Name="ETag">primals</Setting>
					<Setting Name="EType">Listen Only</Setting>
					<Setting Name="Type">CA</Setting>
				</Set>
				<Set Name="49">
					<Setting Name="__SourceName">Kaldrahir's Growl</Setting>
					<Setting Name="ETag">primals</Setting>
					<Setting Name="EType">Listen Only</Setting>
					<Setting Name="Type">CA</Setting>
				</Set>
				<Set Name="50">
					<Setting Name="__SourceName">Glacial Lance</Setting>
					<Setting Name="ETag">primals</Setting>
					<Setting Name="EType">Listen Only</Setting>
					<Setting Name="Type">CA</Setting>
				</Set>
				<Set Name="51">
					<Setting Name="__SourceName">Bonechiller Venom</Setting>
					<Setting Name="ETag">primals</Setting>
					<Setting Name="EType">Listen Only</Setting>
					<Setting Name="Type">CA</Setting>
				</Set>
				<Set Name="52">
					<Setting Name="__SourceName">Quick Swipe</Setting>
					<Setting Name="Aggro&lt;">90</Setting>
					<Setting Name="ETag">primals</Setting>
					<Setting Name="EType">Listen Only</Setting>
					<Setting Name="Type">CA</Setting>
				</Set>
				<Set Name="53">
					<Setting Name="__SourceName">Elnakii's Swipe</Setting>
					<Setting Name="ETag">primals</Setting>
					<Setting Name="EType">Listen Only</Setting>
					<Setting Name="Type">CA</Setting>
				</Set>
				<Set Name="54">
					<Setting Name="__Disabled">TRUE</Setting>
					<Setting Name="__SourceName">-------------------------------------------------------------------------------</Setting>
					<Setting Name="Type">Buff</Setting>
				</Set>
			</Set>
			<Set Name="AbilityRotation">
				<Set Name="1">
					<Setting Name="__SourceName">Hawk Eyes</Setting>
					<Setting Name="Dur">16</Setting>
					<Setting Name="I">TRUE</Setting>
					<Setting Name="Me">TRUE</Setting>
				</Set>
				<Set Name="2">
					<Setting Name="__SourceName">Vine Net</Setting>
					<Setting Name="Dur">24</Setting>
					<Setting Name="I">TRUE</Setting>
					<Setting Name="Me">TRUE</Setting>
				</Set>
			</Set>
			<Set Name="ItemRotation">
				<Set Name="1">
					<Setting Name="__IsItem">TRUE</Setting>
					<Setting Name="__ItemName">_EQUIPPED_Left Charm_21</Setting>
					<Setting Name="__SourceName">Item:_EQUIPPED_Left Charm_21</Setting>
					<Setting Name="Dur">40</Setting>
					<Setting Name="G">TRUE</Setting>
					<Setting Name="I">TRUE</Setting>
					<Setting Name="IRC">TRUE</Setting>
				</Set>
			</Set>
			<Set Name="Assist">
				<Set Name="1">
					<Setting Name="__SourceName">@Tank</Setting>
				</Set>
			</Set>
			<Set Name="Postcast">
				<Set Name="1">
					<Setting Name="__Disabled">TRUE</Setting>
					<Setting Name="__SourceName">Silent Talon</Setting>
					<Setting Name="After">Blindside</Setting>
				</Set>
			</Set>
			<Set Name="Loot">
				<Setting Name="checkbox_loot_ffaaccept">TRUE</Setting>
				<Setting Name="checkbox_loot_lottoaccept">TRUE</Setting>
				<Setting Name="checkbox_loot_confirmnotrade">TRUE</Setting>
				<Setting Name="checkbox_loot_nbgaccept">TRUE</Setting>
			</Set>
			<Set Name="OSA">
				<Setting Name="slider_osa_radius">149</Setting>
				<Setting Name="textentry_osa_radius">149</Setting>
				<Setting Name="checkbox_osa_targetsonly">TRUE</Setting>
			</Set>
			<Set Name="Announce">
				<Set Name="1">
					<Setting Name="__SourceName">Slice of Despair</Setting>
					<Setting Name="Target">Raid</Setting>
					<Setting Name="Txt">Casting Slice of Despair</Setting>
				</Set>
			</Set>
			<Set Name="Other">
				<Setting Name="combobox_other_curabledisable">NULL</Setting>
				<Setting Name="checkbox_other_curabledisable">FALSE</Setting>
			</Set>
			<Set Name="Debug">
				<Setting Name="checkbox_debug_casting">FALSE</Setting>
				<Setting Name="checkbox_debug_whatisthebotdoing">FALSE</Setting>
				<Setting Name="checkbox_debug_castingdetails">FALSE</Setting>
				<Setting Name="checkbox_debug_castingextras">FALSE</Setting>
			</Set>
			<Set Name="Crowd_Control">
				<Set Name="1">
					<Setting Name="__SourceName">Frigid Fortification</Setting>
				</Set>
				<Set Name="2">
					<Setting Name="__SourceName">Spiritual Feast</Setting>
				</Set>
				<Set Name="3">
					<Setting Name="__SourceName">Chillbarrier</Setting>
				</Set>
				<Set Name="4">
					<Setting Name="__SourceName">Restoration of Marisha Kur</Setting>
				</Set>
				<Set Name="5">
					<Setting Name="__SourceName">Savage Resilience</Setting>
				</Set>
				<Set Name="6">
					<Setting Name="__SourceName">U'lla's Resolution</Setting>
				</Set>
				<Set Name="7">
					<Setting Name="__SourceName">Kaldrahir's Leadership</Setting>
				</Set>
			</Set>
			<Set Name="AutoTarget">
				<Setting Name="slider_autotarget_scanheight">50</Setting>
				<Setting Name="slider_autotarget_scanradius">100</Setting>
				<Setting Name="slider_autotarget_rescantime">1</Setting>
				<Setting Name="checkbox_autotarget_enabled">FALSE</Setting>
			</Set>
			<Set Name="LoadExecute">
				<Set Name="1">
					<Setting Name="__Disabled">TRUE</Setting>
					<Setting Name="__SourceName">run talon</Setting>
				</Set>
				<Set Name="2">
					<Setting Name="__Disabled">TRUE</Setting>
					<Setting Name="__SourceName">run bl5</Setting>
				</Set>
			</Set>
			<Set Name="Ascension">
				<Setting Name="checkbox_ascension_etherflash_preventport">TRUE</Setting>
				<Setting Name="checkbox_ascension_glacialfreeze_noraidcomboing">TRUE</Setting>
			</Set>
			<Set Name="AscensionEmbargoList">
				<Set Name="1">
					<Setting Name="__SourceName">Ethershadow Assassin</Setting>
				</Set>
			</Set>
			<Set Name="Items">
				<Set Name="1">
					<Setting Name="__SourceName">_EQUIPPED_Left Charm_21</Setting>
				</Set>
				<Set Name="2">
					<Setting Name="__SourceName">_EQUIPPED_Right Charm_22</Setting>
				</Set>
			</Set>
			<Set Name="Overseer">
				<Setting Name="checkbox_overseer_no_overseer">TRUE</Setting>
				<Setting Name="checkbox_overseer_threaded">TRUE</Setting>
			</Set>
			<Set Name="Tags_AddNew">
				<Set Name="1">
					<Setting Name="__SourceName">primals</Setting>
				</Set>
				<Set Name="2">
					<Setting Name="__SourceName">AE stuff</Setting>
				</Set>
				<Set Name="3">
					<Setting Name="__SourceName">PreCastTag</Setting>
				</Set>
				<Set Name="4">
					<Setting Name="__SourceName">venom</Setting>
				</Set>
				<Set Name="5">
					<Setting Name="__SourceName">blind</Setting>
				</Set>
				<Set Name="6">
					<Setting Name="__SourceName">Primal2</Setting>
				</Set>
			</Set>
			<Set Name="Tags">
				<Set Name="1">
					<Setting Name="__SourceName">primals</Setting>
					<Setting Name="Dur">13</Setting>
					<Setting Name="I">TRUE</Setting>
					<Setting Name="M">TRUE</Setting>
					<Setting Name="Me">TRUE</Setting>
				</Set>
				<Set Name="2">
					<Setting Name="__SourceName">AE stuff</Setting>
					<Setting Name="H">TRUE</Setting>
					<Setting Name="I">TRUE</Setting>
					<Setting Name="Me">TRUE</Setting>
				</Set>
				<Set Name="3">
					<Setting Name="__SourceName">PreCastTag</Setting>
					<Setting Name="I">TRUE</Setting>
					<Setting Name="Me">TRUE</Setting>
				</Set>
				<Set Name="4">
					<Setting Name="__SourceName">venom</Setting>
					<Setting Name="I">TRUE</Setting>
					<Setting Name="Me">TRUE</Setting>
				</Set>
				<Set Name="5">
					<Setting Name="__SourceName">Primal2</Setting>
					<Setting Name="Dur">13</Setting>
					<Setting Name="I">TRUE</Setting>
					<Setting Name="M">TRUE</Setting>
					<Setting Name="Me">TRUE</Setting>
				</Set>
			</Set>
			<Set Name="HOExcludes">
				<Set Name="1">
					<Setting Name="__SourceName">Chilling Claws</Setting>
				</Set>
				<Set Name="2">
					<Setting Name="__SourceName">Feral Stance</Setting>
				</Set>
				<Set Name="3">
					<Setting Name="__SourceName">Pathfinding</Setting>
				</Set>
				<Set Name="4">
					<Setting Name="__SourceName">Savage Ruin</Setting>
				</Set>
				<Set Name="5">
					<Setting Name="__SourceName">Spiritual Stance</Setting>
				</Set>
				<Set Name="6">
					<Setting Name="__SourceName">Warder's Ferocity</Setting>
				</Set>
				<Set Name="7">
					<Setting Name="__SourceName">Callous Ferocity</Setting>
				</Set>
				<Set Name="8">
					<Setting Name="__SourceName">Hawk Eyes</Setting>
				</Set>
			</Set>
		</Set>
		<Set Name="Jiimbo_TOV_Feral_BL">
			<Set Name="Settings">
				<Setting Name="checkbox_settings_buffs">TRUE</Setting>
				<Setting Name="checkbox_settings_combatarts">TRUE</Setting>
				<Setting Name="checkbox_settings_namedcombatarts">TRUE</Setting>
				<Setting Name="checkbox_settings_rangedattack">TRUE</Setting>
				<Setting Name="checkbox_settings_autoattacktiming">FALSE</Setting>
				<Setting Name="checkbox_settings_meleeattack">TRUE</Setting>
				<Setting Name="checkbox_settings_ignoretargettoattackhealthcheck">TRUE</Setting>
				<Setting Name="checkbox_settings_loot">TRUE</Setting>
				<Setting Name="checkbox_settings_acceptloot">TRUE</Setting>
				<Setting Name="checkbox_settings_acceptres">TRUE</Setting>
				<Setting Name="checkbox_settings_prioritytab">TRUE</Setting>
				<Setting Name="checkbox_settings_acceptinvites">TRUE</Setting>
				<Setting Name="checkbox_settings_enablealiases">TRUE</Setting>
				<Setting Name="checkbox_settings_enableogremcp">FALSE</Setting>
				<Setting Name="checkbox_settings_enableonscreenassistant">FALSE</Setting>
				<Setting Name="checkbox_settings_enableannouncetab">TRUE</Setting>
				<Setting Name="checkbox_settings_raidoptions">FALSE</Setting>
				<Setting Name="checkbox_settings_grindoptions">TRUE</Setting>
				<Setting Name="checkbox_settings_encountersmartnukes">TRUE</Setting>
				<Setting Name="checkbox_settings_aesmartnukes">TRUE</Setting>
				<Setting Name="checkbox_settings_autotargetwhenhated">FALSE</Setting>
				<Setting Name="checkbox_settings_res">FALSE</Setting>
				<Setting Name="checkbox_settings_dopowerheals">FALSE</Setting>
				<Setting Name="checkbox_settings_assist">TRUE</Setting>
				<Setting Name="checkbox_settings_autofollow">FALSE</Setting>
				<Setting Name="checkbox_settings_chaintab">TRUE</Setting>
				<Setting Name="checkbox_settings_movetoarea">TRUE</Setting>
				<Setting Name="checkbox_settings_doho">FALSE</Setting>
				<Setting Name="checkbox_settings_facenpc">TRUE</Setting>
				<Setting Name="checkbox_settings_turnoffattack">TRUE</Setting>
				<Setting Name="checkbox_settings_movemelee">TRUE</Setting>
				<Setting Name="checkbox_settings_movebehind">TRUE</Setting>
				<Setting Name="checkbox_settings_cancelinvisaftercombat">TRUE</Setting>
				<Setting Name="checkbox_settings_acceptdungeonfinderisready">TRUE</Setting>
				<Setting Name="checkbox_settings_raidoptionslimited">FALSE</Setting>
				<Setting Name="checkbox_settings_enablepetsindropdowns">TRUE</Setting>
				<Setting Name="checkbox_settings_forcenamedcatab">FALSE</Setting>
				<Setting Name="checkbox_settings_enableitemsinabilitylists">TRUE</Setting>
				<Setting Name="checkbox_settings_ignoremovetoattackhealthcheck">TRUE</Setting>
				<Setting Name="checkbox_settings_donotsendpettoattack">FALSE</Setting>
				<Setting Name="checkbox_settings_disableabilitycollisionchecks">TRUE</Setting>
				<Setting Name="checkbox_settings_disablecaststack_ca">FALSE</Setting>
				<Setting Name="checkbox_settings_summon_familiar">FALSE</Setting>
				<Setting Name="checkbox_settings_dov_raid_debuff_allow_moving">FALSE</Setting>
				<Setting Name="checkbox_settings_dov_raid_debuff">FALSE</Setting>
				<Setting Name="checkbox_settings_accept_zonein_confirmation">TRUE</Setting>
				<Setting Name="checkbox_settings_enable_abilityrotate">TRUE</Setting>
				<Setting Name="checkbox_settings_disablecaststack_cure">FALSE</Setting>
				<Setting Name="checkbox_settings_no_overseer">FALSE</Setting>
				<Setting Name="checkbox_settings_do_not_show_revision_history">TRUE</Setting>
				<Setting Name="checkbox_settings_enable_chatevents">TRUE</Setting>
				<Setting Name="checkbox_settings_handle_hq_earring">FALSE</Setting>
				<Setting Name="checkbox_settings_acceptnochoicerewards">TRUE</Setting>
				<Setting Name="checkbox_settings_consumeitems">TRUE</Setting>
				<Setting Name="checkbox_settings_disable_dbc_claim">TRUE</Setting>
				<Setting Name="checkbox_settings_enable_itemrotate">TRUE</Setting>
				<Setting Name="checkbox_settings_crowdcontrol">FALSE</Setting>
				<Setting Name="checkbox_settings_disablemercsupport">TRUE</Setting>
				<Setting Name="checkbox_settings_acceptraidreadychecks">TRUE</Setting>
				<Setting Name="checkbox_settings_castwhilemoving">TRUE</Setting>
				<Setting Name="checkbox_settings_enable_tag_embargo">TRUE</Setting>
				<Setting Name="checkbox_settings_enable_tag_allow">TRUE</Setting>
				<Setting Name="checkbox_settings_ascension_embargo_and_combos">FALSE</Setting>
				<Setting Name="checkbox_settings_show_surge_messages">FALSE</Setting>
				<Setting Name="checkbox_settings_cancelabilitiestogroupcure">FALSE</Setting>
				<Setting Name="checkbox_settings_globally_mute_abilityrotation">TRUE</Setting>
				<Setting Name="checkbox_settings_disablecaststack_buffs">FALSE</Setting>
				<Setting Name="checkbox_settings_disablecaststack_items">FALSE</Setting>
				<Setting Name="checkbox_settings_ability_tracker">TRUE</Setting>
				<Setting Name="checkbox_settings_disablecaststack">FALSE</Setting>
				<Setting Name="checkbox_settings_spew_subscription_status">FALSE</Setting>
				<Setting Name="checkbox_settings_globally_mute_itemrotation">TRUE</Setting>
				<Setting Name="checkbox_settings_loot_do_not_loot_corpses">TRUE</Setting>
				<Setting Name="checkbox_settings_loot_do_not_loot_chests">FALSE</Setting>
				<Setting Name="checkbox_settings_npc_cast_monitoring">TRUE</Setting>
				<Setting Name="checkbox_settings_skipcutscenes">TRUE</Setting>
				<Setting Name="checkbox_settings_no_los_on_movebehind">FALSE</Setting>
				<Setting Name="checkbox_settings_moveinfront">FALSE</Setting>
				<Setting Name="checkbox_settings_ho_starter">FALSE</Setting>
				<Setting Name="checkbox_settings_ho_wheel">FALSE</Setting>
				<Setting Name="checkbox_settings_directassisttargeting">FALSE</Setting>
				<Setting Name="checkbox_settings_globally_mute_tags">TRUE</Setting>
			</Set>
			<Set Name="Setup">
				<Setting Name="textentry_setup_percenttoattack">99</Setting>
				<Setting Name="textentry_setup_moveintoattackrangehealthpercent">99</Setting>
				<Setting Name="textentry_setup_petpercenttoattack">99</Setting>
				<Setting Name="textentry_setup_powertousecas">2</Setting>
				<Setting Name="textentry_setup_healthtousecas">2</Setting>
				<Setting Name="textentry_setup_percenttousemanastone">10</Setting>
				<Setting Name="textentry_setup_percenttouseshards">10</Setting>
				<Setting Name="textentry_setup_reswaittimer">2</Setting>
				<Setting Name="checkbox_setup_broadcasttellstouplink">TRUE</Setting>
				<Setting Name="checkbox_setup_receivetellsfromuplink">FALSE</Setting>
				<Setting Name="combobox_setup_autofollowname">NULL</Setting>
				<Setting Name="combobox_setup_shardcaster">Disabled</Setting>
				<Setting Name="combobox_setup_heartcaster">Disabled</Setting>
				<Setting Name="textentry_setup_spellrangeextender">0</Setting>
				<Setting Name="textentry_setup_moveintomeleerangemaxdistance">80</Setting>
				<Setting Name="textentry_setup_autofollowmaxdistance">50</Setting>
			</Set>
			<Set Name="SetupInvis">
				<Set Name="1">
					<Setting Name="__SourceName">Blindside</Setting>
				</Set>
				<Set Name="2">
					<Setting Name="__SourceName">Spiritshroud</Setting>
				</Set>
			</Set>
			<Set Name="CastStack">
				<Set Name="1">
					<Setting Name="__SourceName">Feral Stance</Setting>
					<Setting Name="Type">Buff</Setting>
				</Set>
				<Set Name="2">
					<Setting Name="__Disabled">TRUE</Setting>
					<Setting Name="__SourceName">Spiritual Stance</Setting>
					<Setting Name="Type">Buff</Setting>
				</Set>
				<Set Name="3">
					<Setting Name="__Disabled">TRUE</Setting>
					<Setting Name="__SourceName">Summon Warder: Canine</Setting>
					<Setting Name="Type">Buff</Setting>
				</Set>
				<Set Name="4">
					<Setting Name="__SourceName">Summon Warder: Dire</Setting>
					<Setting Name="Type">Buff</Setting>
				</Set>
				<Set Name="5">
					<Setting Name="__Disabled">TRUE</Setting>
					<Setting Name="__SourceName">-----------------------------------------------------------------------------------------------------------------------------------------</Setting>
					<Setting Name="Type">Buff</Setting>
				</Set>
				<Set Name="6">
					<Setting Name="%">100</Setting>
					<Setting Name="__SourceName">Savage Blaze</Setting>
					<Setting Name="ATag">PreCastTag</Setting>
					<Setting Name="Type">Heal</Setting>
				</Set>
				<Set Name="7">
					<Setting Name="__SourceName">------------------------------------------------------------------------------</Setting>
					<Setting Name="Type">Buff</Setting>
				</Set>
				<Set Name="8">
					<Setting Name="__SourceName">Strike of Consistency</Setting>
					<Setting Name="ATag">BuffMe</Setting>
					<Setting Name="AType">Trigger Only</Setting>
					<Setting Name="Sav">5</Setting>
					<Setting Name="Tag">TWCall</Setting>
					<Setting Name="Type">CA</Setting>
				</Set>
				<Set Name="9">
					<Setting Name="__SourceName">Savagery Freeze</Setting>
					<Setting Name="ATag">Primal</Setting>
					<Setting Name="AType">Listen Only</Setting>
					<Setting Name="Sav">6</Setting>
					<Setting Name="Tag">PreOpener</Setting>
					<Setting Name="Type">NamedCA</Setting>
				</Set>
				<Set Name="10">
					<Setting Name="__SourceName">Evasive Maneuvers</Setting>
					<Setting Name="ATag">Primal</Setting>
					<Setting Name="ETag">PrimalWindow</Setting>
					<Setting Name="EType">Trigger Only</Setting>
					<Setting Name="Tag">Opener</Setting>
					<Setting Name="Type">CA</Setting>
				</Set>
				<Set Name="11">
					<Setting Name="__SourceName">Primal Assault</Setting>
					<Setting Name="ATag">Primal</Setting>
					<Setting Name="AType">Listen Only</Setting>
					<Setting Name="Type">NamedCA</Setting>
				</Set>
				<Set Name="12">
					<Setting Name="__Disabled">TRUE</Setting>
					<Setting Name="__SourceName">-----------------------------------------------------------------------------------------------------------------------------------------</Setting>
					<Setting Name="Type">Buff</Setting>
				</Set>
				<Set Name="13">
					<Setting Name="__SourceName">Claw of Khati Sha</Setting>
					<Setting Name="ATag">Primal</Setting>
					<Setting Name="AType">Listen Only</Setting>
					<Setting Name="Tag">Feral-S1</Setting>
					<Setting Name="Type">CA</Setting>
				</Set>
				<Set Name="14">
					<Setting Name="__SourceName">Shadow Leap</Setting>
					<Setting Name="ATag">Primal</Setting>
					<Setting Name="AType">Listen Only</Setting>
					<Setting Name="Tag">Feral-S1</Setting>
					<Setting Name="Type">CA</Setting>
				</Set>
				<Set Name="15">
					<Setting Name="__SourceName">Shalih Mar's Mandate</Setting>
					<Setting Name="ATag">Primal</Setting>
					<Setting Name="AType">Listen Only</Setting>
					<Setting Name="ID">TRUE</Setting>
					<Setting Name="Tag">Feral-S2</Setting>
					<Setting Name="Type">CA</Setting>
				</Set>
				<Set Name="16">
					<Setting Name="__SourceName">Brutal Beatdown</Setting>
					<Setting Name="ATag">Primal</Setting>
					<Setting Name="AType">Listen Only</Setting>
					<Setting Name="Sav">4</Setting>
					<Setting Name="Tag">Feral-S6</Setting>
					<Setting Name="Type">CA</Setting>
				</Set>
				<Set Name="17">
					<Setting Name="#">1</Setting>
					<Setting Name="__SourceName">Draconic Breath</Setting>
					<Setting Name="ATag">Primal</Setting>
					<Setting Name="AType">Listen Only</Setting>
					<Setting Name="Sav">4</Setting>
					<Setting Name="Tag">Feral-S5</Setting>
					<Setting Name="Type">CA</Setting>
				</Set>
				<Set Name="18">
					<Setting Name="__SourceName">Savage Ravaging</Setting>
					<Setting Name="ATag">Primal</Setting>
					<Setting Name="AType">Listen Only</Setting>
					<Setting Name="Tag">Feral-S4</Setting>
					<Setting Name="Type">CA</Setting>
				</Set>
				<Set Name="19">
					<Setting Name="#">1</Setting>
					<Setting Name="__SourceName">Luclin's Pain</Setting>
					<Setting Name="ATag">Primal</Setting>
					<Setting Name="AType">Listen Only</Setting>
					<Setting Name="Tag">Feral-S4</Setting>
					<Setting Name="Type">CA</Setting>
				</Set>
				<Set Name="20">
					<Setting Name="__SourceName">Truespirit Venom</Setting>
					<Setting Name="ATag">Primal</Setting>
					<Setting Name="AType">Listen Only</Setting>
					<Setting Name="ID">TRUE</Setting>
					<Setting Name="Tag">Feral-S3</Setting>
					<Setting Name="Type">CA</Setting>
				</Set>
				<Set Name="21">
					<Setting Name="__SourceName">Silent Talon</Setting>
					<Setting Name="ATag">Primal</Setting>
					<Setting Name="AType">Listen Only</Setting>
					<Setting Name="ID">TRUE</Setting>
					<Setting Name="Tag">Feral-S4</Setting>
					<Setting Name="Type">CA</Setting>
				</Set>
				<Set Name="22">
					<Setting Name="__Disabled">TRUE</Setting>
					<Setting Name="__SourceName">-------------------------------------------------------------------------------</Setting>
					<Setting Name="Type">Buff</Setting>
				</Set>
				<Set Name="23">
					<Setting Name="#">3</Setting>
					<Setting Name="__SourceName">Glacial Roar</Setting>
					<Setting Name="ATag">Primal</Setting>
					<Setting Name="AType">Listen Only</Setting>
					<Setting Name="Sav">3</Setting>
					<Setting Name="Type">CA</Setting>
				</Set>
				<Set Name="24">
					<Setting Name="#">3</Setting>
					<Setting Name="__SourceName">Feral Pounce</Setting>
					<Setting Name="ATag">Primal</Setting>
					<Setting Name="AType">Listen Only</Setting>
					<Setting Name="Sav">3</Setting>
					<Setting Name="Type">CA</Setting>
				</Set>
				<Set Name="25">
					<Setting Name="__SourceName">Feral Rending</Setting>
					<Setting Name="ATag">Primal</Setting>
					<Setting Name="AType">Listen Only</Setting>
					<Setting Name="Sav">3</Setting>
					<Setting Name="Type">CA</Setting>
				</Set>
				<Set Name="26">
					<Setting Name="__SourceName">Flurry of Claws</Setting>
					<Setting Name="ATag">Primal</Setting>
					<Setting Name="AType">Listen Only</Setting>
					<Setting Name="Sav">3</Setting>
					<Setting Name="Type">CA</Setting>
				</Set>
				<Set Name="27">
					<Setting Name="__SourceName">Hawk Eyes</Setting>
					<Setting Name="ATag">PrimalTemps</Setting>
					<Setting Name="AType">Listen Only</Setting>
					<Setting Name="ID">TRUE</Setting>
					<Setting Name="Type">CA</Setting>
				</Set>
				<Set Name="28">
					<Setting Name="#">1</Setting>
					<Setting Name="__SourceName">Savage Howl</Setting>
					<Setting Name="ATag">PrimalTemps</Setting>
					<Setting Name="AType">Listen Only</Setting>
					<Setting Name="IAE">TRUE</Setting>
					<Setting Name="Type">CA</Setting>
				</Set>
				<Set Name="29">
					<Setting Name="__SourceName">Ralissk's Insight</Setting>
					<Setting Name="ATag">PrimalTemps</Setting>
					<Setting Name="AType">Listen Only</Setting>
					<Setting Name="Type">NamedCA</Setting>
				</Set>
				<Set Name="30">
					<Setting Name="__SourceName">Evade</Setting>
					<Setting Name="ATag">Primal</Setting>
					<Setting Name="AType">Listen Only</Setting>
					<Setting Name="ETag">PrimalWindow</Setting>
					<Setting Name="EType">Listen Only</Setting>
					<Setting Name="Tag">Closer</Setting>
					<Setting Name="Type">CA</Setting>
				</Set>
				<Set Name="31">
					<Setting Name="__SourceName">------------------------------------------------------------------------------</Setting>
					<Setting Name="Type">Buff</Setting>
				</Set>
				<Set Name="32">
					<Setting Name="__SourceName">Evasive Maneuvers</Setting>
					<Setting Name="ATag">Primal</Setting>
					<Setting Name="AType">Trigger Only</Setting>
					<Setting Name="ETag">PrimalWindow</Setting>
					<Setting Name="EType">Trigger Only</Setting>
					<Setting Name="Sav">6</Setting>
					<Setting Name="Tag">Opener</Setting>
					<Setting Name="Type">CA</Setting>
				</Set>
				<Set Name="33">
					<Setting Name="__SourceName">------------------------------------------------------------------------------</Setting>
					<Setting Name="Type">Buff</Setting>
				</Set>
				<Set Name="34">
					<Setting Name="#">1</Setting>
					<Setting Name="__Disabled">TRUE</Setting>
					<Setting Name="__SourceName">Kaldrahir's Leadership</Setting>
					<Setting Name="ID">TRUE</Setting>
					<Setting Name="Sav">6</Setting>
					<Setting Name="Tag">Spirit-S3</Setting>
					<Setting Name="Type">CA</Setting>
				</Set>
				<Set Name="35">
					<Setting Name="#">1</Setting>
					<Setting Name="__Disabled">TRUE</Setting>
					<Setting Name="__SourceName">Restoration of Marisha Kur</Setting>
					<Setting Name="Sav">6</Setting>
					<Setting Name="Tag">Spirit-S1</Setting>
					<Setting Name="Type">CA</Setting>
				</Set>
				<Set Name="36">
					<Setting Name="__Disabled">TRUE</Setting>
					<Setting Name="__SourceName">Chillbarrier</Setting>
					<Setting Name="ID">TRUE</Setting>
					<Setting Name="Sav">6</Setting>
					<Setting Name="Tag">Spirit-S2</Setting>
					<Setting Name="Type">CA</Setting>
				</Set>
				<Set Name="37">
					<Setting Name="__Disabled">TRUE</Setting>
					<Setting Name="__SourceName">Enchanted Barrier</Setting>
					<Setting Name="ID">TRUE</Setting>
					<Setting Name="Sav">6</Setting>
					<Setting Name="Tag">Spirit-S5</Setting>
					<Setting Name="Type">CA</Setting>
				</Set>
				<Set Name="38">
					<Setting Name="#">1</Setting>
					<Setting Name="__Disabled">TRUE</Setting>
					<Setting Name="__SourceName">U'lla's Resolution</Setting>
					<Setting Name="ID">TRUE</Setting>
					<Setting Name="Sav">6</Setting>
					<Setting Name="Tag">Spirit-S4</Setting>
					<Setting Name="Type">CA</Setting>
				</Set>
				<Set Name="39">
					<Setting Name="#">1</Setting>
					<Setting Name="__Disabled">TRUE</Setting>
					<Setting Name="__SourceName">Astral Soulsiphon</Setting>
					<Setting Name="Sav">4</Setting>
					<Setting Name="Tag">Spirit-S6</Setting>
					<Setting Name="Type">CA</Setting>
				</Set>
				<Set Name="40">
					<Setting Name="#">1</Setting>
					<Setting Name="__SourceName">Courageous Scarring</Setting>
					<Setting Name="ID">TRUE</Setting>
					<Setting Name="Sav">6</Setting>
					<Setting Name="Tag">Spirit-S3</Setting>
					<Setting Name="Type">CA</Setting>
					<Setting Name="__Disabled">TRUE</Setting>
				</Set>
				<Set Name="41">
					<Setting Name="#">1</Setting>
					<Setting Name="__SourceName">Wild Goring</Setting>
					<Setting Name="ID">TRUE</Setting>
					<Setting Name="Sav">6</Setting>
					<Setting Name="Tag">Spirit-S3</Setting>
					<Setting Name="Type">CA</Setting>
					<Setting Name="__Disabled">TRUE</Setting>
				</Set>
				<Set Name="42">
					<Setting Name="__SourceName">Soulbreath</Setting>
					<Setting Name="ID">TRUE</Setting>
					<Setting Name="Sav">6</Setting>
					<Setting Name="Tag">Spirit-S5</Setting>
					<Setting Name="Type">CA</Setting>
					<Setting Name="__Disabled">TRUE</Setting>
				</Set>
				<Set Name="43">
					<Setting Name="#">1</Setting>
					<Setting Name="__SourceName">Energizing Assault</Setting>
					<Setting Name="Sav">4</Setting>
					<Setting Name="Tag">Spirit-S1</Setting>
					<Setting Name="Type">CA</Setting>
					<Setting Name="__Disabled">TRUE</Setting>
				</Set>
				<Set Name="44">
					<Setting Name="__Disabled">TRUE</Setting>
					<Setting Name="__SourceName">Ferocious Roar</Setting>
					<Setting Name="ID">TRUE</Setting>
					<Setting Name="Sav">6</Setting>
					<Setting Name="Tag">Spirit-S2</Setting>
					<Setting Name="Type">CA</Setting>
				</Set>
				<Set Name="45">
					<Setting Name="__SourceName">------------------------------------------------------------------------------</Setting>
					<Setting Name="Type">Buff</Setting>
				</Set>
				<Set Name="46">
					<Setting Name="__SourceName">Unchained Ferocity</Setting>
					<Setting Name="Type">NamedCA</Setting>
				</Set>
				<Set Name="47">
					<Setting Name="__SourceName">Savage Blaze</Setting>
					<Setting Name="Type">NamedCA</Setting>
				</Set>
				<Set Name="48">
					<Setting Name="__SourceName">Hawk Eyes</Setting>
					<Setting Name="Type">CA</Setting>
				</Set>
				<Set Name="49">
					<Setting Name="#">3</Setting>
					<Setting Name="__SourceName">Glacial Roar</Setting>
					<Setting Name="Tag">Adv4</Setting>
					<Setting Name="Type">CA</Setting>
				</Set>
				<Set Name="50">
					<Setting Name="#">3</Setting>
					<Setting Name="__SourceName">Feral Pounce</Setting>
					<Setting Name="Tag">Adv4</Setting>
					<Setting Name="Type">CA</Setting>
				</Set>
				<Set Name="51">
					<Setting Name="__SourceName">Flurry of Claws</Setting>
					<Setting Name="Tag">Adv1</Setting>
					<Setting Name="Type">CA</Setting>
				</Set>
				<Set Name="52">
					<Setting Name="__SourceName">Feral Rending</Setting>
					<Setting Name="Tag">Adv1</Setting>
					<Setting Name="Type">CA</Setting>
				</Set>
				<Set Name="53">
					<Setting Name="__SourceName">Shiverback Endemic</Setting>
					<Setting Name="Tag">Adv3</Setting>
					<Setting Name="Type">CA</Setting>
				</Set>
				<Set Name="54">
					<Setting Name="__SourceName">Neurotoxic Venom</Setting>
					<Setting Name="Tag">Adv3</Setting>
					<Setting Name="Type">CA</Setting>
				</Set>
				<Set Name="55">
					<Setting Name="#">1</Setting>
					<Setting Name="__SourceName">Glacial Roar</Setting>
					<Setting Name="Type">CA</Setting>
				</Set>
				<Set Name="56">
					<Setting Name="__Disabled">TRUE</Setting>
					<Setting Name="__SourceName">-------------------------------------------------------------------------------</Setting>
					<Setting Name="Type">Buff</Setting>
				</Set>
				<Set Name="57">
					<Setting Name="#">1</Setting>
					<Setting Name="__Disabled">TRUE</Setting>
					<Setting Name="__SourceName">Bestial Vehemence</Setting>
					<Setting Name="Tag">SpiritAdv3</Setting>
					<Setting Name="Type">CA</Setting>
				</Set>
				<Set Name="58">
					<Setting Name="#">1</Setting>
					<Setting Name="__Disabled">TRUE</Setting>
					<Setting Name="__SourceName">Noxious Assault</Setting>
					<Setting Name="Tag">SpiritAdv3</Setting>
					<Setting Name="Type">CA</Setting>
				</Set>
				<Set Name="59">
					<Setting Name="#">1</Setting>
					<Setting Name="__Disabled">TRUE</Setting>
					<Setting Name="__SourceName">Spiritual Feast</Setting>
					<Setting Name="MP&lt;">60</Setting>
					<Setting Name="Tag">SpiritAdv1</Setting>
					<Setting Name="Type">CA</Setting>
				</Set>
				<Set Name="60">
					<Setting Name="__Disabled">TRUE</Setting>
					<Setting Name="__SourceName">Frigid Fortification</Setting>
					<Setting Name="ID">TRUE</Setting>
					<Setting Name="Tag">Spiritual</Setting>
					<Setting Name="Target">@Me</Setting>
					<Setting Name="Type">Combat</Setting>
				</Set>
				<Set Name="61">
					<Setting Name="#">1</Setting>
					<Setting Name="__Disabled">TRUE</Setting>
					<Setting Name="__SourceName">Savage Resilience</Setting>
					<Setting Name="Tag">SpiritAdv4</Setting>
					<Setting Name="Type">CA</Setting>
				</Set>
				<Set Name="62">
					<Setting Name="#">1</Setting>
					<Setting Name="__Disabled">TRUE</Setting>
					<Setting Name="__SourceName">Beastsoul</Setting>
					<Setting Name="Tag">SpiritAdv4</Setting>
					<Setting Name="Type">CA</Setting>
				</Set>
				<Set Name="63">
					<Setting Name="#">1</Setting>
					<Setting Name="__Disabled">TRUE</Setting>
					<Setting Name="__SourceName">Astral Ravaging</Setting>
					<Setting Name="Tag">SpiritAdv1</Setting>
					<Setting Name="Type">CA</Setting>
				</Set>
				<Set Name="64">
					<Setting Name="__Disabled">TRUE</Setting>
					<Setting Name="__SourceName">-------------------------------------------------------------------------------</Setting>
					<Setting Name="Type">Buff</Setting>
				</Set>
				<Set Name="65">
					<Setting Name="#">4</Setting>
					<Setting Name="__SourceName">U'lla's Spinning Bite</Setting>
					<Setting Name="Tag">CombatArt</Setting>
					<Setting Name="Type">CA</Setting>
				</Set>
				<Set Name="66">
					<Setting Name="__SourceName">Spinechiller Blood</Setting>
					<Setting Name="Tag">CombatArt</Setting>
					<Setting Name="Type">CA</Setting>
				</Set>
				<Set Name="67">
					<Setting Name="__SourceName">Kaldrahir's Growl</Setting>
					<Setting Name="Tag">CombatArt</Setting>
					<Setting Name="Type">CA</Setting>
					<Setting Name="__Disabled">TRUE</Setting>
				</Set>
				<Set Name="68">
					<Setting Name="__SourceName">Rush</Setting>
					<Setting Name="Tag">CombatArt</Setting>
					<Setting Name="Type">CA</Setting>
				</Set>
				<Set Name="69">
					<Setting Name="__SourceName">Vine Net</Setting>
					<Setting Name="Tag">CombatArt</Setting>
					<Setting Name="Type">CA</Setting>
				</Set>
				<Set Name="70">
					<Setting Name="__SourceName">Sinister Strike</Setting>
					<Setting Name="Tag">CombatArt</Setting>
					<Setting Name="Type">CA</Setting>
				</Set>
				<Set Name="71">
					<Setting Name="__SourceName">Primal Consumption</Setting>
					<Setting Name="Tag">CombatArt</Setting>
					<Setting Name="Type">CA</Setting>
				</Set>
				<Set Name="72">
					<Setting Name="__SourceName">Elnakii's Swipe</Setting>
					<Setting Name="Tag">CombatArt</Setting>
					<Setting Name="Type">CA</Setting>
				</Set>
				<Set Name="73">
					<Setting Name="__SourceName">Quick Swipe</Setting>
					<Setting Name="ID">TRUE</Setting>
					<Setting Name="Tag">CombatArt</Setting>
					<Setting Name="Type">CA</Setting>
				</Set>
				<Set Name="74">
					<Setting Name="#">1</Setting>
					<Setting Name="__SourceName">U'lla's Spinning Bite</Setting>
					<Setting Name="Tag">CombatArt</Setting>
					<Setting Name="Type">CA</Setting>
				</Set>
				<Set Name="75">
					<Setting Name="__SourceName">Sharpened Claws</Setting>
					<Setting Name="Sav">5</Setting>
					<Setting Name="Tag">CombatArt</Setting>
					<Setting Name="Type">CA</Setting>
				</Set>
				<Set Name="76">
					<Setting Name="__SourceName">Glacial Lance</Setting>
					<Setting Name="Tag">CombatArt</Setting>
					<Setting Name="Type">CA</Setting>
				</Set>
				<Set Name="77">
					<Setting Name="__ENDOFCASTSTACK">TRUE</Setting>
					<Setting Name="__SourceName">============= END OF CAST STACK =============</Setting>
					<Setting Name="Type">Buff</Setting>
				</Set>
				<Set Name="78">
					<Setting Name="__SourceName">Master of Beasts</Setting>
					<Setting Name="Type">Buff</Setting>
				</Set>
				<Set Name="79">
					<Setting Name="__SourceName">Savage Ruin</Setting>
					<Setting Name="Type">Buff</Setting>
				</Set>
				<Set Name="80">
					<Setting Name="__SourceName">Guild Buff</Setting>
					<Setting Name="Type">Buff</Setting>
				</Set>
				<Set Name="81">
					<Setting Name="__SourceName">Pathfinding</Setting>
					<Setting Name="Type">Buff</Setting>
				</Set>
				<Set Name="82">
					<Setting Name="__SourceName">Chilling Claws</Setting>
					<Setting Name="Type">Buff</Setting>
				</Set>
				<Set Name="83">
					<Setting Name="__SourceName">Shrink Warder</Setting>
					<Setting Name="Type">Buff</Setting>
				</Set>
				<Set Name="84">
					<Setting Name="__Disabled">TRUE</Setting>
					<Setting Name="__SourceName">-----------------------------------------------------------------------------------------------------------------------------------------</Setting>
					<Setting Name="Type">Buff</Setting>
				</Set>
			</Set>
			<Set Name="AbilityRotation">
				<Set Name="1">
					<Setting Name="__SourceName">Hawk Eyes</Setting>
					<Setting Name="Dur">17</Setting>
					<Setting Name="Me">TRUE</Setting>
				</Set>
				<Set Name="2">
					<Setting Name="__SourceName">Savage Resilience</Setting>
					<Setting Name="Dur">15</Setting>
					<Setting Name="Me">TRUE</Setting>
				</Set>
				<Set Name="3">
					<Setting Name="__SourceName">Noxious Assault</Setting>
					<Setting Name="Dur">15</Setting>
					<Setting Name="Me">TRUE</Setting>
				</Set>
				<Set Name="4">
					<Setting Name="__SourceName">Shiverback Endemic</Setting>
					<Setting Name="Dur">3</Setting>
				</Set>
				<Set Name="5">
					<Setting Name="__SourceName">Frigid Fortification</Setting>
					<Setting Name="Dur">20</Setting>
					<Setting Name="Me">TRUE</Setting>
				</Set>
				<Set Name="6">
					<Setting Name="__SourceName">Beastsoul</Setting>
					<Setting Name="Dur">15</Setting>
					<Setting Name="Me">TRUE</Setting>
				</Set>
				<Set Name="7">
					<Setting Name="__SourceName">Bestial Vehemence</Setting>
					<Setting Name="Dur">15</Setting>
					<Setting Name="Me">TRUE</Setting>
				</Set>
				<Set Name="8">
					<Setting Name="__Disabled">TRUE</Setting>
					<Setting Name="__SourceName">Lucky Break</Setting>
					<Setting Name="Dur">31</Setting>
				</Set>
				<Set Name="9">
					<Setting Name="__SourceName">Neurotoxic Venom</Setting>
					<Setting Name="Dur">12</Setting>
				</Set>
				<Set Name="10">
					<Setting Name="__SourceName">Luclin's Pain</Setting>
					<Setting Name="Dur">2</Setting>
				</Set>
				<Set Name="11">
					<Setting Name="__SourceName">Evasive Maneuvers</Setting>
					<Setting Name="Dur">33</Setting>
				</Set>
				<Set Name="12">
					<Setting Name="__SourceName">Strike of Consistency</Setting>
					<Setting Name="Dur">31</Setting>
					<Setting Name="Me">TRUE</Setting>
				</Set>
			</Set>
			<Set Name="ItemRotation">
				<Set Name="1">
					<Setting Name="__IsItem">TRUE</Setting>
					<Setting Name="__ItemName">Awakened Petamorph Wand: Osseous Colossus</Setting>
					<Setting Name="__SourceName">Item:Awakened Petamorph Wand: Osseous Colossus</Setting>
					<Setting Name="Dur">7200</Setting>
					<Setting Name="Me">TRUE</Setting>
				</Set>
				<Set Name="2">
					<Setting Name="__IsItem">TRUE</Setting>
					<Setting Name="__ItemName">Petamorph Wand: Candy-Striped Snail</Setting>
					<Setting Name="__SourceName">Item:Petamorph Wand: Candy-Striped Snail</Setting>
					<Setting Name="Dur">7200</Setting>
					<Setting Name="Me">TRUE</Setting>
				</Set>
				<Set Name="3">
					<Setting Name="__IsItem">TRUE</Setting>
					<Setting Name="__ItemName">Icy Dragon Essence</Setting>
					<Setting Name="__SourceName">Item:Icy Dragon Essence</Setting>
					<Setting Name="Dur">12</Setting>
					<Setting Name="Me">TRUE</Setting>
				</Set>
			</Set>
			<Set Name="Assist">
				<Set Name="1">
					<Setting Name="__SourceName">@Tank</Setting>
				</Set>
			</Set>
			<Set Name="Postcast">
				<Set Name="1">
					<Setting Name="__Disabled">TRUE</Setting>
					<Setting Name="__SourceName">Evade</Setting>
					<Setting Name="After">Brutal Beatdown</Setting>
				</Set>
			</Set>
			<Set Name="Loot">
				<Setting Name="checkbox_loot_ffaaccept">TRUE</Setting>
				<Setting Name="checkbox_loot_lottoaccept">TRUE</Setting>
				<Setting Name="checkbox_loot_confirmnotrade">TRUE</Setting>
				<Setting Name="checkbox_loot_nbgaccept">FALSE</Setting>
				<Setting Name="checkbox_loot_nbggreed">TRUE</Setting>
				<Setting Name="checkbox_loot_ffalooteverything">TRUE</Setting>
			</Set>
			<Set Name="OSA">
				<Setting Name="slider_osa_radius">53</Setting>
				<Setting Name="textentry_osa_radius">53</Setting>
				<Setting Name="checkbox_osa_targetsonly">TRUE</Setting>
			</Set>
			<Set Name="Announce">
				<Set Name="1">
					<Setting Name="__SourceName">Slice of Despair</Setting>
					<Setting Name="Target">Raid</Setting>
					<Setting Name="Txt">-={Slice of Despair }=-</Setting>
				</Set>
				<Set Name="2">
					<Setting Name="__SourceName">Strike of Consistency</Setting>
					<Setting Name="Target">Execute In Console</Setting>
					<Setting Name="Txt">oc !ci -AbilityTag igw:${Me.Name} PrimalTemps 4 Allow</Setting>
				</Set>
				<Set Name="3">
					<Setting Name="__SourceName">Strike of Consistency</Setting>
					<Setting Name="Target">Execute In Console</Setting>
					<Setting Name="Txt">TimedCommand 20 oc !ci -AbilityTag igw:${Me.Name} CMastery 4 Allow</Setting>
				</Set>
				<Set Name="4">
					<Setting Name="__SourceName">Evasive Maneuvers</Setting>
					<Setting Name="Target">Group</Setting>
					<Setting Name="Txt">-=[ Dumping Primals ]=-</Setting>
				</Set>
				<Set Name="5">
					<Setting Name="__SourceName">Evasive Maneuvers</Setting>
					<Setting Name="Target">Execute In Console</Setting>
					<Setting Name="Txt">oc !ci -AbilityTag igw:${Me.Name} CMastery 4 Allow</Setting>
				</Set>
				<Set Name="6">
					<Setting Name="__SourceName">Evasive Maneuvers</Setting>
					<Setting Name="Target">Raid</Setting>
					<Setting Name="Txt">8==D~~ Primals ~~</Setting>
				</Set>
				<Set Name="7">
					<Setting Name="__SourceName">Evade</Setting>
					<Setting Name="Target">Execute In Console</Setting>
					<Setting Name="Txt">oc !ci -AbilityTag_ResetAllAbilityTagAllows ${Me.Name}</Setting>
				</Set>
				<Set Name="8">
					<Setting Name="__SourceName">Evade</Setting>
					<Setting Name="Target">Execute In Console</Setting>
					<Setting Name="Txt">oc !ci -AbilityTag_ResetAllAbilityTagEmbargos ${Me.Name}</Setting>
				</Set>
				<Set Name="9">
					<Setting Name="__SourceName">Truespirit Venom</Setting>
					<Setting Name="Target">Execute In Console</Setting>
					<Setting Name="Txt">TimedCommand 30 oc !ci -CastAbility ${Me.Name} &quot;Evade&quot;</Setting>
				</Set>
				<Set Name="10">
					<Setting Name="__SourceName">Silent Talon</Setting>
					<Setting Name="Target">Execute In Console</Setting>
					<Setting Name="Txt">TimedCommand 30 oc !ci -CastAbility ${Me.Name} &quot;Evade&quot;</Setting>
				</Set>
				<Set Name="11">
					<Setting Name="__SourceName">Shalih Mar's Mandate</Setting>
					<Setting Name="Target">Execute In Console</Setting>
					<Setting Name="Txt">oc !ci -AbilityTag all SeverMe 5 Allow</Setting>
				</Set>
				<Set Name="12">
					<Setting Name="__SourceName">Unchained Ferocity</Setting>
					<Setting Name="Target">Group</Setting>
					<Setting Name="Txt">Unchained!</Setting>
				</Set>
				<Set Name="13">
					<Setting Name="__IsItem">TRUE</Setting>
					<Setting Name="__ItemName">Mis-calibrated Manastone</Setting>
					<Setting Name="__SourceName">Item:Mis-calibrated Manastone</Setting>
					<Setting Name="Target">Group</Setting>
					<Setting Name="Txt">-- Using Mis-Calibrated ManaStone --</Setting>
				</Set>
				<Set Name="14">
					<Setting Name="__IsItem">TRUE</Setting>
					<Setting Name="__ItemName">Overclocked Manastone</Setting>
					<Setting Name="__SourceName">Item:Overclocked Manastone</Setting>
					<Setting Name="Target">Group</Setting>
					<Setting Name="Txt">-- Using Overclocked ManaStone --</Setting>
				</Set>
			</Set>
			<Set Name="Other">
				<Setting Name="combobox_other_curabledisable">NULL</Setting>
				<Setting Name="checkbox_other_curabledisable">FALSE</Setting>
				<Setting Name="checkbox_other_requestconfrontfearviauplink">TRUE</Setting>
			</Set>
			<Set Name="Inquisitor">
				<Setting Name="checkbox_inquisitor_verdictheroicnamedonly">TRUE</Setting>
				<Setting Name="checkbox_inquisitor_verdictheroics">TRUE</Setting>
			</Set>
			<Set Name="Debug">
				<Setting Name="checkbox_debug_casting">FALSE</Setting>
				<Setting Name="checkbox_debug_whatisthebotdoing">FALSE</Setting>
				<Setting Name="checkbox_debug_castingdetails">FALSE</Setting>
				<Setting Name="checkbox_debug_castingextras">FALSE</Setting>
				<Setting Name="checkbox_debug_castingcompleted">FALSE</Setting>
				<Setting Name="checkbox_debug_caststackdetails">FALSE</Setting>
			</Set>
			<Set Name="AutoTarget">
				<Setting Name="slider_autotarget_scanheight">5</Setting>
				<Setting Name="slider_autotarget_scanradius">42</Setting>
				<Setting Name="slider_autotarget_rescantime">1</Setting>
				<Setting Name="checkbox_autotarget_enabled">FALSE</Setting>
				<Setting Name="checkbox_autotarget_outofcombatscanning">TRUE</Setting>
			</Set>
			<Set Name="LoadExecute">
				<Set Name="1">
					<Setting Name="__SourceName">run BL_Side</Setting>
				</Set>
			</Set>
			<Set Name="EquipmentInfo">
				<Setting Name="combobox_equipmentinfo_charmoption1">Item:Fabled Mark of Incineration</Setting>
				<Setting Name="combobox_equipmentinfo_charmoption2">Item:Unhatched Raptor Egg</Setting>
			</Set>
			<Set Name="OgreConsole">
				<Setting Name="checkbox_ogreconsole_hideonload">FALSE</Setting>
				<Setting Name="checkbox_ogreconsole_neverautoopen">FALSE</Setting>
				<Setting Name="checkbox_ogreconsole_showonload">TRUE</Setting>
				<Setting Name="textentry_ogreconsole_x">1287</Setting>
				<Setting Name="textentry_ogreconsole_y">5</Setting>
				<Setting Name="textentry_ogreconsole_width">631</Setting>
				<Setting Name="textentry_ogreconsole_height">171</Setting>
			</Set>
			<Set Name="ChatEvents">
				<Set Name="1">
					<Setting Name="__SourceName">Time Warp is now ready for use!</Setting>
					<Setting Name="Code">oc !ci -AbilityTag ${Me.Name} Primal 12 Allow</Setting>
				</Set>
				<Set Name="2">
					<Setting Name="__SourceName">Unchained!</Setting>
					<Setting Name="Code">oc !ci -ChangeCastStackListBoxItemByTag ${Me.Name} CombatArt FALSE FALSE TRUE</Setting>
				</Set>
				<Set Name="3">
					<Setting Name="__SourceName">Unchained!</Setting>
					<Setting Name="Code">TimedCommand 90 oc !ci -ChangeCastStackListBoxItemByTag ${Me.Name} CombatArt TRUE FALSE TRUE</Setting>
				</Set>
			</Set>
			<Set Name="AscensionEmbargoList">
				<Set Name="1">
					<Setting Name="__SourceName">Ethershadow Assassin</Setting>
				</Set>
			</Set>
			<Set Name="Items">
				<Set Name="1">
					<Setting Name="__SourceName">Icy Dragon Essence</Setting>
				</Set>
				<Set Name="2">
					<Setting Name="__SourceName">Mis-calibrated Manastone</Setting>
				</Set>
				<Set Name="3">
					<Setting Name="__SourceName">Overclocked Lifestone</Setting>
				</Set>
				<Set Name="4">
					<Setting Name="__SourceName">Overclocked Manastone</Setting>
				</Set>
			</Set>
			<Set Name="Overseer">
				<Setting Name="checkbox_overseer_skip_treasured_quests">FALSE</Setting>
				<Setting Name="checkbox_overseer_skip_legendary_quests">FALSE</Setting>
				<Setting Name="checkbox_overseer_no_overseer">FALSE</Setting>
				<Setting Name="checkbox_overseer_guildhall_only">TRUE</Setting>
				<Setting Name="checkbox_overseer_threaded">TRUE</Setting>
			</Set>
			<Set Name="OverseerBuyMissions">
				<Setting Name="checkbox_overseerbuymissions_destroy_extra_missions">TRUE</Setting>
				<Setting Name="checkbox_overseerbuymissions_season_5">TRUE</Setting>
				<Setting Name="checkbox_overseerbuymissions_colour_green">TRUE</Setting>
			</Set>
			<Set Name="ConsumeItems">
				<Set Name="1">
					<Setting Name="__IsItem">TRUE</Setting>
					<Setting Name="__ItemName">Shadowscream Scroll of Brawn</Setting>
					<Setting Name="__SourceName">Item:Shadowscream Scroll of Brawn</Setting>
					<Setting Name="IC">TRUE</Setting>
				</Set>
				<Set Name="2">
					<Setting Name="__IsItem">TRUE</Setting>
					<Setting Name="__ItemName">Shadowscream Scroll of Pugilism</Setting>
					<Setting Name="__SourceName">Item:Shadowscream Scroll of Pugilism</Setting>
					<Setting Name="IC">TRUE</Setting>
				</Set>
				<Set Name="3">
					<Setting Name="__IsItem">TRUE</Setting>
					<Setting Name="__ItemName">Shadowscream Scroll of Grappling</Setting>
					<Setting Name="__SourceName">Item:Shadowscream Scroll of Grappling</Setting>
					<Setting Name="IC">TRUE</Setting>
				</Set>
				<Set Name="4">
					<Setting Name="__IsItem">TRUE</Setting>
					<Setting Name="__ItemName">Shadowscream Scroll of Skirmishing</Setting>
					<Setting Name="__SourceName">Item:Shadowscream Scroll of Skirmishing</Setting>
					<Setting Name="IC">TRUE</Setting>
				</Set>
			</Set>
			<Set Name="Tags_AddNew">
				<Set Name="1">
					<Setting Name="__SourceName">Primal</Setting>
				</Set>
				<Set Name="2">
					<Setting Name="__SourceName">PrimalTemps</Setting>
				</Set>
				<Set Name="3">
					<Setting Name="__SourceName">PrimalWindow</Setting>
				</Set>
				<Set Name="4">
					<Setting Name="__SourceName">BuffMe</Setting>
				</Set>
				<Set Name="5">
					<Setting Name="__SourceName">TimeWarpPrep</Setting>
				</Set>
				<Set Name="6">
					<Setting Name="__SourceName">SeverMe</Setting>
				</Set>
				<Set Name="7">
					<Setting Name="__SourceName">PreCastTag</Setting>
				</Set>
				<Set Name="8">
					<Setting Name="__SourceName">TWEmbargo</Setting>
				</Set>
				<Set Name="9">
					<Setting Name="__SourceName">CMastery</Setting>
				</Set>
				<Set Name="10">
					<Setting Name="__SourceName">Unchained</Setting>
				</Set>
				<Set Name="11">
					<Setting Name="__SourceName">CAS</Setting>
				</Set>
			</Set>
			<Set Name="Tags">
				<Set Name="1">
					<Setting Name="__SourceName">Primal</Setting>
					<Setting Name="Dur">30</Setting>
					<Setting Name="Me">TRUE</Setting>
				</Set>
				<Set Name="2">
					<Setting Name="__SourceName">PrimalTemps</Setting>
					<Setting Name="Dur">4</Setting>
					<Setting Name="G">TRUE</Setting>
				</Set>
				<Set Name="3">
					<Setting Name="__SourceName">BuffMe</Setting>
					<Setting Name="Dur">12</Setting>
					<Setting Name="G">TRUE</Setting>
				</Set>
				<Set Name="4">
					<Setting Name="__SourceName">SeverMe</Setting>
					<Setting Name="Dur">5</Setting>
					<Setting Name="IRC">TRUE</Setting>
				</Set>
				<Set Name="5">
					<Setting Name="__SourceName">PreCastTag</Setting>
				</Set>
				<Set Name="6">
					<Setting Name="__SourceName">CMastery</Setting>
					<Setting Name="Dur">4</Setting>
					<Setting Name="G">TRUE</Setting>
				</Set>
				<Set Name="7">
					<Setting Name="__SourceName">CAS</Setting>
					<Setting Name="Me">TRUE</Setting>
				</Set>
				<Set Name="8">
					<Setting Name="__SourceName">PrimalWindow</Setting>
					<Setting Name="Dur">12</Setting>
					<Setting Name="Me">TRUE</Setting>
				</Set>
			</Set>
			<Set Name="AbilityTracker">
				<Set Name="1">
					<Setting Name="__SourceName">Evasive Maneuvers</Setting>
				</Set>
			</Set>
			<Set Name="HOExcludes">
				<Set Name="1">
					<Setting Name="__SourceName">Chilling Claws</Setting>
				</Set>
				<Set Name="2">
					<Setting Name="__SourceName">Feral Stance</Setting>
				</Set>
				<Set Name="3">
					<Setting Name="__SourceName">Pathfinding</Setting>
				</Set>
				<Set Name="4">
					<Setting Name="__SourceName">Savage Ruin</Setting>
				</Set>
				<Set Name="5">
					<Setting Name="__SourceName">Spiritual Stance</Setting>
				</Set>
				<Set Name="6">
					<Setting Name="__SourceName">Warder's Ferocity</Setting>
				</Set>
				<Set Name="7">
					<Setting Name="__SourceName">Callous Ferocity</Setting>
				</Set>
				<Set Name="8">
					<Setting Name="__SourceName">Hawk Eyes</Setting>
				</Set>
			</Set>
		</Set>
	</Set>
</InnerSpaceSettings>
