<?xml version='1.0' encoding='UTF-8'?>
<!-- Generated by LavishSettings v2 -->
<InnerSpaceSettings>
	<Set Name="CastStack">
		<Set Name="1">
			<Setting Name="__SourceName">-------------------------------------------------------------------------------</Setting>
			<Setting Name="Type">Buff</Setting>
		</Set>
		<Set Name="2">
			<Setting Name="%">100</Setting>
			<Setting Name="__Disabled">TRUE</Setting>
			<Setting Name="__SourceName">Circle of Growth</Setting>
			<Setting Name="Type">Heal</Setting>
		</Set>
		<Set Name="3">
			<Setting Name="__SourceName">-------------------------------------------------------------------------------</Setting>
			<Setting Name="Type">Buff</Setting>
		</Set>
		<Set Name="4">
			<Setting Name="__SourceName">Willow Wisp</Setting>
			<Setting Name="Aggro&gt;">99</Setting>
			<Setting Name="Type">CA</Setting>
		</Set>
		<Set Name="5">
			<Setting Name="__Disabled">TRUE</Setting>
			<Setting Name="__SourceName">-------------------------------------------------------------------------------</Setting>
			<Setting Name="Type">Buff</Setting>
		</Set>
		<Set Name="6">
			<Setting Name="#">1</Setting>
			<Setting Name="%">100</Setting>
			<Setting Name="__SourceName">Ward of the Untamed</Setting>
			<Setting Name="ATag">PreCast</Setting>
			<Setting Name="AType">Listen Only</Setting>
			<Setting Name="Target">@Me</Setting>
			<Setting Name="Type">Heal</Setting>
		</Set>
		<Set Name="7">
			<Setting Name="%">100</Setting>
			<Setting Name="__SourceName">Healing Grove</Setting>
			<Setting Name="ATag">PreCast</Setting>
			<Setting Name="AType">Listen Only</Setting>
			<Setting Name="Type">Heal</Setting>
		</Set>
		<Set Name="8">
			<Setting Name="%">100</Setting>
			<Setting Name="__SourceName">Serenity</Setting>
			<Setting Name="ATag">PreCast</Setting>
			<Setting Name="AType">Listen Only</Setting>
			<Setting Name="Type">Heal</Setting>
		</Set>
		<Set Name="9">
			<Setting Name="#">1</Setting>
			<Setting Name="%">100</Setting>
			<Setting Name="__SourceName">Sandstorm</Setting>
			<Setting Name="ATag">PreCast</Setting>
			<Setting Name="AType">Listen Only</Setting>
			<Setting Name="Target">@Me</Setting>
			<Setting Name="Type">Heal</Setting>
		</Set>
		<Set Name="10">
			<Setting Name="__Disabled">TRUE</Setting>
			<Setting Name="__SourceName">-------------------------------------------------------------------------------</Setting>
			<Setting Name="Type">Buff</Setting>
		</Set>
		<Set Name="11">
			<Setting Name="#">3</Setting>
			<Setting Name="__SourceName">Verdant Whisper</Setting>
			<Setting Name="Type">Cure</Setting>
		</Set>
		<Set Name="12">
			<Setting Name="__SourceName">Cure</Setting>
			<Setting Name="Target">@Tank</Setting>
			<Setting Name="Type">Cure</Setting>
		</Set>
		<Set Name="13">
			<Setting Name="__SourceName">Tranquility</Setting>
			<Setting Name="Named">TRUE</Setting>
			<Setting Name="Target">@Tank</Setting>
			<Setting Name="Type">Cure</Setting>
		</Set>
		<Set Name="14">
			<Setting Name="__SourceName">Cure</Setting>
			<Setting Name="Target">@Group</Setting>
			<Setting Name="Type">Cure</Setting>
		</Set>
		<Set Name="15">
			<Setting Name="__SourceName">-------------------------------------------------------------------------------</Setting>
			<Setting Name="Type">Buff</Setting>
		</Set>
		<Set Name="16">
			<Setting Name="#">2</Setting>
			<Setting Name="%">20</Setting>
			<Setting Name="__SourceName">Tunare's Watch</Setting>
			<Setting Name="Target">@Group</Setting>
			<Setting Name="Type">Heal</Setting>
		</Set>
		<Set Name="17">
			<Setting Name="%">50</Setting>
			<Setting Name="__SourceName">Sylvan Touch</Setting>
			<Setting Name="Target">@Group</Setting>
			<Setting Name="Type">Heal</Setting>
		</Set>
		<Set Name="18">
			<Setting Name="#">2</Setting>
			<Setting Name="%">40</Setting>
			<Setting Name="__SourceName">Sylvan Embrace</Setting>
			<Setting Name="Target">@Group</Setting>
			<Setting Name="Type">Heal</Setting>
		</Set>
		<Set Name="19">
			<Setting Name="%">25</Setting>
			<Setting Name="__SourceName">Nature's Renewal</Setting>
			<Setting Name="Target">@Tank</Setting>
			<Setting Name="Type">Heal</Setting>
		</Set>
		<Set Name="20">
			<Setting Name="%">60</Setting>
			<Setting Name="__SourceName">Hierophantic Genesis</Setting>
			<Setting Name="Target">@Tank</Setting>
			<Setting Name="Type">Heal</Setting>
		</Set>
		<Set Name="21">
			<Setting Name="__SourceName">Healstorm</Setting>
			<Setting Name="Target">@Me</Setting>
			<Setting Name="Type">Combat</Setting>
			<Setting Name="__Disabled">TRUE</Setting>
		</Set>
		<Set Name="22">
			<Setting Name="#">2</Setting>
			<Setting Name="%">85</Setting>
			<Setting Name="__SourceName">Healstorm</Setting>
			<Setting Name="Target">@Group</Setting>
			<Setting Name="Type">Heal</Setting>
		</Set>
		<Set Name="23">
			<Setting Name="#">2</Setting>
			<Setting Name="%">70</Setting>
			<Setting Name="__SourceName">Winds of Healing</Setting>
			<Setting Name="Target">@Group</Setting>
			<Setting Name="Type">Heal</Setting>
		</Set>
		<Set Name="24">
			<Setting Name="%">80</Setting>
			<Setting Name="__SourceName">Photosynthesis</Setting>
			<Setting Name="Target">@Tank</Setting>
			<Setting Name="Type">Heal</Setting>
		</Set>
		<Set Name="25">
			<Setting Name="%">90</Setting>
			<Setting Name="__SourceName">Sylvan Bloom</Setting>
			<Setting Name="Target">@Tank</Setting>
			<Setting Name="Type">Heal</Setting>
		</Set>
		<Set Name="26">
			<Setting Name="%">85</Setting>
			<Setting Name="__SourceName">Nature's Embrace</Setting>
			<Setting Name="Target">@Tank</Setting>
			<Setting Name="Type">Heal</Setting>
		</Set>
		<Set Name="27">
			<Setting Name="%">60</Setting>
			<Setting Name="__SourceName">Photosynthesis</Setting>
			<Setting Name="Target">@Group</Setting>
			<Setting Name="Type">Heal</Setting>
		</Set>
		<Set Name="28">
			<Setting Name="%">60</Setting>
			<Setting Name="__SourceName">Sylvan Bloom</Setting>
			<Setting Name="Target">@Group</Setting>
			<Setting Name="Type">Heal</Setting>
		</Set>
		<Set Name="29">
			<Setting Name="__Disabled">TRUE</Setting>
			<Setting Name="__SourceName">-------------------------------------------------------------------------------</Setting>
			<Setting Name="Type">Buff</Setting>
		</Set>
		<Set Name="30">
			<Setting Name="__SourceName">Nature's Touch</Setting>
			<Setting Name="Target">@Group</Setting>
			<Setting Name="Type">Res</Setting>
		</Set>
		<Set Name="31">
			<Setting Name="__SourceName">Reincarnation</Setting>
			<Setting Name="Target">@Bard</Setting>
			<Setting Name="Type">Res</Setting>
		</Set>
		<Set Name="32">
			<Setting Name="#">3</Setting>
			<Setting Name="__SourceName">Equinox</Setting>
			<Setting Name="Target">@Group</Setting>
			<Setting Name="Type">Res</Setting>
		</Set>
		<Set Name="33">
			<Setting Name="__SourceName">Thorncoat</Setting>
			<Setting Name="Target">@Tank</Setting>
			<Setting Name="Type">Buff</Setting>
		</Set>
		<Set Name="34">
			<Setting Name="__SourceName">Shapeshift: Treant</Setting>
			<Setting Name="Type">Buff</Setting>
		</Set>
		<Set Name="35">
			<Setting Name="__SourceName">Instinct</Setting>
			<Setting Name="Target">@DPS1</Setting>
			<Setting Name="Type">Buff</Setting>
		</Set>
		<Set Name="36">
			<Setting Name="__SourceName">Regenerating Spores</Setting>
			<Setting Name="Target">@Tank</Setting>
			<Setting Name="Type">Buff</Setting>
		</Set>
		<Set Name="37">
			<Setting Name="__SourceName">Aspect of the Forest</Setting>
			<Setting Name="Target">@Tank</Setting>
			<Setting Name="Type">Buff</Setting>
		</Set>
		<Set Name="38">
			<Setting Name="__SourceName">Aspect of the Forest</Setting>
			<Setting Name="Target">@Me</Setting>
			<Setting Name="Type">Buff</Setting>
		</Set>
		<Set Name="39">
			<Setting Name="__SourceName">Spirit of the Bat</Setting>
			<Setting Name="Target">@Bard</Setting>
			<Setting Name="Type">Buff</Setting>
		</Set>
		<Set Name="40">
			<Setting Name="__SourceName">-------------------------------------------------------------------------------</Setting>
			<Setting Name="Type">Buff</Setting>
		</Set>
		<Set Name="41">
			<Setting Name="__SourceName">Sandstorm</Setting>
			<Setting Name="Target">@Group</Setting>
			<Setting Name="Type">Combat</Setting>
		</Set>
		<Set Name="42">
			<Setting Name="__SourceName">Ward of the Untamed</Setting>
			<Setting Name="Target">@Me</Setting>
			<Setting Name="Type">Combat</Setting>
		</Set>
		<Set Name="43">
			<Setting Name="__SourceName">Serenity</Setting>
			<Setting Name="Target">@Group</Setting>
			<Setting Name="Type">Combat</Setting>
		</Set>
		<Set Name="44">
			<Setting Name="__SourceName">Serene Symbol</Setting>
			<Setting Name="Type">NamedDebuff</Setting>
		</Set>
		<Set Name="45">
			<Setting Name="__SourceName">Divine Providence</Setting>
			<Setting Name="Type">CA</Setting>
		</Set>
		<Set Name="46">
			<Setting Name="#">2</Setting>
			<Setting Name="__SourceName">Winds of Permafrost</Setting>
			<Setting Name="Type">CA</Setting>
		</Set>
		<Set Name="47">
			<Setting Name="__SourceName">Master's Smite</Setting>
			<Setting Name="Type">CA</Setting>
		</Set>
		<Set Name="48">
			<Setting Name="__SourceName">Icefall</Setting>
			<Setting Name="Type">CA</Setting>
		</Set>
		<Set Name="49">
			<Setting Name="__SourceName">Nature's Pack</Setting>
			<Setting Name="Type">NamedCA</Setting>
		</Set>
		<Set Name="50">
			<Setting Name="__SourceName">Master's Smite</Setting>
			<Setting Name="Type">CA</Setting>
		</Set>
		<Set Name="51">
			<Setting Name="__SourceName">Nature Blade</Setting>
			<Setting Name="Type">CA</Setting>
		</Set>
		<Set Name="52">
			<Setting Name="__SourceName">Frostbite</Setting>
			<Setting Name="Type">CA</Setting>
		</Set>
		<Set Name="53">
			<Setting Name="__SourceName">Wrath</Setting>
			<Setting Name="Type">CA</Setting>
		</Set>
		<Set Name="54">
			<Setting Name="__SourceName">Dawnstrike</Setting>
			<Setting Name="Type">CA</Setting>
		</Set>
		<Set Name="55">
			<Setting Name="__Disabled">TRUE</Setting>
			<Setting Name="__SourceName">-------------------------------------------------------------------------------</Setting>
			<Setting Name="Type">Buff</Setting>
		</Set>
		<Set Name="56">
			<Setting Name="__IsItem">TRUE</Setting>
			<Setting Name="__ItemName">Grandmaster's Elixir of Second Sight</Setting>
			<Setting Name="__SourceName">Item:Grandmaster's Elixir of Second Sight</Setting>
			<Setting Name="Type">Buff</Setting>
		</Set>
		<Set Name="57">
			<Setting Name="__SourceName">Essence of the Great Bear</Setting>
			<Setting Name="Type">Buff</Setting>
		</Set>
		<Set Name="58">
			<Setting Name="__SourceName">Favor of the Wild</Setting>
			<Setting Name="Type">Buff</Setting>
		</Set>
		<Set Name="59">
			<Setting Name="__SourceName">Armor of Seasons</Setting>
			<Setting Name="Type">Buff</Setting>
		</Set>
		<Set Name="60">
			<Setting Name="__SourceName">Falling Grace</Setting>
			<Setting Name="Type">NonCombatBuff</Setting>
		</Set>
		<Set Name="61">
			<Setting Name="__SourceName">Nereid's Boon</Setting>
			<Setting Name="Type">NonCombatBuff</Setting>
		</Set>
		<Set Name="62">
			<Setting Name="__SourceName">Warden of the Forest</Setting>
			<Setting Name="Type">Buff</Setting>
		</Set>
		<Set Name="63">
			<Setting Name="__Disabled">TRUE</Setting>
			<Setting Name="__SourceName">-------------------------------------------------------------------------------</Setting>
			<Setting Name="Type">Buff</Setting>
		</Set>
	</Set>
</InnerSpaceSettings>
