﻿<?xml version='1.0' encoding='UTF-8'?>
<!-- Generated by LavishSettings v2 -->
<InnerSpaceSettings>
	<Set Name="Profiles">
		<Setting Name="DefaultProfiles">Jiimbo_TSO_Warden</Setting>
		<Set Name="Jiimbo_TSO_Warden">
			<Set Name="Settings">
				<Setting Name="checkbox_settings_buffs">TRUE</Setting>
				<Setting Name="checkbox_settings_combatarts">TRUE</Setting>
				<Setting Name="checkbox_settings_namedcombatarts">TRUE</Setting>
				<Setting Name="checkbox_settings_rangedattack">FALSE</Setting>
				<Setting Name="checkbox_settings_autoattacktiming">TRUE</Setting>
				<Setting Name="checkbox_settings_meleeattack">TRUE</Setting>
				<Setting Name="checkbox_settings_ignoretargettoattackhealthcheck">TRUE</Setting>
				<Setting Name="checkbox_settings_loot">FALSE</Setting>
				<Setting Name="checkbox_settings_acceptloot">TRUE</Setting>
				<Setting Name="checkbox_settings_acceptres">TRUE</Setting>
				<Setting Name="checkbox_settings_prioritytab">TRUE</Setting>
				<Setting Name="checkbox_settings_acceptinvites">TRUE</Setting>
				<Setting Name="checkbox_settings_enablealiases">TRUE</Setting>
				<Setting Name="checkbox_settings_enableogremcp">FALSE</Setting>
				<Setting Name="checkbox_settings_enableonscreenassistant">FALSE</Setting>
				<Setting Name="checkbox_settings_enableannouncetab">TRUE</Setting>
				<Setting Name="checkbox_settings_raidoptions">TRUE</Setting>
				<Setting Name="checkbox_settings_grindoptions">TRUE</Setting>
				<Setting Name="checkbox_settings_encountersmartnukes">FALSE</Setting>
				<Setting Name="checkbox_settings_aesmartnukes">TRUE</Setting>
				<Setting Name="checkbox_settings_autotargetwhenhated">TRUE</Setting>
				<Setting Name="checkbox_settings_res">TRUE</Setting>
				<Setting Name="checkbox_settings_dopowerheals">TRUE</Setting>
				<Setting Name="checkbox_settings_assist">TRUE</Setting>
				<Setting Name="checkbox_settings_autofollow">TRUE</Setting>
				<Setting Name="checkbox_settings_chaintab">FALSE</Setting>
				<Setting Name="checkbox_settings_movetoarea">TRUE</Setting>
				<Setting Name="checkbox_settings_doho">TRUE</Setting>
				<Setting Name="checkbox_settings_facenpc">FALSE</Setting>
				<Setting Name="checkbox_settings_turnoffattack">TRUE</Setting>
				<Setting Name="checkbox_settings_movemelee">FALSE</Setting>
				<Setting Name="checkbox_settings_movebehind">FALSE</Setting>
				<Setting Name="checkbox_settings_ignoremovetoattackhealthcheck">TRUE</Setting>
				<Setting Name="checkbox_settings_cancelinvisaftercombat">FALSE</Setting>
				<Setting Name="checkbox_settings_mobpriestinfo">FALSE</Setting>
				<Setting Name="checkbox_settings_cancelabilitiestogroupcure">TRUE</Setting>
				<Setting Name="checkbox_settings_moveinfront">FALSE</Setting>
				<Setting Name="checkbox_settings_forcenamedcatab">TRUE</Setting>
				<Setting Name="checkbox_settings_disable_dbc_claim">TRUE</Setting>
				<Setting Name="checkbox_settings_enable_abilityrotate">TRUE</Setting>
				<Setting Name="checkbox_settings_enable_tag_embargo">TRUE</Setting>
				<Setting Name="checkbox_settings_enable_tag_allow">TRUE</Setting>
				<Setting Name="checkbox_settings_enable_itemrotate">TRUE</Setting>
				<Setting Name="checkbox_settings_accept_zonein_confirmation">TRUE</Setting>
				<Setting Name="checkbox_settings_acceptnochoicerewards">TRUE</Setting>
				<Setting Name="checkbox_settings_autoshare_missions">TRUE</Setting>
				<Setting Name="checkbox_settings_ability_tracker">TRUE</Setting>
				<Setting Name="checkbox_settings_consumeitems">TRUE</Setting>
				<Setting Name="checkbox_settings_dov_raid_debuff_allow_moving">TRUE</Setting>
				<Setting Name="checkbox_settings_npc_cast_monitoring">TRUE</Setting>
				<Setting Name="checkbox_settings_enable_spawnevents">TRUE</Setting>
				<Setting Name="checkbox_settings_enable_chatevents">TRUE</Setting>
				<Setting Name="checkbox_settings_enable_despawnevents">TRUE</Setting>
				<Setting Name="checkbox_settings_castwhilemoving">TRUE</Setting>
				<Setting Name="checkbox_settings_enablequestcompare">FALSE</Setting>
				<Setting Name="checkbox_settings_acceptraidreadychecks">TRUE</Setting>
				<Setting Name="checkbox_settings_donotcheckresearchonload">TRUE</Setting>
				<Setting Name="checkbox_settings_donotcheckmounttrainingonload">TRUE</Setting>
				<Setting Name="checkbox_settings_no_overseer">TRUE</Setting>
				<Setting Name="checkbox_settings_auto_use_temporary_mount_reduction">FALSE</Setting>
				<Setting Name="checkbox_settings_auto_use_temporary_research_reduction">FALSE</Setting>
				<Setting Name="checkbox_settings_globally_mute_abilityrotation">TRUE</Setting>
				<Setting Name="checkbox_settings_ho_starter">FALSE</Setting>
				<Setting Name="checkbox_settings_ho_wheel">FALSE</Setting>
				<Setting Name="checkbox_settings_ho_start">FALSE</Setting>
				<Setting Name="checkbox_settings_disablecaststack_res">FALSE</Setting>
			</Set>
			<Set Name="Setup">
				<Setting Name="textentry_setup_percenttoattack">99</Setting>
				<Setting Name="textentry_setup_moveintoattackrangehealthpercent">99</Setting>
				<Setting Name="textentry_setup_petpercenttoattack">90</Setting>
				<Setting Name="textentry_setup_powertousecas">1</Setting>
				<Setting Name="textentry_setup_healthtousecas">1</Setting>
				<Setting Name="textentry_setup_percenttousemanastone">10</Setting>
				<Setting Name="textentry_setup_percenttouseshards">10</Setting>
				<Setting Name="textentry_setup_reswaittimer">2</Setting>
				<Setting Name="checkbox_setup_broadcasttellstouplink">TRUE</Setting>
				<Setting Name="checkbox_setup_receivetellsfromuplink">TRUE</Setting>
				<Setting Name="combobox_setup_autofollowname">*Tank</Setting>
				<Setting Name="textentry_setup_moveintomeleerangemaxdistance">160</Setting>
				<Setting Name="textentry_setup_autofollowmaxdistance">150</Setting>
			</Set>
			<Set Name="Aliases">
				<Set Name="1">
					<Setting Name="__SourceName">*Tank</Setting>
					<Setting Name="For">EditMe</Setting>
				</Set>
				<Set Name="2">
					<Setting Name="__SourceName">Me</Setting>
					<Setting Name="For">EditMe</Setting>
				</Set>
				<Set Name="3">
					<Setting Name="__SourceName">*MT</Setting>
					<Setting Name="For">EditMe</Setting>
				</Set>
				<Set Name="4">
					<Setting Name="__SourceName">*MA</Setting>
					<Setting Name="For">EditMe</Setting>
				</Set>
				<Set Name="5">
					<Setting Name="__SourceName">*DPS1</Setting>
					<Setting Name="For">EditMe</Setting>
				</Set>
				<Set Name="6">
					<Setting Name="__SourceName">*DPS2</Setting>
					<Setting Name="For">EditMe</Setting>
				</Set>
			</Set>
			<Set Name="CastStack">
				<Set Name="1">
					<Setting Name="__SourceName">Reincarnation</Setting>
					<Setting Name="Target">@Group</Setting>
					<Setting Name="Type">Res</Setting>
				</Set>
				<Set Name="2">
					<Setting Name="__SourceName">Revive</Setting>
					<Setting Name="Target">@Group</Setting>
					<Setting Name="Type">Res</Setting>
				</Set>
				<Set Name="3">
					<Setting Name="__SourceName">Revive</Setting>
					<Setting Name="Target">@Raid</Setting>
					<Setting Name="Type">Res</Setting>
				</Set>
				<Set Name="4">
					<Setting Name="__SourceName">Nature's Touch</Setting>
					<Setting Name="Target">@NotSelfGroup</Setting>
					<Setting Name="Type">Res</Setting>
				</Set>
				<Set Name="5">
					<Setting Name="__SourceName">Reincarnation</Setting>
					<Setting Name="Target">@Raid</Setting>
					<Setting Name="Type">Res</Setting>
				</Set>
				<Set Name="6">
					<Setting Name="#">1</Setting>
					<Setting Name="__SourceName">Equinox</Setting>
					<Setting Name="Target">@Raid</Setting>
					<Setting Name="Type">Res</Setting>
				</Set>
				<Set Name="7">
					<Setting Name="#">1</Setting>
					<Setting Name="__SourceName">Equinox</Setting>
					<Setting Name="Target">@Group</Setting>
					<Setting Name="Type">Res</Setting>
				</Set>
				<Set Name="8">
					<Setting Name="__Disabled">TRUE</Setting>
					<Setting Name="__SourceName">-------------------------------------------------------------------------------</Setting>
					<Setting Name="Type">Buff</Setting>
				</Set>
				<Set Name="9">
					<Setting Name="%">100</Setting>
					<Setting Name="__SourceName">Healing Grove</Setting>
					<Setting Name="ATag">PreCastTag</Setting>
					<Setting Name="AType">Listen Only</Setting>
					<Setting Name="Type">Heal</Setting>
				</Set>
				<Set Name="10">
					<Setting Name="#">1</Setting>
					<Setting Name="%">100</Setting>
					<Setting Name="__SourceName">Sandstorm</Setting>
					<Setting Name="ATag">PreCastTag</Setting>
					<Setting Name="AType">Listen Only</Setting>
					<Setting Name="Target">@Group</Setting>
					<Setting Name="Type">Heal</Setting>
				</Set>
				<Set Name="11">
					<Setting Name="#">1</Setting>
					<Setting Name="%">100</Setting>
					<Setting Name="__SourceName">Ward of the Untamed</Setting>
					<Setting Name="ATag">PreCastTag</Setting>
					<Setting Name="AType">Listen Only</Setting>
					<Setting Name="Target">@Tank</Setting>
					<Setting Name="Type">Heal</Setting>
				</Set>
				<Set Name="12">
					<Setting Name="%">100</Setting>
					<Setting Name="__SourceName">Nature's Embrace</Setting>
					<Setting Name="ATag">PreCastTag</Setting>
					<Setting Name="AType">Listen Only</Setting>
					<Setting Name="Target">@Tank</Setting>
					<Setting Name="Type">Heal</Setting>
				</Set>
				<Set Name="13">
					<Setting Name="#">1</Setting>
					<Setting Name="%">100</Setting>
					<Setting Name="__SourceName">Healstorm</Setting>
					<Setting Name="ATag">PreCastTag</Setting>
					<Setting Name="AType">Listen Only</Setting>
					<Setting Name="Target">@Group</Setting>
					<Setting Name="Type">Heal</Setting>
				</Set>
				<Set Name="14">
					<Setting Name="%">100</Setting>
					<Setting Name="__SourceName">Photosynthesis</Setting>
					<Setting Name="ATag">PreCastTag</Setting>
					<Setting Name="AType">Listen Only</Setting>
					<Setting Name="Target">@Tank</Setting>
					<Setting Name="Type">Heal</Setting>
				</Set>
				<Set Name="15">
					<Setting Name="__Disabled">TRUE</Setting>
					<Setting Name="__SourceName">-------------------------------------------------------------------------------</Setting>
					<Setting Name="Type">Buff</Setting>
				</Set>
				<Set Name="16">
					<Setting Name="#">1</Setting>
					<Setting Name="%">10</Setting>
					<Setting Name="__SourceName">Tunare's Watch</Setting>
					<Setting Name="ETag">DS-Embargo</Setting>
					<Setting Name="EType">Listen Only</Setting>
					<Setting Name="ID">TRUE</Setting>
					<Setting Name="Target">@Tank</Setting>
					<Setting Name="Type">Heal</Setting>
				</Set>
				<Set Name="17">
					<Setting Name="%">20</Setting>
					<Setting Name="__SourceName">Nature's Renewal</Setting>
					<Setting Name="ETag">DS-Embargo</Setting>
					<Setting Name="EType">Trigger Only</Setting>
					<Setting Name="ID">TRUE</Setting>
					<Setting Name="Target">@Tank</Setting>
					<Setting Name="Type">Heal</Setting>
				</Set>
				<Set Name="18">
					<Setting Name="%">95</Setting>
					<Setting Name="__SourceName">Photosynthesis</Setting>
					<Setting Name="ID">TRUE</Setting>
					<Setting Name="Target">@Group</Setting>
					<Setting Name="Type">Heal</Setting>
				</Set>
				<Set Name="19">
					<Setting Name="__Disabled">TRUE</Setting>
					<Setting Name="__SourceName">-------------------------------------------------------------------------------</Setting>
					<Setting Name="Type">Buff</Setting>
				</Set>
				<Set Name="20">
					<Setting Name="__SourceName">Cure Curse</Setting>
					<Setting Name="Target">@Group</Setting>
					<Setting Name="Type">CureCurse</Setting>
				</Set>
				<Set Name="21">
					<Setting Name="__SourceName">Cure Curse</Setting>
					<Setting Name="Target">@Raid</Setting>
					<Setting Name="Type">CureCurse</Setting>
				</Set>
				<Set Name="22">
					<Setting Name="#">1</Setting>
					<Setting Name="__SourceName">Shatter Infections</Setting>
					<Setting Name="Type">Cure</Setting>
				</Set>
				<Set Name="23">
					<Setting Name="#">2</Setting>
					<Setting Name="__SourceName">Verdant Whisper</Setting>
					<Setting Name="Type">Cure</Setting>
				</Set>
				<Set Name="24">
					<Setting Name="__SourceName">Tranquility</Setting>
					<Setting Name="Target">@Group</Setting>
					<Setting Name="Type">Cure</Setting>
				</Set>
				<Set Name="25">
					<Setting Name="__SourceName">Cure</Setting>
					<Setting Name="Target">@Group</Setting>
					<Setting Name="Type">Cure</Setting>
				</Set>
				<Set Name="26">
					<Setting Name="__SourceName">Cure</Setting>
					<Setting Name="Target">@Raid</Setting>
					<Setting Name="Type">Cure</Setting>
				</Set>
				<Set Name="27">
					<Setting Name="__Disabled">TRUE</Setting>
					<Setting Name="__SourceName">-------------------------------------------------------------------------------</Setting>
					<Setting Name="Type">Buff</Setting>
				</Set>
				<Set Name="28">
					<Setting Name="#">2</Setting>
					<Setting Name="%">45</Setting>
					<Setting Name="__SourceName">Sylvan Embrace</Setting>
					<Setting Name="ID">TRUE</Setting>
					<Setting Name="Tag">oh shit</Setting>
					<Setting Name="Target">@Group</Setting>
					<Setting Name="Type">Heal</Setting>
				</Set>
				<Set Name="29">
					<Setting Name="%">35</Setting>
					<Setting Name="__SourceName">Sylvan Touch</Setting>
					<Setting Name="ID">TRUE</Setting>
					<Setting Name="Tag">oh shit</Setting>
					<Setting Name="Target">@Tank</Setting>
					<Setting Name="Type">Heal</Setting>
				</Set>
				<Set Name="30">
					<Setting Name="%">85</Setting>
					<Setting Name="__SourceName">Hierophantic Genesis</Setting>
					<Setting Name="ID">TRUE</Setting>
					<Setting Name="Target">@Group</Setting>
					<Setting Name="Type">Heal</Setting>
				</Set>
				<Set Name="31">
					<Setting Name="__SourceName">Sandstorm</Setting>
					<Setting Name="ID">TRUE</Setting>
					<Setting Name="Target">@Group</Setting>
					<Setting Name="Type">Combat</Setting>
				</Set>
				<Set Name="32">
					<Setting Name="__Disabled">TRUE</Setting>
					<Setting Name="__SourceName">-------------------------------------------------------------------------------</Setting>
					<Setting Name="Type">Buff</Setting>
				</Set>
				<Set Name="33">
					<Setting Name="__SourceName">Faerie Ally</Setting>
					<Setting Name="ID">TRUE</Setting>
					<Setting Name="Target">@Tank</Setting>
					<Setting Name="Type">Combat</Setting>
				</Set>
				<Set Name="34">
					<Setting Name="__SourceName">Healstorm</Setting>
					<Setting Name="ID">TRUE</Setting>
					<Setting Name="Target">@Me</Setting>
					<Setting Name="Type">Combat</Setting>
				</Set>
				<Set Name="35">
					<Setting Name="__SourceName">Winds of Healing</Setting>
					<Setting Name="ID">TRUE</Setting>
					<Setting Name="Target">@Group</Setting>
					<Setting Name="Type">Combat</Setting>
				</Set>
				<Set Name="36">
					<Setting Name="__SourceName">Hierophantic Genesis</Setting>
					<Setting Name="ID">TRUE</Setting>
					<Setting Name="Target">@Tank</Setting>
					<Setting Name="Type">Combat</Setting>
				</Set>
				<Set Name="37">
					<Setting Name="__SourceName">Nature's Embrace</Setting>
					<Setting Name="ID">TRUE</Setting>
					<Setting Name="Target">@Tank</Setting>
					<Setting Name="Type">Combat</Setting>
				</Set>
				<Set Name="38">
					<Setting Name="__SourceName">Sylvan Bloom</Setting>
					<Setting Name="Target">@Tank</Setting>
					<Setting Name="Type">Combat</Setting>
				</Set>
				<Set Name="39">
					<Setting Name="__SourceName">Ward of the Untamed</Setting>
					<Setting Name="Target">@Group</Setting>
					<Setting Name="Type">Combat</Setting>
				</Set>
				<Set Name="40">
					<Setting Name="__SourceName">Healing Grove</Setting>
					<Setting Name="Target">@Tank</Setting>
					<Setting Name="Type">Combat</Setting>
				</Set>
				<Set Name="41">
					<Setting Name="__Disabled">TRUE</Setting>
					<Setting Name="__SourceName">-------------------------------------------------------------------------------</Setting>
					<Setting Name="Type">Buff</Setting>
				</Set>
				<Set Name="42">
					<Setting Name="#">2</Setting>
					<Setting Name="__SourceName">Winds of Permafrost</Setting>
					<Setting Name="ID">TRUE</Setting>
					<Setting Name="Type">CA</Setting>
				</Set>
				<Set Name="43">
					<Setting Name="__SourceName">Frostbite Slice</Setting>
					<Setting Name="ID">TRUE</Setting>
					<Setting Name="Type">NamedCA</Setting>
				</Set>
				<Set Name="44">
					<Setting Name="__SourceName">Icefall</Setting>
					<Setting Name="Type">CA</Setting>
				</Set>
				<Set Name="45">
					<Setting Name="__SourceName">Nature's Pack</Setting>
					<Setting Name="ID">TRUE</Setting>
					<Setting Name="Type">CA</Setting>
				</Set>
				<Set Name="46">
					<Setting Name="__SourceName">Thunderspike</Setting>
					<Setting Name="Type">CA</Setting>
				</Set>
				<Set Name="47">
					<Setting Name="__SourceName">Dawnstrike</Setting>
					<Setting Name="Type">CA</Setting>
				</Set>
				<Set Name="48">
					<Setting Name="__Disabled">TRUE</Setting>
					<Setting Name="__SourceName">-------------------------------------------------------------------------------</Setting>
					<Setting Name="Type">Buff</Setting>
				</Set>
				<Set Name="49">
					<Setting Name="__SourceName">Armor of Seasons</Setting>
					<Setting Name="Type">Buff</Setting>
				</Set>
				<Set Name="50">
					<Setting Name="__SourceName">Aspect of the Forest</Setting>
					<Setting Name="Target">@Me</Setting>
					<Setting Name="Type">Buff</Setting>
				</Set>
				<Set Name="51">
					<Setting Name="__SourceName">Aspect of the Forest</Setting>
					<Setting Name="Target">@Tank</Setting>
					<Setting Name="Type">Buff</Setting>
				</Set>
				<Set Name="52">
					<Setting Name="__SourceName">Essence of the Great Bear</Setting>
					<Setting Name="Type">Buff</Setting>
				</Set>
				<Set Name="53">
					<Setting Name="__SourceName">Glacial Assault</Setting>
					<Setting Name="Type">Buff</Setting>
					<Setting Name="Tag">Off.Stance</Setting>
				</Set>
				<Set Name="54">
					<Setting Name="__SourceName">Guild Buff</Setting>
					<Setting Name="Type">Buff</Setting>
				</Set>
				<Set Name="55">
					<Setting Name="__SourceName">Favor of the Wild</Setting>
					<Setting Name="Type">Buff</Setting>
				</Set>
				<Set Name="56">
					<Setting Name="__SourceName">Instinct</Setting>
					<Setting Name="Target">@Tank</Setting>
					<Setting Name="Type">Buff</Setting>
				</Set>
				<Set Name="57">
					<Setting Name="__SourceName">Infusion</Setting>
					<Setting Name="Type">Buff</Setting>
				</Set>
				<Set Name="58">
					<Setting Name="__SourceName">Nature Walk</Setting>
					<Setting Name="Type">Buff</Setting>
				</Set>
				<Set Name="59">
					<Setting Name="__SourceName">Regenerating Spores</Setting>
					<Setting Name="Target">@Tank</Setting>
					<Setting Name="Type">Buff</Setting>
				</Set>
				<Set Name="60">
					<Setting Name="__SourceName">Shapeshift: Treant</Setting>
					<Setting Name="Type">Buff</Setting>
				</Set>
				<Set Name="61">
					<Setting Name="__SourceName">Spirit of the Bat</Setting>
					<Setting Name="Target">@Me</Setting>
					<Setting Name="Type">Buff</Setting>
				</Set>
				<Set Name="62">
					<Setting Name="__SourceName">Spirit of the Bat</Setting>
					<Setting Name="Target">@Tank</Setting>
					<Setting Name="Type">Buff</Setting>
				</Set>
				<Set Name="63">
					<Setting Name="__SourceName">Summon: Friend of Growth</Setting>
					<Setting Name="Type">NonCombatBuff</Setting>
				</Set>
				<Set Name="64">
					<Setting Name="__SourceName">Thorncoat</Setting>
					<Setting Name="Target">@Tank</Setting>
					<Setting Name="Type">Buff</Setting>
				</Set>
				<Set Name="65">
					<Setting Name="__SourceName">Warden of the Forest</Setting>
					<Setting Name="Type">Buff</Setting>
				</Set>
				<Set Name="66">
					<Setting Name="__Disabled">TRUE</Setting>
					<Setting Name="__SourceName">-------------------------------------------------------------------------------</Setting>
					<Setting Name="Type">Buff</Setting>
				</Set>
			</Set>
			<Set Name="Assist">
				<Set Name="1">
					<Setting Name="__SourceName">*MA</Setting>
				</Set>
			</Set>
			<Set Name="Loot">
				<Setting Name="checkbox_loot_ffaaccept">TRUE</Setting>
				<Setting Name="checkbox_loot_confirmnotrade">TRUE</Setting>
				<Setting Name="checkbox_loot_lottoaccept">TRUE</Setting>
				<Setting Name="checkbox_loot_nbggreed">FALSE</Setting>
				<Setting Name="checkbox_loot_lottodecline">FALSE</Setting>
				<Setting Name="checkbox_loot_nbgdecline">FALSE</Setting>
				<Setting Name="checkbox_loot_nbgaccept">TRUE</Setting>
				<Setting Name="checkbox_loot_unpackdraconicphylactery">TRUE</Setting>
				<Setting Name="checkbox_loot_unpackwarrunes">TRUE</Setting>
			</Set>
			<Set Name="OSA">
				<Setting Name="slider_osa_radius">53</Setting>
				<Setting Name="textentry_osa_radius">53</Setting>
				<Setting Name="checkbox_osa_targetsonly">TRUE</Setting>
			</Set>
			<Set Name="Announce">
				<Set Name="1">
					<Setting Name="__SourceName">Cure Curse</Setting>
					<Setting Name="Target">Group</Setting>
					<Setting Name="Txt">Cure Curse on *Target*</Setting>
				</Set>
				<Set Name="2">
					<Setting Name="__SourceName">Divine Despair</Setting>
					<Setting Name="Target">Raid</Setting>
					<Setting Name="Txt">Casting Divine Despair</Setting>
				</Set>
				<Set Name="3">
					<Setting Name="__SourceName">Tortoise Shell</Setting>
					<Setting Name="Target">Group</Setting>
					<Setting Name="Txt">Shell up!!! 30 sec aoe avoid</Setting>
				</Set>
				<Set Name="4">
					<Setting Name="__SourceName">Cyclone</Setting>
					<Setting Name="Target">Group</Setting>
					<Setting Name="Txt">All Cures for 8 sec</Setting>
				</Set>
				<Set Name="5">
					<Setting Name="__SourceName">Infuriating Thorns</Setting>
					<Setting Name="Target">Tell To Target</Setting>
					<Setting Name="Txt">5 hits of stoneskin</Setting>
				</Set>
				<Set Name="6">
					<Setting Name="__SourceName">Shatter Infections</Setting>
					<Setting Name="Target">Group</Setting>
					<Setting Name="Txt">Curing for 8 sec</Setting>
				</Set>
				<Set Name="7">
					<Setting Name="__SourceName">Tunare's Grace</Setting>
					<Setting Name="Target">Group</Setting>
					<Setting Name="Txt">Group Cure</Setting>
				</Set>
				<Set Name="8">
					<Setting Name="__SourceName">Verdant Whisper</Setting>
					<Setting Name="Target">Group</Setting>
					<Setting Name="Txt">Group Cure</Setting>
				</Set>
			</Set>
			<Set Name="AutoHunt">
				<Setting Name="checkbox_autohunt_autohunt">FALSE</Setting>
				<Setting Name="checkbox_autohunt_looppath">FALSE</Setting>
				<Setting Name="checkbox_autohunt_pullspell1">FALSE</Setting>
				<Setting Name="combobox_autohunt_pullspell1">Whirl of Permafrost</Setting>
				<Setting Name="checkbox_autohunt_checkaggro">FALSE</Setting>
				<Setting Name="checkbox_autohunt_checkdead">FALSE</Setting>
				<Setting Name="checkbox_autohunt_ignoregray">FALSE</Setting>
				<Setting Name="checkbox_autohunt_ignorered">FALSE</Setting>
				<Setting Name="checkbox_autohunt_pullspell2">FALSE</Setting>
				<Setting Name="combobox_autohunt_pullspell2">Wrath</Setting>
			</Set>
			<Set Name="Other">
				<Setting Name="combobox_other_curabledisable">Serenity</Setting>
				<Setting Name="checkbox_other_curabledisable">TRUE</Setting>
				<Setting Name="checkbox_other_rezanyone">TRUE</Setting>
				<Setting Name="checkbox_other_donotcancelgroupcures">TRUE</Setting>
				<Setting Name="checkbox_other_donotcancelcurecurse">TRUE</Setting>
				<Setting Name="checkbox_other_requestconfrontfearviauplink">TRUE</Setting>
				<Setting Name="checkbox_other_requestconfrontfearviagroup">TRUE</Setting>
				<Setting Name="textentry_other_requestconfrontfearviagroup">Need Confront Fear</Setting>
			</Set>
			<Set Name="AutoTarget">
				<Setting Name="checkbox_autotarget_enabled">FALSE</Setting>
				<Setting Name="slider_autotarget_scanradius">30</Setting>
				<Setting Name="slider_autotarget_scanheight">5</Setting>
				<Setting Name="slider_autotarget_rescantime">1</Setting>
			</Set>
			<Set Name="Load">
				<Setting Name="checkbox_load_radaron">FALSE</Setting>
				<Setting Name="checkbox_load_radaroff">TRUE</Setting>
			</Set>
			<Set Name="OgreConsole">
				<Setting Name="checkbox_ogreconsole_hideonload">TRUE</Setting>
			</Set>
			<Set Name="Items">
				<Set Name="1">
					<Setting Name="__SourceName">Arcane Remedy</Setting>
				</Set>
				<Set Name="2">
					<Setting Name="__SourceName">Call of the Tinkerer</Setting>
				</Set>
				<Set Name="3">
					<Setting Name="__SourceName">Call of the Veteran</Setting>
				</Set>
				<Set Name="4">
					<Setting Name="__SourceName">Compact Sumac Harvesting Kit</Setting>
				</Set>
				<Set Name="5">
					<Setting Name="__SourceName">Defibrillating Heart Stopper</Setting>
				</Set>
				<Set Name="6">
					<Setting Name="__SourceName">Elemental Remedy</Setting>
				</Set>
				<Set Name="7">
					<Setting Name="__SourceName">Manastone</Setting>
				</Set>
				<Set Name="8">
					<Setting Name="__SourceName">Mechanized Platinum Repository of Reconstruction</Setting>
				</Set>
				<Set Name="9">
					<Setting Name="__SourceName">Mighty Elixir of Piety</Setting>
				</Set>
				<Set Name="10">
					<Setting Name="__SourceName">Mystic Moppet Billy</Setting>
				</Set>
				<Set Name="11">
					<Setting Name="__SourceName">Overclocked Automated Pickaxe</Setting>
				</Set>
				<Set Name="12">
					<Setting Name="__SourceName">Overclocked Automated Shears</Setting>
				</Set>
				<Set Name="13">
					<Setting Name="__SourceName">Overclocked Automated Watersafe Net</Setting>
				</Set>
				<Set Name="14">
					<Setting Name="__SourceName">Overclocked Manastone</Setting>
				</Set>
				<Set Name="15">
					<Setting Name="__SourceName">Relic of Clear Voice</Setting>
				</Set>
				<Set Name="16">
					<Setting Name="__SourceName">Robust Essence of Power</Setting>
				</Set>
				<Set Name="17">
					<Setting Name="__SourceName">Savant's Freedom of Action</Setting>
				</Set>
				<Set Name="18">
					<Setting Name="__SourceName">Savant's Freedom of Mind</Setting>
				</Set>
				<Set Name="19">
					<Setting Name="__SourceName">Scepter of Provocation</Setting>
				</Set>
				<Set Name="20">
					<Setting Name="__SourceName">Sebilisian Staff of Sounding</Setting>
				</Set>
				<Set Name="21">
					<Setting Name="__SourceName">Totem of the Deadly Sabertooth</Setting>
				</Set>
				<Set Name="22">
					<Setting Name="__SourceName">Trauma Remedy</Setting>
				</Set>
			</Set>
			<Set Name="Overseer">
				<Setting Name="checkbox_overseer_threaded">TRUE</Setting>
			</Set>
			<Set Name="Tags_AddNew">
				<Set Name="1">
					<Setting Name="__SourceName">PreCastTag</Setting>
				</Set>
				<Set Name="2">
					<Setting Name="__SourceName">DS-Embargo</Setting>
				</Set>
			</Set>
			<Set Name="Tags">
				<Set Name="1">
					<Setting Name="__SourceName">PreCastTag</Setting>
					<Setting Name="Dur">16</Setting>
					<Setting Name="I">TRUE</Setting>
					<Setting Name="IRC">TRUE</Setting>
				</Set>
				<Set Name="2">
					<Setting Name="__SourceName">DS-Embargo</Setting>
					<Setting Name="Dur">10</Setting>
					<Setting Name="M">TRUE</Setting>
					<Setting Name="Me">TRUE</Setting>
				</Set>
			</Set>
			<Set Name="AbilityTracker">
				<Set Name="1">
					<Setting Name="__SourceName">Cure Curse</Setting>
				</Set>
				<Set Name="2">
					<Setting Name="__SourceName">Nature's Renewal</Setting>
				</Set>
				<Set Name="3">
					<Setting Name="__SourceName">Tunare's Watch</Setting>
				</Set>
				<Set Name="4">
					<Setting Name="__SourceName">Sylvan Embrace</Setting>
				</Set>
				<Set Name="5">
					<Setting Name="__SourceName">Sylvan Touch</Setting>
				</Set>
				<Set Name="6">
					<Setting Name="__SourceName">Tortoise Shell</Setting>
				</Set>
				<Set Name="7">
					<Setting Name="__SourceName">Reincarnation</Setting>
				</Set>
				<Set Name="8">
					<Setting Name="__SourceName">Revive</Setting>
				</Set>
				<Set Name="9">
					<Setting Name="__SourceName">Nature's Touch</Setting>
				</Set>
				<Set Name="10">
					<Setting Name="__SourceName">Equinox</Setting>
				</Set>
				<Set Name="11">
					<Setting Name="__SourceName">Sandstorm</Setting>
				</Set>
				<Set Name="12">
					<Setting Name="__SourceName">Faerie Ally</Setting>
				</Set>
			</Set>
		</Set>
	</Set>
</InnerSpaceSettings>
